# SYNTHETIC DEMO DATA - randomly generated, NOT from the real Kaggle dataset.
# Generated by scripts/generate_synthetic_data.py (fixed seed=42). See that file's
# header for details and calibration notes.
SK_ID_CURR,TARGET,NAME_CONTRACT_TYPE,CODE_GENDER,CNT_CHILDREN,AMT_INCOME_TOTAL,AMT_CREDIT,AMT_ANNUITY,NAME_EDUCATION_TYPE,NAME_FAMILY_STATUS,OCCUPATION_TYPE,DAYS_BIRTH,DAYS_EMPLOYED,BUREAU_COUNT,BUREAU_ACTIVE_COUNT,BUREAU_DEBT_SUM_SUM,HAS_BUREAU_HISTORY,PREV_APP_COUNT,PREV_APP_APPROVAL_RATE,PREV_APP_REFUSED_COUNT,HAS_PREV_APPLICATION,INSTALL_LATE_COUNT
900001,0,Cash loans,M,0,199700.0,1176000.0,45878.8,Secondary / secondary special,Separated,Laborers,-16741,-3413,3,0,88500.0,True,3,0.802,1,True,1
900002,0,Cash loans,F,1,70700.0,286800.0,7218.5,Higher education,Married,,-13860,-2739,3,1,127400.0,True,3,0.52,1,True,0
900003,0,Cash loans,F,0,153800.0,595500.0,55185.7,Higher education,Married,Laborers,-8979,-1081,0,0,0.0,False,3,0.6,2,True,2
900004,1,Cash loans,M,0,95800.0,435000.0,17144.2,Secondary / secondary special,Civil marriage,Security staff,-25026,-237,1,1,334100.0,True,3,0.671,1,True,3
900005,0,Cash loans,F,0,76500.0,190400.0,5939.5,Secondary / secondary special,Civil marriage,Sales staff,-10727,-124,2,0,76700.0,True,4,0.705,2,True,0
900006,0,Cash loans,F,1,76700.0,249200.0,18641.6,Secondary / secondary special,Single / not married,,-12138,-1540,0,0,0.0,False,2,0.631,0,True,1
900007,0,Cash loans,F,0,211100.0,1102800.0,105541.6,Secondary / secondary special,Married,Core staff,-11798,-1529,3,1,97700.0,True,2,0.423,0,True,0
900008,0,Cash loans,M,0,524900.0,1046700.0,36782.6,Secondary / secondary special,Married,Laborers,-23572,-1607,4,0,2156100.0,True,4,0.61,0,True,2
900009,0,Cash loans,M,0,93600.0,333800.0,16573.3,Secondary / secondary special,Married,,-21044,-3846,4,2,560200.0,True,2,0.674,1,True,0
900010,0,Cash loans,M,1,155900.0,455300.0,18618.5,Secondary / secondary special,Married,Cleaning staff,-15677,-2897,7,3,141600.0,True,3,0.783,0,True,2
900011,0,Cash loans,M,1,163500.0,673800.0,23502.7,Incomplete higher,Married,,-24404,-608,6,3,161700.0,True,1,0.924,0,True,0
900012,0,Revolving loans,M,1,107400.0,252600.0,11702.4,Secondary / secondary special,Civil marriage,Laborers,-8589,-2019,0,0,0.0,False,2,0.875,0,True,0
900013,0,Cash loans,F,1,283000.0,1606400.0,97733.4,Secondary / secondary special,Married,Core staff,-23322,-2233,6,4,214700.0,True,0,0.0,0,False,1
900014,0,Cash loans,F,1,419900.0,2125800.0,123899.6,Secondary / secondary special,Married,Sales staff,-8723,-1192,5,1,290200.0,True,4,0.926,1,True,0
900015,1,Cash loans,M,1,103800.0,193700.0,12399.8,Secondary / secondary special,Married,,-14517,-1193,3,1,1534800.0,True,1,0.522,0,True,2
900016,0,Cash loans,M,0,333200.0,988400.0,31397.9,Secondary / secondary special,Civil marriage,Core staff,-8611,-1237,7,3,188200.0,True,6,0.496,1,True,0
900017,0,Cash loans,F,1,106500.0,180500.0,12866.4,Secondary / secondary special,Married,Managers,-25166,-8,4,1,14900.0,True,4,0.844,2,True,0
900018,0,Cash loans,F,0,86200.0,177100.0,4521.8,Secondary / secondary special,Married,High skill tech staff,-23685,-2779,3,1,181400.0,True,2,0.73,0,True,0
900019,0,Cash loans,F,1,130600.0,444900.0,43861.1,Secondary / secondary special,Single / not married,,-17910,-4602,2,1,544900.0,True,1,0.308,0,True,0
900020,0,Cash loans,F,0,216200.0,644800.0,33744.5,Secondary / secondary special,Married,,-11481,-649,5,0,212000.0,True,3,0.775,0,True,0
900021,0,Cash loans,F,0,132900.0,510700.0,14985.0,Academic degree,Single / not married,Cooking staff,-12514,-4352,5,3,42000.0,True,4,0.455,0,True,0
900022,0,Cash loans,M,1,202500.0,568800.0,44777.2,Secondary / secondary special,Married,Managers,-15540,-1265,2,1,136600.0,True,4,0.665,0,True,1
900023,0,Cash loans,M,0,156800.0,469600.0,16990.3,Secondary / secondary special,Single / not married,Laborers,-13320,-6750,0,0,0.0,False,3,0.715,0,True,0
900024,0,Revolving loans,F,0,275400.0,1600600.0,85506.1,Secondary / secondary special,Married,Managers,-8038,-1434,0,0,0.0,False,0,0.0,0,False,2
900025,0,Cash loans,M,1,182500.0,992300.0,25467.9,Secondary / secondary special,Married,,-19162,-8852,5,1,22600.0,True,1,0.496,0,True,1
900026,0,Cash loans,F,0,300900.0,469500.0,28335.3,Secondary / secondary special,Married,Cleaning staff,-18412,-4045,3,1,59700.0,True,0,0.0,0,False,1
900027,0,Cash loans,F,2,91200.0,384000.0,31659.5,Secondary / secondary special,Separated,Core staff,-23508,-353,2,0,529400.0,True,6,0.805,1,True,1
900028,0,Cash loans,M,2,126500.0,270700.0,9527.6,Secondary / secondary special,Married,Accountants,-16019,-1320,4,0,15800.0,True,3,0.7,1,True,0
900029,0,Cash loans,M,0,139900.0,706800.0,33212.4,Secondary / secondary special,Civil marriage,Sales staff,-13704,-2239,3,2,171300.0,True,4,0.345,0,True,2
900030,0,Cash loans,M,0,91400.0,480900.0,12956.4,Secondary / secondary special,Married,Drivers,-16626,-6473,2,1,258900.0,True,0,0.0,0,False,1
900031,0,Cash loans,F,1,84600.0,378300.0,10101.6,Lower secondary,Civil marriage,Laborers,-11076,-866,3,0,150300.0,True,3,0.577,0,True,0
900032,0,Cash loans,F,0,169500.0,767700.0,22678.4,Secondary / secondary special,Married,,-18624,-1307,0,0,0.0,False,3,0.896,0,True,1
900033,0,Cash loans,M,2,195200.0,1040700.0,75089.7,Secondary / secondary special,Married,Laborers,-21155,-2720,6,2,173200.0,True,3,0.699,0,True,0
900034,0,Cash loans,M,2,148100.0,290000.0,9750.5,Secondary / secondary special,Single / not married,Medicine staff,-10353,-136,6,2,45200.0,True,1,0.967,0,True,0
900035,1,Cash loans,F,1,237700.0,1113500.0,87225.6,Higher education,Married,Managers,-13243,-4819,4,0,176100.0,True,4,0.621,0,True,3
900036,0,Cash loans,F,1,80600.0,164400.0,15282.7,Secondary / secondary special,Separated,Laborers,-22868,-1563,4,1,56300.0,True,3,0.799,0,True,0
900037,0,Cash loans,F,2,115100.0,194600.0,12227.0,Secondary / secondary special,Separated,,-16521,-179,1,0,216100.0,True,1,0.793,1,True,1
900038,0,Cash loans,F,1,77600.0,339400.0,13667.0,Secondary / secondary special,Married,Core staff,-16982,-531,6,4,142000.0,True,4,0.755,1,True,0
900039,0,Cash loans,F,0,150100.0,408900.0,17375.7,Secondary / secondary special,Separated,Core staff,-20321,-6040,5,1,37400.0,True,4,0.884,1,True,0
900040,0,Cash loans,F,0,178700.0,304900.0,9161.6,Secondary / secondary special,Married,Sales staff,-17789,-652,2,0,275400.0,True,3,0.803,0,True,0
900041,0,Cash loans,F,0,273800.0,488500.0,19006.1,Secondary / secondary special,Single / not married,Managers,-8884,-2148,6,2,127600.0,True,3,0.806,1,True,1
900042,0,Cash loans,M,1,77700.0,459100.0,25609.8,Secondary / secondary special,Civil marriage,,-21750,-596,3,0,212800.0,True,2,0.718,0,True,1
900043,0,Cash loans,F,0,168700.0,422400.0,29764.5,Secondary / secondary special,Married,Sales staff,-23833,-2168,4,1,186100.0,True,2,0.63,0,True,0
900044,0,Cash loans,F,0,287100.0,957600.0,35347.1,Incomplete higher,Married,,-8598,-1202,6,4,451500.0,True,0,0.0,0,False,0
900045,0,Cash loans,F,0,84800.0,228900.0,7568.1,Secondary / secondary special,Single / not married,,-9789,-1661,6,4,282400.0,True,3,0.852,1,True,2
900046,0,Cash loans,M,0,75500.0,431000.0,26300.3,Secondary / secondary special,Married,Laborers,-19963,-3989,7,1,234000.0,True,2,0.659,0,True,0
900047,0,Cash loans,F,2,67000.0,122800.0,4241.1,Secondary / secondary special,Married,Drivers,-18255,-5871,4,1,18500.0,True,2,0.603,0,True,0
900048,0,Cash loans,M,1,191300.0,754600.0,21074.5,Higher education,Single / not married,,-14366,-850,4,3,92700.0,True,3,0.793,0,True,1
900049,0,Cash loans,F,0,97400.0,355500.0,20589.7,Higher education,Married,,-17112,-97,5,2,8200.0,True,4,0.767,0,True,0
900050,0,Revolving loans,F,0,177800.0,820500.0,23725.5,Secondary / secondary special,Married,Sales staff,-19987,-3728,4,1,28800.0,True,1,0.683,1,True,0
900051,0,Cash loans,M,1,125700.0,696700.0,18090.8,Secondary / secondary special,Widow,Laborers,-16503,-7000,3,0,473100.0,True,0,0.0,0,False,1
900052,0,Cash loans,F,0,344500.0,517400.0,13581.9,Secondary / secondary special,Single / not married,High skill tech staff,-10121,-1957,4,2,78900.0,True,1,0.746,0,True,0
900053,0,Cash loans,F,0,207600.0,326900.0,22963.3,Secondary / secondary special,Single / not married,Drivers,-9231,-959,4,1,460900.0,True,3,0.791,0,True,0
900054,0,Cash loans,M,0,93700.0,299600.0,26124.3,Secondary / secondary special,Married,Core staff,-15353,-2962,5,2,55100.0,True,2,0.494,1,True,0
900055,0,Revolving loans,F,0,120400.0,398200.0,12523.1,Secondary / secondary special,Widow,,-23833,-2363,2,2,112300.0,True,3,0.661,0,True,0
900056,0,Cash loans,F,0,207600.0,1143300.0,53272.5,Higher education,Married,,-17437,-316,4,2,153900.0,True,3,0.801,2,True,1
900057,0,Cash loans,M,1,82000.0,225900.0,14733.9,Secondary / secondary special,Married,Laborers,-13941,-1013,8,4,716600.0,True,5,0.692,0,True,0
900058,0,Cash loans,F,0,252800.0,1344300.0,57418.7,Secondary / secondary special,Married,Core staff,-23585,-2407,4,2,394100.0,True,0,0.0,0,False,0
900059,0,Cash loans,F,0,123500.0,234900.0,8938.2,Secondary / secondary special,Single / not married,,-14473,-3151,2,1,75800.0,True,2,0.356,0,True,1
900060,0,Cash loans,M,0,209800.0,387800.0,26109.1,Secondary / secondary special,Married,High skill tech staff,-16585,-3763,2,2,76400.0,True,3,0.787,0,True,0
900061,0,Cash loans,M,1,126900.0,615900.0,55309.1,Secondary / secondary special,Married,Low-skill Laborers,-9706,-1063,3,3,162000.0,True,0,0.0,0,False,0
900062,0,Cash loans,F,0,107700.0,531200.0,15878.5,Secondary / secondary special,Married,Managers,-20584,-3367,7,2,1823100.0,True,4,0.77,1,True,0
900063,0,Cash loans,F,2,99300.0,191200.0,8073.3,Secondary / secondary special,Single / not married,Laborers,-19934,-3281,4,4,144800.0,True,2,0.893,0,True,2
900064,0,Cash loans,M,0,332900.0,1987000.0,114648.3,Secondary / secondary special,Married,Drivers,-21580,-167,1,1,54000.0,True,1,0.599,1,True,1
900065,0,Cash loans,M,1,120800.0,224900.0,5818.0,Secondary / secondary special,Single / not married,,-13362,-24,4,1,57000.0,True,1,0.481,0,True,0
900066,0,Revolving loans,F,1,653200.0,3578800.0,109204.1,Incomplete higher,Married,Cleaning staff,-15304,-1238,2,1,109500.0,True,2,0.577,0,True,0
900067,0,Cash loans,F,1,151000.0,358300.0,16227.7,Higher education,Married,Laborers,-10614,-2475,5,0,190400.0,True,3,0.92,0,True,0
900068,0,Cash loans,F,0,91500.0,146300.0,8044.9,Secondary / secondary special,Married,Managers,-24563,-900,3,0,49600.0,True,6,0.883,0,True,0
900069,0,Cash loans,F,1,63400.0,339000.0,10634.9,Secondary / secondary special,Widow,,-9173,-1297,5,1,381800.0,True,0,0.0,0,False,0
900070,0,Cash loans,M,0,259300.0,604000.0,19035.3,Secondary / secondary special,Single / not married,Core staff,-19035,-1472,7,2,65400.0,True,4,0.63,0,True,0
900071,0,Cash loans,M,0,127100.0,493500.0,13513.2,Secondary / secondary special,Married,,-20021,-96,3,2,561200.0,True,4,0.624,0,True,0
900072,0,Revolving loans,F,1,211200.0,1102600.0,106081.0,Secondary / secondary special,Married,,-10428,-2367,3,1,179100.0,True,2,0.793,1,True,1
900073,0,Cash loans,M,0,447100.0,981900.0,33989.3,Higher education,Married,Laborers,-14065,-1446,2,1,93400.0,True,4,0.941,1,True,2
900074,0,Cash loans,M,0,195600.0,945700.0,51250.7,Higher education,Married,,-8420,-471,4,3,6100.0,True,3,0.682,0,True,0
900075,0,Cash loans,M,0,165700.0,644900.0,16435.4,Secondary / secondary special,Single / not married,,-17416,-1052,7,3,91400.0,True,3,0.921,1,True,0
900076,0,Cash loans,M,1,258500.0,685400.0,63790.0,Secondary / secondary special,Married,Medicine staff,-25096,-13343,8,5,137800.0,True,1,0.647,0,True,0
900077,1,Cash loans,F,0,209300.0,353100.0,14340.1,Secondary / secondary special,Separated,,-15196,-6139,7,2,144800.0,True,3,0.717,0,True,1
900078,0,Cash loans,M,1,74500.0,199900.0,6381.6,Higher education,Married,Core staff,-25009,-6387,5,1,262800.0,True,5,0.808,1,True,0
900079,0,Cash loans,F,0,272600.0,930000.0,28582.0,Secondary / secondary special,Married,,-9876,-2073,5,3,89800.0,True,4,0.581,1,True,0
900080,0,Cash loans,F,0,136800.0,431700.0,14890.2,Higher education,Married,Managers,-14540,-1063,4,2,266600.0,True,2,0.833,0,True,0
900081,0,Cash loans,F,1,302600.0,1430100.0,59183.9,Secondary / secondary special,Married,Low-skill Laborers,-23467,-894,8,4,50700.0,True,1,0.841,0,True,1
900082,0,Cash loans,F,1,180400.0,603300.0,16181.7,Secondary / secondary special,Civil marriage,Laborers,-23024,-24,2,0,417200.0,True,4,0.657,0,True,1
900083,1,Cash loans,M,1,254000.0,815700.0,29876.0,Secondary / secondary special,Married,Cleaning staff,-13334,-4001,5,2,423700.0,True,4,0.834,0,True,0
900084,0,Cash loans,F,0,125100.0,644900.0,25155.8,Secondary / secondary special,Civil marriage,Core staff,-19554,-216,6,2,200300.0,True,3,0.704,0,True,1
900085,0,Cash loans,F,0,65600.0,235400.0,6591.3,Secondary / secondary special,Married,Core staff,-23190,-1331,7,4,325800.0,True,5,0.907,0,True,1
900086,0,Cash loans,F,0,185600.0,1101500.0,47282.9,Secondary / secondary special,Married,,-21100,-5189,3,2,101000.0,True,0,0.0,0,False,2
900087,0,Revolving loans,F,0,228200.0,932200.0,33014.0,Higher education,Married,Cleaning staff,-18675,-1442,6,1,115800.0,True,4,0.756,0,True,1
900088,0,Cash loans,F,0,106000.0,606000.0,30497.5,Secondary / secondary special,Married,Accountants,-10338,-37,6,3,108500.0,True,1,0.47,0,True,2
900089,0,Cash loans,F,2,126500.0,691900.0,42278.8,Secondary / secondary special,Married,,-8944,-2374,6,2,589400.0,True,2,0.497,1,True,1
900090,0,Cash loans,M,1,46300.0,155700.0,6539.2,Secondary / secondary special,Married,,-18433,-249,6,3,176000.0,True,5,0.766,0,True,1
900091,0,Cash loans,M,0,129500.0,551300.0,27454.0,Secondary / secondary special,Widow,Laborers,-16429,-2316,3,1,60900.0,True,5,0.792,0,True,0
900092,1,Cash loans,F,2,74900.0,159800.0,14355.0,Secondary / secondary special,Single / not married,,-11835,-484,4,1,132500.0,True,4,0.64,1,True,0
900093,0,Cash loans,F,0,181300.0,701900.0,28531.5,Secondary / secondary special,Married,Laborers,-12794,-1195,3,1,83800.0,True,5,0.86,0,True,1
900094,0,Cash loans,F,0,165500.0,564000.0,18998.2,Higher education,Single / not married,Cleaning staff,-14534,-823,3,2,172100.0,True,5,0.937,0,True,0
900095,1,Cash loans,F,1,141100.0,518800.0,44878.5,Secondary / secondary special,Married,Accountants,-16346,-1390,2,0,118000.0,True,2,0.702,2,True,0
900096,0,Cash loans,F,0,271200.0,631700.0,23379.4,Secondary / secondary special,Civil marriage,Laborers,-14502,-376,6,4,31900.0,True,3,0.64,0,True,1
900097,0,Cash loans,F,0,157900.0,852300.0,44158.2,Secondary / secondary special,Separated,,-14450,-959,4,0,43500.0,True,5,0.928,0,True,0
900098,0,Cash loans,F,0,154200.0,286800.0,25553.5,Secondary / secondary special,Married,Sales staff,-9692,-1689,6,2,94000.0,True,3,0.618,0,True,0
900099,0,Cash loans,M,0,164400.0,824500.0,63881.9,Higher education,Widow,Cooking staff,-22830,-1024,3,1,645600.0,True,4,0.403,1,True,0
900100,0,Cash loans,F,1,104600.0,601300.0,19095.2,Secondary / secondary special,Married,Drivers,-18337,-405,0,0,0.0,False,0,0.0,0,False,0
900101,0,Cash loans,F,1,229800.0,454700.0,17372.1,Secondary / secondary special,Married,Accountants,-10224,-3654,0,0,0.0,False,3,0.918,0,True,2
900102,0,Cash loans,F,0,88500.0,305500.0,7898.8,Higher education,Married,Drivers,-15091,-5657,4,1,832700.0,True,5,0.81,0,True,0
900103,0,Cash loans,M,0,173000.0,714900.0,23479.7,Secondary / secondary special,Single / not married,Sales staff,-14965,-5970,4,2,433800.0,True,1,0.837,0,True,0
900104,0,Revolving loans,M,0,257500.0,1535000.0,39483.4,Secondary / secondary special,Married,,-18187,-567,0,0,0.0,False,3,0.945,1,True,0
900105,0,Cash loans,F,2,83800.0,452000.0,24361.7,Secondary / secondary special,Married,High skill tech staff,-18332,-1365,3,1,116800.0,True,0,0.0,0,False,0
900106,1,Cash loans,F,2,71600.0,240900.0,8768.1,Secondary / secondary special,Married,Core staff,-18969,-5415,3,1,303600.0,True,5,0.872,1,True,1
900107,0,Cash loans,M,0,83100.0,486600.0,18184.5,Secondary / secondary special,Married,Drivers,-19892,-11495,2,2,788100.0,True,2,0.761,0,True,1
900108,0,Cash loans,F,1,347300.0,1038700.0,40403.2,Secondary / secondary special,Married,Managers,-9475,-247,4,3,330500.0,True,2,0.786,0,True,0
900109,0,Cash loans,F,0,103200.0,312700.0,8469.1,Secondary / secondary special,Married,,-13007,-2210,4,1,184000.0,True,0,0.0,0,False,1
900110,0,Cash loans,M,0,76800.0,290200.0,11234.5,Secondary / secondary special,Widow,,-7968,-371,0,0,0.0,False,1,0.836,0,True,0
900111,0,Cash loans,F,0,168100.0,841900.0,47009.5,Higher education,Civil marriage,Accountants,-15630,-2315,8,4,182500.0,True,1,0.522,1,True,2
900112,0,Cash loans,F,0,35900.0,84900.0,2733.5,Secondary / secondary special,Widow,Laborers,-15188,-1082,2,0,166000.0,True,2,0.823,0,True,0
900113,0,Cash loans,F,0,86900.0,420700.0,23443.3,Secondary / secondary special,Married,,-20530,-5839,7,2,301600.0,True,3,0.438,0,True,0
900114,0,Cash loans,F,0,283900.0,429300.0,34342.0,Secondary / secondary special,Married,Core staff,-10592,-176,4,3,74300.0,True,4,0.934,0,True,0
900115,0,Cash loans,M,0,86800.0,232700.0,8413.1,Secondary / secondary special,Married,,-18728,-876,4,4,4025900.0,True,5,0.926,1,True,0
900116,0,Cash loans,F,0,122900.0,723300.0,51209.6,Secondary / secondary special,Married,Core staff,-13038,-1840,3,2,178500.0,True,3,0.885,0,True,0
900117,0,Cash loans,F,0,162200.0,722500.0,22990.2,Higher education,Married,Core staff,-14356,-970,1,1,122400.0,True,3,0.909,1,True,0
900118,0,Cash loans,M,0,162200.0,580900.0,25097.3,Secondary / secondary special,Married,Core staff,-20266,-1461,3,2,379700.0,True,2,0.657,0,True,0
900119,0,Cash loans,M,0,107300.0,514300.0,14291.7,Secondary / secondary special,Civil marriage,Low-skill Laborers,-8918,-445,5,1,501000.0,True,4,0.784,2,True,0
900120,0,Cash loans,F,2,184000.0,636400.0,28741.7,Incomplete higher,Married,,-13670,-3709,4,1,70600.0,True,6,0.745,0,True,1
900121,0,Cash loans,F,2,288500.0,571300.0,26103.7,Secondary / secondary special,Married,Low-skill Laborers,-14520,-3958,3,1,22900.0,True,0,0.0,0,False,0
900122,0,Cash loans,F,1,82300.0,307700.0,13456.8,Secondary / secondary special,Married,Drivers,-20204,-153,2,1,104200.0,True,1,0.769,0,True,1
900123,0,Revolving loans,F,0,109900.0,637300.0,20288.6,Higher education,Married,Accountants,-11155,-2472,4,1,205200.0,True,4,0.939,0,True,1
900124,0,Cash loans,F,1,132800.0,362100.0,24707.6,Secondary / secondary special,Married,Drivers,-24263,-1562,6,3,66300.0,True,4,0.72,1,True,0
900125,0,Cash loans,M,0,198700.0,345300.0,17061.0,Secondary / secondary special,Widow,,-25145,-1253,4,1,145900.0,True,0,0.0,0,False,1
900126,0,Cash loans,F,0,142300.0,688200.0,38156.1,Incomplete higher,Married,Sales staff,-22012,-2734,2,1,130300.0,True,5,0.922,1,True,1
900127,0,Cash loans,F,0,131400.0,465800.0,21526.2,Secondary / secondary special,Married,,-12915,-5269,5,2,24800.0,True,1,0.828,1,True,0
900128,0,Cash loans,F,0,64500.0,193900.0,5191.4,Secondary / secondary special,Married,Core staff,-19295,-2015,2,1,310400.0,True,3,0.567,1,True,0
900129,0,Cash loans,F,0,79400.0,293300.0,10134.9,Secondary / secondary special,Married,,-9121,-269,6,4,402900.0,True,5,0.741,1,True,2
900130,0,Revolving loans,F,1,154200.0,876600.0,34926.9,Higher education,Separated,,-22929,-134,4,4,186300.0,True,0,0.0,0,False,0
900131,0,Cash loans,F,1,108300.0,284400.0,20504.3,Secondary / secondary special,Civil marriage,Medicine staff,-16705,-2095,5,3,229900.0,True,3,0.55,1,True,0
900132,0,Cash loans,M,0,118000.0,283500.0,10389.2,Secondary / secondary special,Married,Security staff,-10756,-1684,0,0,0.0,False,4,0.804,0,True,0
900133,0,Cash loans,M,1,135700.0,529600.0,15593.9,Higher education,Widow,Core staff,-13401,-795,2,1,131500.0,True,3,0.201,0,True,2
900134,0,Cash loans,F,0,451500.0,1618600.0,77711.4,Higher education,Married,Laborers,-21694,-604,4,1,314400.0,True,3,0.757,2,True,1
900135,0,Revolving loans,F,1,109200.0,237400.0,6401.3,Secondary / secondary special,Civil marriage,High skill tech staff,-22911,-1151,6,2,33400.0,True,3,0.982,0,True,0
900136,0,Cash loans,M,0,280100.0,1152000.0,56074.7,Higher education,Married,Cleaning staff,-16770,-336,4,2,48700.0,True,1,0.698,0,True,0
900137,0,Cash loans,F,1,270000.0,1103000.0,74458.2,Secondary / secondary special,Civil marriage,,-16080,-1029,0,0,0.0,False,2,0.622,0,True,0
900138,1,Cash loans,M,0,209200.0,883800.0,25373.4,Higher education,Separated,,-20817,-561,1,1,956400.0,True,5,0.751,0,True,2
900139,0,Cash loans,F,0,91600.0,307900.0,11417.4,Secondary / secondary special,Married,Medicine staff,-22139,-447,5,1,110600.0,True,1,0.486,0,True,0
900140,0,Cash loans,F,0,149900.0,420500.0,16487.7,Secondary / secondary special,Married,,-21065,-852,5,2,728600.0,True,4,0.737,1,True,0
900141,0,Cash loans,F,0,115200.0,343000.0,9081.1,Secondary / secondary special,Married,Managers,-14400,-275,7,3,138300.0,True,2,0.572,0,True,1
900142,0,Cash loans,M,1,383300.0,2014100.0,57970.6,Secondary / secondary special,Married,Sales staff,-18911,-7194,4,0,1079000.0,True,2,0.877,0,True,1
900143,0,Cash loans,M,2,171900.0,741400.0,18636.5,Secondary / secondary special,Married,Sales staff,-22685,-582,0,0,0.0,False,3,0.868,0,True,0
900144,0,Cash loans,F,0,125800.0,414000.0,13463.5,Higher education,Married,,-10323,-1780,2,0,70600.0,True,4,0.621,1,True,0
900145,0,Cash loans,M,0,341800.0,1456000.0,53161.5,Secondary / secondary special,Married,Managers,-14465,-7749,4,3,169900.0,True,1,0.671,1,True,0
900146,0,Cash loans,M,1,117400.0,360800.0,13789.3,Higher education,Married,Core staff,-8656,-1116,3,2,49700.0,True,6,0.706,0,True,0
900147,0,Cash loans,M,1,184500.0,993000.0,48018.0,Secondary / secondary special,Separated,Security staff,-14828,-8258,4,1,310700.0,True,5,0.59,1,True,0
900148,0,Cash loans,F,2,198900.0,949600.0,61550.7,Secondary / secondary special,Married,Laborers,-21195,-7608,3,2,490900.0,True,3,0.343,1,True,0
900149,0,Cash loans,F,0,166600.0,325600.0,9368.7,Secondary / secondary special,Married,Security staff,-11116,-3406,2,2,1185800.0,True,3,0.531,1,True,0
900150,0,Cash loans,M,0,132700.0,232600.0,22806.2,Secondary / secondary special,Married,,-17158,-65,2,0,682800.0,True,4,0.603,1,True,0
900151,0,Cash loans,F,0,212800.0,351200.0,9586.3,Secondary / secondary special,Widow,,-8305,-782,5,1,241400.0,True,3,0.657,0,True,0
900152,0,Cash loans,F,1,102200.0,166000.0,9287.1,Secondary / secondary special,Married,Cooking staff,-23391,-3587,0,0,0.0,False,2,0.895,0,True,1
900153,0,Cash loans,F,0,244300.0,912700.0,53119.5,Secondary / secondary special,Married,,-22031,-816,4,2,114400.0,True,4,0.756,0,True,0
900154,0,Cash loans,F,2,121600.0,281400.0,27556.2,Secondary / secondary special,Married,,-16852,-259,5,3,1115100.0,True,2,0.72,1,True,1
900155,0,Cash loans,F,1,273300.0,1239500.0,59591.6,Higher education,Married,,-20030,-234,4,2,58000.0,True,1,0.967,0,True,0
900156,0,Cash loans,F,0,236200.0,867400.0,68492.1,Higher education,Widow,Managers,-9485,-1246,4,3,47900.0,True,2,0.959,0,True,1
900157,0,Cash loans,M,0,184300.0,354000.0,22785.4,Secondary / secondary special,Married,Drivers,-22473,-1484,7,1,44900.0,True,0,0.0,0,False,0
900158,0,Cash loans,F,0,133800.0,204200.0,6662.5,Secondary / secondary special,Married,Medicine staff,-20196,-918,5,1,489200.0,True,2,0.644,0,True,0
900159,0,Cash loans,M,0,243000.0,404700.0,18018.7,Higher education,Married,,-9766,-2925,5,3,432600.0,True,2,0.391,1,True,0
900160,0,Cash loans,M,0,186300.0,726600.0,70350.7,Higher education,Married,Laborers,-24846,-5022,8,3,244700.0,True,3,0.61,0,True,0
900161,0,Cash loans,M,0,28000.0,115900.0,5941.6,Secondary / secondary special,Married,Laborers,-8059,-574,3,1,211700.0,True,4,0.733,2,True,0
900162,0,Cash loans,F,1,93000.0,287200.0,28201.5,Secondary / secondary special,Married,Low-skill Laborers,-18676,-1764,0,0,0.0,False,4,0.748,1,True,0
900163,0,Cash loans,M,1,152300.0,282500.0,7542.3,Higher education,Single / not married,Sales staff,-10674,-292,5,3,202200.0,True,2,0.557,1,True,0
900164,0,Cash loans,F,0,161000.0,918700.0,25651.8,Higher education,Married,Laborers,-20266,-7152,4,1,582400.0,True,4,0.782,0,True,3
900165,0,Cash loans,F,0,199400.0,663100.0,32191.9,Secondary / secondary special,Married,,-8898,-2328,4,1,45600.0,True,4,0.718,0,True,0
900166,0,Cash loans,M,0,303700.0,1042300.0,60551.5,Secondary / secondary special,Married,Laborers,-9085,-2515,4,3,39200.0,True,3,0.952,0,True,0
900167,0,Cash loans,F,0,187700.0,603700.0,45708.7,Higher education,Single / not married,Managers,-15834,-5011,2,2,211300.0,True,5,0.626,0,True,0
900168,0,Cash loans,M,1,49400.0,87300.0,2802.1,Secondary / secondary special,Married,Sales staff,-25080,-922,6,2,348400.0,True,5,0.862,1,True,0
900169,0,Revolving loans,F,1,154500.0,725700.0,53308.9,Secondary / secondary special,Civil marriage,Core staff,-12509,-1633,7,3,368000.0,True,4,0.726,1,True,0
900170,0,Cash loans,F,1,257100.0,1154800.0,38383.0,Secondary / secondary special,Civil marriage,Laborers,-18396,-6057,0,0,0.0,False,2,0.381,1,True,0
900171,0,Cash loans,M,1,148000.0,331500.0,18675.4,Secondary / secondary special,Separated,,-16750,-3877,5,0,179000.0,True,0,0.0,0,False,0
900172,0,Revolving loans,F,0,155000.0,419800.0,13168.6,Secondary / secondary special,Married,Managers,-22418,-4451,2,0,24200.0,True,1,0.859,0,True,1
900173,0,Cash loans,F,1,109300.0,433000.0,19865.0,Secondary / secondary special,Separated,Managers,-12721,-498,3,0,264600.0,True,0,0.0,0,False,1
900174,0,Cash loans,M,1,225000.0,719000.0,50974.1,Secondary / secondary special,Single / not married,,-17387,-122,0,0,0.0,False,2,0.931,1,True,1
900175,1,Revolving loans,F,2,117300.0,702700.0,38354.0,Secondary / secondary special,Married,Core staff,-24319,-365,3,1,75700.0,True,1,0.781,0,True,1
900176,0,Cash loans,F,0,188300.0,703100.0,22901.0,Secondary / secondary special,Married,Accountants,-13491,-423,3,3,129000.0,True,3,0.638,0,True,1
900177,0,Cash loans,M,0,173500.0,949100.0,31064.3,Secondary / secondary special,Married,Core staff,-15363,-2832,6,1,13700.0,True,4,0.841,1,True,0
900178,0,Cash loans,F,1,143800.0,348100.0,12468.8,Higher education,Married,Core staff,-23237,-5010,0,0,0.0,False,0,0.0,0,False,1
900179,0,Revolving loans,F,1,178300.0,713700.0,36233.2,Higher education,Single / not married,Managers,-13490,-1131,0,0,0.0,False,3,0.888,0,True,0
900180,0,Cash loans,F,0,154900.0,456700.0,15717.0,Secondary / secondary special,Widow,Laborers,-14334,-1274,6,4,92000.0,True,2,0.73,0,True,0
900181,0,Cash loans,F,1,265200.0,1513000.0,134294.6,Secondary / secondary special,Married,,-12993,-88,0,0,0.0,False,4,0.777,1,True,0
900182,0,Cash loans,M,0,196400.0,781700.0,27790.7,Higher education,Widow,Laborers,-21847,-3405,0,0,0.0,False,5,0.903,1,True,1
900183,0,Revolving loans,F,0,235500.0,1046300.0,31290.3,Secondary / secondary special,Married,,-23965,-4952,4,1,295000.0,True,2,0.394,0,True,0
900184,1,Cash loans,M,2,95600.0,176100.0,12448.5,Secondary / secondary special,Widow,Managers,-18721,-3394,4,0,253200.0,True,2,0.886,0,True,1
900185,0,Cash loans,F,0,92600.0,342100.0,9917.5,Secondary / secondary special,Married,Managers,-18590,-1906,4,1,178100.0,True,0,0.0,0,False,0
900186,0,Cash loans,F,0,144500.0,593600.0,15978.4,Secondary / secondary special,Single / not married,,-14497,-611,2,1,71400.0,True,3,0.557,1,True,1
900187,0,Cash loans,M,0,203600.0,571500.0,14740.5,Secondary / secondary special,Married,Cleaning staff,-7883,-1313,3,0,112300.0,True,5,0.657,0,True,0
900188,0,Cash loans,F,0,182600.0,878500.0,80587.8,Secondary / secondary special,Widow,Security staff,-10712,-673,5,2,932800.0,True,3,0.912,0,True,1
900189,0,Cash loans,F,0,96200.0,346300.0,9392.8,Secondary / secondary special,Married,,-10248,-582,4,1,70500.0,True,3,0.863,1,True,0
900190,0,Cash loans,M,1,206800.0,832600.0,69946.7,Secondary / secondary special,Married,Laborers,-9695,-1194,4,2,673500.0,True,1,0.711,0,True,1
900191,0,Cash loans,M,1,102300.0,319600.0,14946.6,Secondary / secondary special,Civil marriage,,-19123,-1609,0,0,0.0,False,2,0.79,0,True,1
900192,0,Cash loans,F,0,196100.0,891100.0,33688.2,Secondary / secondary special,Married,Cleaning staff,-10053,-1170,4,1,221500.0,True,6,0.655,0,True,0
900193,0,Cash loans,M,0,161600.0,317400.0,19061.4,Secondary / secondary special,Married,Sales staff,-9165,-833,7,3,23900.0,True,4,0.961,0,True,1
900194,0,Cash loans,M,0,125100.0,472600.0,23238.1,Secondary / secondary special,Married,Managers,-14367,-3265,2,1,239400.0,True,2,0.976,0,True,2
900195,0,Cash loans,F,1,107100.0,592300.0,15904.0,Secondary / secondary special,Civil marriage,Low-skill Laborers,-12027,-969,4,2,139700.0,True,4,0.566,1,True,1
900196,0,Cash loans,F,1,149600.0,382700.0,25091.2,Secondary / secondary special,Separated,Core staff,-10220,-3650,2,1,25400.0,True,1,0.678,0,True,0
900197,0,Cash loans,F,1,145900.0,789000.0,30156.1,Incomplete higher,Married,Accountants,-10225,-625,2,1,157000.0,True,4,0.93,1,True,0
900198,0,Cash loans,F,0,83000.0,455100.0,13074.0,Secondary / secondary special,Single / not married,,-12153,-2484,0,0,0.0,False,7,0.881,0,True,0
900199,0,Cash loans,F,1,189200.0,480000.0,27853.4,Secondary / secondary special,Married,,-17070,0,5,3,200700.0,True,3,0.81,0,True,0
900200,0,Cash loans,F,0,249600.0,465100.0,12222.7,Secondary / secondary special,Single / not married,Laborers,-20946,-2537,7,4,58600.0,True,6,0.915,1,True,1
900201,1,Cash loans,M,1,215300.0,1063600.0,26992.7,Secondary / secondary special,Married,Medicine staff,-22605,-1894,4,3,49100.0,True,7,0.627,1,True,0
900202,0,Cash loans,F,0,163900.0,952900.0,52990.3,Higher education,Married,,-20829,-2205,0,0,0.0,False,1,0.86,1,True,0
900203,0,Cash loans,F,1,111800.0,296400.0,12253.0,Secondary / secondary special,Married,Laborers,-18671,-5,4,1,97100.0,True,2,0.693,1,True,0
900204,0,Revolving loans,F,2,149300.0,837400.0,81012.5,Secondary / secondary special,Married,High skill tech staff,-23566,-728,3,2,103500.0,True,4,0.901,1,True,1
900205,0,Cash loans,F,2,131100.0,319500.0,8229.7,Secondary / secondary special,Single / not married,,-16770,-2728,4,2,39200.0,True,3,0.43,2,True,0
900206,0,Revolving loans,F,1,149000.0,464400.0,32892.1,Secondary / secondary special,Married,Core staff,-18761,-1399,4,3,140800.0,True,4,0.613,1,True,1
900207,0,Cash loans,F,0,223600.0,1226800.0,53726.5,Secondary / secondary special,Separated,,-14876,-2129,6,3,303600.0,True,1,0.643,1,True,0
900208,0,Cash loans,F,1,132600.0,380300.0,12601.0,Secondary / secondary special,Civil marriage,,-13400,-1344,5,1,202900.0,True,3,0.636,1,True,1
900209,0,Cash loans,F,0,55900.0,273900.0,9279.6,Higher education,Married,Laborers,-13476,-3533,4,1,100000.0,True,2,0.909,1,True,1
900210,0,Cash loans,F,0,208800.0,451300.0,15258.6,Secondary / secondary special,Separated,Drivers,-10263,-1418,4,2,24600.0,True,2,0.266,0,True,0
900211,0,Revolving loans,F,0,170800.0,547300.0,52056.6,Secondary / secondary special,Widow,,-21621,-703,3,1,58800.0,True,2,0.85,0,True,0
900212,0,Cash loans,F,3,150900.0,865200.0,27016.0,Secondary / secondary special,Single / not married,Laborers,-8635,-514,4,1,66200.0,True,3,0.817,1,True,0
900213,0,Cash loans,M,0,77800.0,195900.0,6050.0,Secondary / secondary special,Married,Managers,-19485,-10220,6,4,377500.0,True,2,0.911,0,True,1
900214,0,Cash loans,F,0,92300.0,429900.0,16308.2,Secondary / secondary special,Married,Laborers,-22810,-1402,2,2,362700.0,True,1,0.857,0,True,1
900215,0,Cash loans,F,0,97900.0,552000.0,17281.9,Secondary / secondary special,Civil marriage,Laborers,-16379,-2887,3,2,211300.0,True,2,0.869,0,True,0
900216,1,Revolving loans,F,0,104600.0,526400.0,52545.9,Incomplete higher,Single / not married,Sales staff,-8894,-2324,4,1,102400.0,True,2,0.838,0,True,1
900217,0,Cash loans,F,0,109600.0,631900.0,42164.8,Secondary / secondary special,Married,Medicine staff,-15170,-1881,3,2,629100.0,True,2,0.652,1,True,2
900218,0,Cash loans,F,1,77500.0,445400.0,36426.7,Secondary / secondary special,Married,Accountants,-13678,-997,3,2,299600.0,True,3,0.67,0,True,0
900219,0,Cash loans,F,2,410500.0,825700.0,42591.7,Secondary / secondary special,Married,,-24931,-6366,0,0,0.0,False,0,0.0,0,False,1
900220,0,Cash loans,M,0,296700.0,1248400.0,77501.1,Secondary / secondary special,Single / not married,Managers,-19775,-1712,4,2,854800.0,True,1,0.855,0,True,1
900221,0,Cash loans,F,0,160800.0,550100.0,35302.8,Secondary / secondary special,Civil marriage,Sales staff,-20303,-2717,5,2,125500.0,True,4,0.838,0,True,1
900222,0,Cash loans,F,1,137700.0,629600.0,27874.3,Higher education,Married,Laborers,-16702,-1432,7,2,422100.0,True,5,0.784,2,True,0
900223,0,Cash loans,M,0,348900.0,1689200.0,58839.1,Secondary / secondary special,Married,Sales staff,-20093,-3033,5,2,251700.0,True,5,0.429,0,True,0
900224,0,Cash loans,M,2,315300.0,820900.0,31210.0,Secondary / secondary special,Widow,Accountants,-20324,-1069,0,0,0.0,False,4,0.806,0,True,1
900225,0,Cash loans,F,0,96700.0,493100.0,14045.5,Higher education,Married,Drivers,-8827,-2257,6,3,89700.0,True,3,0.604,0,True,0
900226,0,Revolving loans,F,0,158500.0,529600.0,24277.9,Secondary / secondary special,Single / not married,Sales staff,-11565,-4554,0,0,0.0,False,3,0.567,1,True,0
900227,0,Cash loans,F,1,127800.0,569400.0,25611.0,Secondary / secondary special,Married,,-7892,-1322,8,5,64000.0,True,3,0.783,0,True,2
900228,0,Revolving loans,M,0,122400.0,419200.0,40614.7,Secondary / secondary special,Married,Core staff,-16596,-6364,4,2,175300.0,True,5,0.586,2,True,1
900229,0,Cash loans,F,0,128900.0,394100.0,12012.9,Secondary / secondary special,Married,Sales staff,-23009,-499,4,1,161700.0,True,5,0.668,0,True,0
900230,0,Cash loans,F,0,134100.0,619900.0,22086.1,Secondary / secondary special,Married,Laborers,-18344,-6464,3,2,71800.0,True,2,0.464,0,True,0
900231,0,Cash loans,F,0,155600.0,612800.0,44489.3,Higher education,Married,Cooking staff,-16428,-2701,2,1,113600.0,True,0,0.0,0,False,0
900232,0,Cash loans,F,1,156000.0,832800.0,52877.8,Higher education,Married,Low-skill Laborers,-23887,-20,8,3,169300.0,True,2,0.639,0,True,0
900233,0,Cash loans,M,0,287400.0,1447600.0,95648.6,Secondary / secondary special,Civil marriage,Cleaning staff,-10682,-1785,0,0,0.0,False,1,0.777,0,True,0
900234,0,Cash loans,F,2,93500.0,505600.0,22748.2,Higher education,Widow,Managers,-8972,-187,4,1,75300.0,True,2,0.625,1,True,0
900235,0,Cash loans,F,1,227000.0,1122700.0,100779.3,Secondary / secondary special,Civil marriage,Core staff,-23736,-249,0,0,0.0,False,3,0.617,0,True,1
900236,0,Cash loans,F,0,81800.0,460200.0,13795.0,Higher education,Married,Laborers,-23481,-164,6,3,37800.0,True,5,0.805,1,True,0
900237,0,Revolving loans,M,0,157600.0,347500.0,17780.0,Secondary / secondary special,Married,Cooking staff,-19630,-3385,8,5,39300.0,True,2,0.5,0,True,0
900238,0,Cash loans,F,0,235900.0,1033800.0,27523.3,Secondary / secondary special,Married,Laborers,-11974,-3632,8,3,520000.0,True,4,0.782,0,True,0
900239,0,Cash loans,M,1,186100.0,348200.0,19186.2,Secondary / secondary special,Single / not married,,-24655,-1178,2,0,806500.0,True,7,0.915,1,True,0
900240,0,Cash loans,F,0,119500.0,447900.0,21338.1,Secondary / secondary special,Married,,-21073,-1293,5,2,188000.0,True,6,0.813,0,True,1
900241,1,Cash loans,F,0,161400.0,867700.0,23059.1,Higher education,Civil marriage,High skill tech staff,-19471,-3346,4,3,104900.0,True,1,0.714,1,True,2
900242,0,Cash loans,F,1,319800.0,1523900.0,101229.7,Secondary / secondary special,Single / not married,Laborers,-11570,-519,3,0,89400.0,True,3,0.796,0,True,1
900243,0,Cash loans,F,0,104100.0,429200.0,12134.5,Higher education,Married,Drivers,-16654,-98,2,1,574400.0,True,2,0.684,0,True,0
900244,0,Cash loans,F,0,185800.0,858900.0,59057.0,Secondary / secondary special,Married,Core staff,-22076,-624,3,0,2100.0,True,2,0.674,0,True,2
900245,0,Cash loans,F,0,226800.0,517100.0,20797.6,Secondary / secondary special,Single / not married,,-22736,-4294,3,1,1829700.0,True,4,0.557,0,True,0
900246,0,Cash loans,F,0,115300.0,655900.0,18108.9,Secondary / secondary special,Civil marriage,Accountants,-17501,-1124,0,0,0.0,False,2,0.636,0,True,0
900247,0,Cash loans,F,0,333400.0,818900.0,55358.5,Secondary / secondary special,Married,High skill tech staff,-16824,-3617,2,0,9100.0,True,3,0.947,0,True,0
900248,1,Cash loans,M,0,394800.0,888800.0,79903.9,Secondary / secondary special,Single / not married,,-19888,-6930,5,2,2246800.0,True,3,0.517,0,True,1
900249,0,Cash loans,F,0,241900.0,515300.0,29991.8,Secondary / secondary special,Married,,-16919,-75,7,2,10700.0,True,2,0.595,0,True,0
900250,1,Cash loans,M,0,242200.0,1383700.0,77458.2,Higher education,Separated,Core staff,-14982,-2013,5,2,12500.0,True,2,0.694,0,True,0
900251,0,Cash loans,M,0,59000.0,210900.0,9494.5,Secondary / secondary special,Married,,-9161,-2591,3,2,56000.0,True,6,0.472,1,True,0
900252,0,Cash loans,M,0,72300.0,281900.0,8723.9,Secondary / secondary special,Single / not married,Laborers,-9873,-412,0,0,0.0,False,2,0.852,1,True,1
900253,0,Cash loans,F,0,134200.0,430200.0,37611.2,Secondary / secondary special,Married,Cooking staff,-20985,-2378,4,0,562400.0,True,3,0.706,1,True,0
900254,0,Cash loans,F,2,100800.0,163600.0,6024.4,Secondary / secondary special,Separated,,-8097,-820,1,1,102600.0,True,3,0.773,0,True,1
900255,0,Cash loans,M,0,191400.0,344500.0,10847.7,Higher education,Single / not married,Laborers,-8581,-2011,4,1,61800.0,True,3,0.925,0,True,1
900256,0,Revolving loans,F,0,33700.0,52900.0,1546.1,Secondary / secondary special,Married,,-23514,-565,7,4,106900.0,True,3,0.724,0,True,0
900257,0,Cash loans,F,0,190800.0,749000.0,19206.5,Secondary / secondary special,Married,Laborers,-19999,-5184,7,1,106200.0,True,1,0.674,1,True,0
900258,0,Cash loans,F,2,128200.0,303900.0,8742.6,Secondary / secondary special,Married,Laborers,-7738,-1168,1,1,730400.0,True,2,0.153,1,True,0
900259,0,Cash loans,F,0,106800.0,353500.0,26993.1,Secondary / secondary special,Civil marriage,,-13131,-277,4,2,478800.0,True,0,0.0,0,False,0
900260,0,Cash loans,F,0,363200.0,1297200.0,84932.6,Secondary / secondary special,Single / not married,Drivers,-21038,-4879,2,0,77200.0,True,1,0.729,0,True,0
900261,0,Cash loans,F,0,120000.0,467600.0,14789.4,Secondary / secondary special,Married,High skill tech staff,-14981,-1545,5,3,102700.0,True,0,0.0,0,False,0
900262,0,Cash loans,F,0,62400.0,344300.0,21055.2,Higher education,Married,Sales staff,-15878,-365,3,0,19400.0,True,2,0.877,0,True,0
900263,0,Cash loans,F,0,175900.0,298100.0,17122.0,Secondary / secondary special,Civil marriage,Medicine staff,-15703,-569,4,1,300600.0,True,4,0.55,1,True,1
900264,0,Cash loans,F,0,169500.0,631200.0,17792.7,Secondary / secondary special,Civil marriage,,-11206,-4636,3,0,141700.0,True,3,0.711,0,True,1
900265,0,Cash loans,M,1,128300.0,268600.0,11262.9,Secondary / secondary special,Married,Sales staff,-20303,-2264,0,0,0.0,False,3,0.78,0,True,2
900266,0,Cash loans,F,0,453600.0,2571600.0,117394.3,Secondary / secondary special,Single / not married,High skill tech staff,-9469,-230,2,0,300600.0,True,6,0.817,0,True,0
900267,0,Cash loans,F,2,155500.0,875200.0,36346.0,Higher education,Married,Core staff,-16552,-1769,4,3,830800.0,True,3,0.32,1,True,0
900268,0,Cash loans,F,2,232500.0,495200.0,27976.6,Higher education,Married,Low-skill Laborers,-10642,-3067,3,1,97700.0,True,3,0.723,1,True,0
900269,0,Cash loans,F,0,164500.0,333600.0,26421.9,Secondary / secondary special,Separated,Core staff,-8480,-1461,3,0,159200.0,True,3,0.698,1,True,0
900270,0,Cash loans,F,0,264300.0,527100.0,13406.8,Secondary / secondary special,Single / not married,Cleaning staff,-10174,-732,1,0,840200.0,True,3,0.343,0,True,0
900271,0,Cash loans,F,0,118700.0,230400.0,12282.5,Higher education,Married,,-22895,-5499,4,2,123900.0,True,0,0.0,0,False,0
900272,0,Cash loans,M,1,82300.0,182000.0,7176.2,Secondary / secondary special,Married,,-10751,-4181,2,2,135800.0,True,4,0.671,1,True,0
900273,0,Cash loans,M,0,205300.0,451800.0,38419.4,Secondary / secondary special,Married,Laborers,-12542,-1510,4,2,2735600.0,True,3,0.626,1,True,0
900274,0,Cash loans,F,0,162600.0,363500.0,25110.5,Secondary / secondary special,Married,High skill tech staff,-10084,-1737,7,1,142700.0,True,4,0.735,1,True,0
900275,0,Cash loans,M,1,208400.0,451900.0,34590.2,Secondary / secondary special,Widow,,-20551,-536,5,1,1011800.0,True,4,0.508,0,True,0
900276,0,Cash loans,F,0,102900.0,329300.0,28550.5,Secondary / secondary special,Married,,-15469,-3202,4,3,81100.0,True,4,0.717,0,True,0
900277,0,Cash loans,M,0,178000.0,470400.0,15929.9,Secondary / secondary special,Married,Low-skill Laborers,-24197,-2003,5,3,91000.0,True,6,0.445,1,True,0
900278,0,Cash loans,F,1,63100.0,213100.0,20280.6,Higher education,Civil marriage,Core staff,-19303,-301,3,0,16500.0,True,2,0.874,0,True,0
900279,0,Cash loans,F,0,110100.0,608000.0,25647.4,Secondary / secondary special,Married,Laborers,-16974,-1801,0,0,0.0,False,4,0.819,0,True,0
900280,0,Cash loans,F,0,98400.0,303500.0,10133.8,Secondary / secondary special,Married,,-19169,-879,4,2,330100.0,True,2,0.581,0,True,2
900281,0,Cash loans,F,0,179400.0,500400.0,23950.5,Secondary / secondary special,Married,Drivers,-8373,-740,7,1,165500.0,True,2,0.809,1,True,0
900282,0,Cash loans,M,0,109900.0,617000.0,42535.2,Secondary / secondary special,Married,Security staff,-24320,-1752,4,1,248400.0,True,2,0.719,0,True,0
900283,0,Cash loans,F,0,70500.0,207800.0,12442.0,Higher education,Married,Managers,-24421,-451,2,0,392800.0,True,4,0.799,2,True,1
900284,0,Cash loans,F,1,105400.0,216000.0,14785.9,Secondary / secondary special,Married,,-12502,-4513,4,4,29400.0,True,2,0.934,1,True,1
900285,0,Cash loans,F,0,188800.0,809100.0,42896.4,Secondary / secondary special,Widow,Sales staff,-18672,-576,8,3,162000.0,True,5,0.823,1,True,0
900286,0,Cash loans,M,0,149500.0,413800.0,20002.2,Higher education,Civil marriage,Laborers,-11202,-3245,5,1,930100.0,True,2,0.58,0,True,0
900287,0,Cash loans,F,0,96500.0,370500.0,16918.2,Secondary / secondary special,Married,Medicine staff,-17256,-206,2,1,109900.0,True,0,0.0,0,False,1
900288,0,Revolving loans,F,0,213000.0,1055600.0,63237.7,Secondary / secondary special,Married,Drivers,-21169,-3045,5,2,33000.0,True,4,0.905,1,True,0
900289,0,Cash loans,F,0,306200.0,1238600.0,72747.3,Secondary / secondary special,Single / not married,Drivers,-24130,-1205,2,1,493000.0,True,0,0.0,0,False,0
900290,0,Revolving loans,F,0,220500.0,1133200.0,38832.6,Secondary / secondary special,Married,Laborers,-13608,-472,3,2,176600.0,True,4,0.556,0,True,0
900291,0,Cash loans,F,0,44200.0,134900.0,12617.4,Secondary / secondary special,Married,,-19815,-7242,4,1,145600.0,True,2,0.825,0,True,1
900292,0,Revolving loans,M,1,157600.0,356000.0,15316.1,Secondary / secondary special,Married,Drivers,-20216,-1068,5,2,95900.0,True,1,0.325,0,True,0
900293,0,Cash loans,M,0,130400.0,427200.0,11279.0,Secondary / secondary special,Married,Core staff,-11539,-884,0,0,0.0,False,1,0.753,0,True,0
900294,1,Cash loans,M,1,50600.0,169700.0,5167.0,Secondary / secondary special,Separated,,-18685,-2715,5,1,81900.0,True,4,0.554,0,True,1
900295,0,Cash loans,F,1,73400.0,346600.0,17341.1,Higher education,Married,Drivers,-19147,-2154,5,3,736000.0,True,2,0.75,1,True,0
900296,0,Cash loans,F,0,208800.0,958600.0,36234.9,Secondary / secondary special,Married,,-21051,-1989,0,0,0.0,False,3,0.523,0,True,1
900297,0,Cash loans,M,1,153600.0,444200.0,11257.5,Secondary / secondary special,Separated,Managers,-25184,-4546,0,0,0.0,False,3,0.704,0,True,0
900298,0,Cash loans,F,1,145800.0,828400.0,26307.0,Secondary / secondary special,Separated,Managers,-8369,-1799,7,2,402000.0,True,4,0.693,1,True,0
900299,1,Cash loans,M,0,101100.0,277000.0,10004.0,Secondary / secondary special,Married,,-11209,-1148,5,2,40900.0,True,2,0.691,0,True,1
900300,0,Revolving loans,F,0,240500.0,1439200.0,53746.6,Secondary / secondary special,Single / not married,Drivers,-10206,-1779,8,4,253700.0,True,2,0.852,1,True,0
900301,0,Revolving loans,M,0,75700.0,124700.0,3386.0,Secondary / secondary special,Civil marriage,Laborers,-10370,-441,5,3,111700.0,True,1,0.616,0,True,0
900302,0,Cash loans,F,0,89800.0,407000.0,25688.5,Secondary / secondary special,Married,Sales staff,-15623,-2605,5,2,308900.0,True,3,0.584,2,True,1
900303,0,Revolving loans,M,1,119400.0,512300.0,18724.1,Secondary / secondary special,Single / not married,Cleaning staff,-23056,-1477,3,0,140400.0,True,0,0.0,0,False,1
900304,0,Cash loans,F,1,65300.0,269800.0,13157.8,Secondary / secondary special,Single / not married,Security staff,-15526,-1045,3,1,18900.0,True,3,0.477,0,True,2
900305,0,Revolving loans,M,0,90100.0,451100.0,18760.3,Secondary / secondary special,Married,Laborers,-19376,-3008,0,0,0.0,False,4,0.334,1,True,1
900306,0,Cash loans,F,0,238000.0,989800.0,88394.8,Secondary / secondary special,Separated,Managers,-14261,-6926,6,0,12900.0,True,3,0.524,0,True,1
900307,0,Cash loans,F,0,91800.0,389700.0,11530.8,Higher education,Widow,Sales staff,-13265,-2585,4,1,175300.0,True,6,0.855,0,True,0
900308,0,Cash loans,F,0,206900.0,1127200.0,72588.2,Secondary / secondary special,Married,High skill tech staff,-22280,-763,6,2,1206000.0,True,4,0.614,1,True,0
900309,0,Cash loans,F,2,192300.0,450000.0,16740.4,Secondary / secondary special,Married,Laborers,-19150,-1115,11,4,700500.0,True,0,0.0,0,False,0
900310,0,Cash loans,F,0,128700.0,500700.0,13281.3,Secondary / secondary special,Separated,Laborers,-13812,-4324,3,1,233500.0,True,2,0.87,0,True,0
900311,0,Cash loans,F,0,68900.0,324100.0,18286.1,Secondary / secondary special,Married,,-23681,-850,5,3,85500.0,True,1,0.903,0,True,1
900312,0,Cash loans,M,0,144500.0,416900.0,21021.6,Secondary / secondary special,Married,Security staff,-16398,-2188,5,1,140000.0,True,5,0.651,2,True,0
900313,1,Cash loans,M,1,48700.0,121200.0,5463.5,Secondary / secondary special,Single / not married,Medicine staff,-10963,-1248,6,2,476800.0,True,5,0.373,0,True,5
900314,0,Cash loans,M,0,107500.0,223600.0,8495.6,Secondary / secondary special,Single / not married,,-16131,-241,2,0,63000.0,True,5,0.769,3,True,0
900315,0,Cash loans,F,0,158100.0,424000.0,25083.8,Secondary / secondary special,Married,Sales staff,-19485,-1268,5,2,237600.0,True,2,0.918,1,True,1
900316,0,Cash loans,F,3,216200.0,972300.0,30239.8,Secondary / secondary special,Married,Laborers,-14096,-676,1,0,58800.0,True,3,0.737,0,True,0
900317,0,Cash loans,F,0,129800.0,553900.0,19172.0,Secondary / secondary special,Civil marriage,,-22448,-1334,2,0,110000.0,True,0,0.0,0,False,0
900318,0,Cash loans,F,0,103300.0,234800.0,18348.2,Secondary / secondary special,Widow,,-17005,-3326,3,1,89300.0,True,3,0.44,0,True,0
900319,0,Cash loans,F,1,99200.0,368100.0,14556.0,Secondary / secondary special,Married,High skill tech staff,-15860,-1673,6,2,236600.0,True,3,0.888,1,True,1
900320,0,Cash loans,M,1,110800.0,272800.0,13119.1,Secondary / secondary special,Married,,-22709,-849,0,0,0.0,False,2,0.816,1,True,0
900321,1,Cash loans,F,0,191300.0,1092700.0,53253.7,Secondary / secondary special,Married,Sales staff,-15775,-87,0,0,0.0,False,4,0.604,1,True,1
900322,0,Revolving loans,F,0,166800.0,793700.0,20097.4,Secondary / secondary special,Married,Medicine staff,-14925,-3047,4,1,126800.0,True,4,0.435,0,True,0
900323,1,Cash loans,F,0,138500.0,315800.0,14248.1,Secondary / secondary special,Married,,-9482,-2912,3,1,213900.0,True,4,0.849,1,True,2
900324,0,Revolving loans,F,2,191800.0,537800.0,50170.5,Secondary / secondary special,Married,Sales staff,-14015,-206,3,2,546400.0,True,3,0.694,0,True,1
900325,0,Cash loans,F,0,140000.0,747400.0,36197.3,Higher education,Married,Cleaning staff,-14621,-2510,3,2,145900.0,True,2,0.53,1,True,0
900326,0,Cash loans,F,1,71800.0,287700.0,10279.7,Secondary / secondary special,Civil marriage,Drivers,-10829,-844,2,1,167000.0,True,3,0.511,1,True,0
900327,0,Cash loans,F,1,80400.0,249400.0,9654.2,Higher education,Civil marriage,,-17963,-281,3,0,293200.0,True,1,0.534,0,True,0
900328,0,Cash loans,F,0,189100.0,792900.0,64397.8,Higher education,Single / not married,,-10185,-28,1,0,71300.0,True,5,0.873,2,True,0
900329,0,Cash loans,M,0,70400.0,229000.0,15220.4,Secondary / secondary special,Married,Drivers,-11584,-4307,5,0,187100.0,True,3,0.49,0,True,1
900330,0,Cash loans,M,0,115700.0,648100.0,19591.3,Higher education,Married,,-17495,-61,6,2,61500.0,True,0,0.0,0,False,0
900331,0,Cash loans,F,0,132200.0,718000.0,70273.5,Secondary / secondary special,Married,Core staff,-12377,-736,3,0,105600.0,True,3,0.648,1,True,1
900332,0,Cash loans,F,1,83500.0,185500.0,10966.0,Secondary / secondary special,Married,,-18871,-6745,7,1,1590800.0,True,0,0.0,0,False,2
900333,0,Cash loans,F,0,60800.0,276500.0,7013.9,Incomplete higher,Single / not married,High skill tech staff,-19762,-140,3,1,128000.0,True,2,0.729,0,True,0
900334,0,Cash loans,M,0,77800.0,409900.0,13815.7,Secondary / secondary special,Civil marriage,Laborers,-12943,-113,0,0,0.0,False,5,0.899,0,True,0
900335,0,Cash loans,F,1,56600.0,138700.0,7986.9,Higher education,Civil marriage,Laborers,-9196,-516,4,2,8200.0,True,3,0.797,0,True,0
900336,0,Cash loans,F,0,190100.0,1030700.0,65150.2,Higher education,Married,Drivers,-16240,-7055,8,3,243500.0,True,3,0.542,0,True,0
900337,0,Cash loans,F,1,170800.0,578700.0,25725.0,Higher education,Single / not married,,-9292,-2583,5,1,1318400.0,True,3,0.821,0,True,0
900338,0,Cash loans,M,0,95800.0,276400.0,9411.9,Secondary / secondary special,Married,Core staff,-16691,-1676,8,3,59000.0,True,5,0.476,2,True,1
900339,0,Cash loans,F,0,70700.0,419100.0,27697.5,Secondary / secondary special,Married,Cleaning staff,-20388,-4712,2,1,494200.0,True,2,0.195,1,True,0
900340,0,Cash loans,F,0,250800.0,1152700.0,35535.1,Secondary / secondary special,Married,Core staff,-18533,-572,0,0,0.0,False,3,0.532,0,True,0
900341,0,Cash loans,F,4,174500.0,489900.0,43515.9,Secondary / secondary special,Single / not married,,-15518,-2430,1,1,24300.0,True,2,0.797,0,True,0
900342,0,Revolving loans,F,0,102600.0,398500.0,25189.8,Higher education,Separated,Medicine staff,-24236,-1250,0,0,0.0,False,1,0.928,1,True,0
900343,0,Cash loans,F,1,253500.0,1114300.0,40215.4,Secondary / secondary special,Married,,-9447,-558,3,0,70700.0,True,3,0.916,0,True,0
900344,0,Cash loans,M,1,150000.0,705600.0,22625.8,Secondary / secondary special,Civil marriage,Laborers,-23082,-1744,4,2,170300.0,True,4,0.928,3,True,1
900345,0,Cash loans,M,0,164100.0,400800.0,13286.3,Academic degree,Single / not married,,-21683,-3239,2,1,107500.0,True,3,0.958,0,True,0
900346,0,Cash loans,M,0,83200.0,355700.0,19922.3,Secondary / secondary special,Married,Managers,-15018,-1494,4,3,50000.0,True,0,0.0,0,False,0
900347,0,Cash loans,M,1,65600.0,348500.0,16160.5,Higher education,Married,,-10343,-948,0,0,0.0,False,5,0.826,0,True,0
900348,0,Cash loans,F,0,63900.0,326900.0,29373.9,Secondary / secondary special,Married,,-10395,-228,7,4,545400.0,True,2,0.968,1,True,0
900349,1,Cash loans,M,0,396700.0,1120400.0,111882.0,Secondary / secondary special,Married,Laborers,-23815,-1951,2,1,306400.0,True,3,0.823,1,True,1
900350,1,Cash loans,M,0,92600.0,543200.0,24148.1,Secondary / secondary special,Married,,-11759,-779,6,3,182500.0,True,2,0.52,1,True,1
900351,0,Cash loans,F,1,144600.0,225100.0,8558.7,Secondary / secondary special,Single / not married,Drivers,-22979,-959,1,0,137700.0,True,2,0.526,0,True,1
900352,0,Revolving loans,F,1,176200.0,882000.0,25466.5,Higher education,Married,Sales staff,-16482,-969,4,3,285600.0,True,2,0.544,0,True,0
900353,0,Cash loans,M,0,138500.0,405400.0,10427.0,Secondary / secondary special,Married,Sales staff,-15754,-1401,3,2,81900.0,True,2,0.649,0,True,0
900354,0,Cash loans,M,1,129600.0,743300.0,26570.7,Secondary / secondary special,Civil marriage,,-18518,-1246,5,0,378500.0,True,2,0.846,1,True,2
900355,0,Cash loans,M,0,128200.0,689000.0,19973.0,Higher education,Single / not married,Security staff,-11432,-4213,3,0,36600.0,True,6,0.371,1,True,0
900356,0,Cash loans,F,0,178000.0,972800.0,69913.7,Secondary / secondary special,Married,Laborers,-15170,-1671,2,2,22000.0,True,1,0.933,0,True,1
900357,0,Cash loans,M,1,83200.0,219100.0,6350.7,Secondary / secondary special,Single / not married,Laborers,-24107,-2583,6,3,294600.0,True,0,0.0,0,False,0
900358,0,Cash loans,F,0,112300.0,570900.0,32434.2,Secondary / secondary special,Married,,-11839,-1871,4,2,46100.0,True,3,0.511,1,True,0
900359,0,Cash loans,F,1,44200.0,132500.0,5943.7,Higher education,Single / not married,Cleaning staff,-23811,-76,3,2,65300.0,True,1,0.902,0,True,0
900360,0,Cash loans,M,0,55200.0,193900.0,18224.1,Higher education,Married,Core staff,-25083,-682,5,0,47900.0,True,6,0.486,0,True,1
900361,0,Cash loans,F,0,73200.0,407700.0,16958.3,Secondary / secondary special,Married,,-8574,-413,0,0,0.0,False,5,0.66,1,True,0
900362,0,Cash loans,F,0,214500.0,1017200.0,34436.0,Secondary / secondary special,Separated,,-16974,-1766,3,0,62400.0,True,1,0.658,1,True,0
900363,0,Cash loans,M,1,122200.0,535500.0,30492.5,Lower secondary,Married,Laborers,-10675,-4105,4,3,692100.0,True,3,0.747,2,True,2
900364,0,Revolving loans,F,2,198400.0,412700.0,12046.1,Higher education,Married,,-18557,-311,4,2,349200.0,True,0,0.0,0,False,0
900365,0,Cash loans,F,0,169700.0,665600.0,17615.1,Secondary / secondary special,Married,Core staff,-25001,-1172,4,2,200600.0,True,3,0.754,0,True,0
900366,0,Cash loans,F,0,159400.0,327700.0,12083.2,Secondary / secondary special,Married,,-23378,-1698,3,1,871300.0,True,3,0.952,0,True,0
900367,0,Cash loans,F,1,87300.0,160400.0,9260.0,Secondary / secondary special,Civil marriage,Laborers,-23868,-866,4,1,53700.0,True,1,0.852,0,True,1
900368,0,Cash loans,F,0,145300.0,836900.0,26859.7,Secondary / secondary special,Married,Drivers,-11402,-2092,5,1,173100.0,True,3,0.81,0,True,1
900369,0,Cash loans,F,1,159000.0,662400.0,35162.6,Secondary / secondary special,Married,Sales staff,-17166,-981,6,1,12100.0,True,3,0.531,0,True,0
900370,0,Revolving loans,M,1,420700.0,642700.0,43181.3,Secondary / secondary special,Civil marriage,,-11779,-1203,0,0,0.0,False,5,0.892,0,True,1
900371,0,Cash loans,F,0,117800.0,425300.0,22920.1,Secondary / secondary special,Married,Laborers,-23422,-3205,4,0,35200.0,True,4,0.719,2,True,0
900372,0,Cash loans,M,1,201900.0,563400.0,24315.6,Higher education,Married,Medicine staff,-11014,-1474,4,3,408100.0,True,3,0.872,0,True,0
900373,0,Cash loans,F,0,131600.0,288500.0,17202.7,Secondary / secondary special,Married,High skill tech staff,-10362,-2706,5,3,600200.0,True,6,0.703,2,True,0
900374,0,Cash loans,F,0,98500.0,510800.0,25390.3,Higher education,Separated,Drivers,-7878,-1308,7,4,111300.0,True,1,0.61,1,True,0
900375,0,Cash loans,M,2,216200.0,473700.0,21661.2,Secondary / secondary special,Married,High skill tech staff,-10852,-545,5,0,1853400.0,True,4,0.776,2,True,1
900376,0,Revolving loans,F,0,360500.0,810600.0,24853.1,Incomplete higher,Married,,-10989,-908,4,2,59200.0,True,2,0.902,1,True,0
900377,0,Cash loans,M,0,159600.0,406500.0,11377.2,Secondary / secondary special,Married,,-9022,-1927,0,0,0.0,False,5,0.859,1,True,1
900378,0,Cash loans,F,0,99500.0,468200.0,13474.5,Secondary / secondary special,Married,,-22867,-1184,4,1,82800.0,True,2,0.754,0,True,0
900379,0,Cash loans,M,0,176900.0,417200.0,26410.7,Secondary / secondary special,Single / not married,,-21330,-164,4,0,228400.0,True,2,0.278,0,True,0
900380,0,Cash loans,F,0,161000.0,474300.0,13831.0,Secondary / secondary special,Separated,High skill tech staff,-12123,-2016,8,1,424800.0,True,3,0.955,2,True,0
900381,0,Cash loans,M,0,424100.0,2358200.0,80715.9,Secondary / secondary special,Single / not married,,-21387,-2456,2,1,358900.0,True,2,0.93,0,True,2
900382,0,Cash loans,F,0,202900.0,820400.0,47881.6,Higher education,Civil marriage,Laborers,-15061,-512,0,0,0.0,False,1,0.791,0,True,0
900383,0,Revolving loans,F,0,87800.0,200100.0,9403.1,Secondary / secondary special,Married,,-21252,-5086,3,1,516000.0,True,2,0.591,0,True,0
900384,0,Cash loans,F,1,264800.0,1421900.0,69821.1,Higher education,Married,High skill tech staff,-13324,-1457,3,1,84700.0,True,4,0.813,0,True,1
900385,0,Cash loans,M,1,206300.0,784900.0,34045.6,Secondary / secondary special,Married,Drivers,-17557,-247,8,4,3679700.0,True,5,0.525,0,True,1
900386,0,Cash loans,F,2,223500.0,1174300.0,33223.6,Secondary / secondary special,Married,Drivers,-14350,-496,0,0,0.0,False,0,0.0,0,False,0
900387,0,Cash loans,F,0,174900.0,324300.0,14511.2,Secondary / secondary special,Married,Laborers,-10953,-1588,4,1,16300.0,True,2,0.536,1,True,0
900388,0,Cash loans,F,1,231800.0,516500.0,44373.2,Secondary / secondary special,Married,Security staff,-17925,-264,0,0,0.0,False,4,0.914,1,True,2
900389,0,Cash loans,F,1,174500.0,333800.0,10392.3,Secondary / secondary special,Married,Medicine staff,-20819,-1273,4,0,65300.0,True,3,0.681,0,True,0
900390,0,Cash loans,M,0,123300.0,452000.0,13448.1,Secondary / secondary special,Civil marriage,Core staff,-20859,-4547,2,2,1543700.0,True,2,0.555,0,True,0
900391,0,Cash loans,M,1,149700.0,485500.0,17870.0,Secondary / secondary special,Married,Core staff,-13907,-6508,4,2,53800.0,True,4,0.689,0,True,0
900392,0,Cash loans,F,0,132100.0,445400.0,18364.1,Secondary / secondary special,Married,Laborers,-16752,-3936,5,1,12600.0,True,3,0.9,1,True,0
900393,0,Cash loans,M,0,166100.0,523100.0,15773.5,Secondary / secondary special,Married,Managers,-21046,-1225,4,2,459400.0,True,4,0.462,0,True,0
900394,0,Cash loans,F,1,145700.0,496600.0,46574.9,Secondary / secondary special,Married,Cooking staff,-8619,-2049,4,1,6400.0,True,1,0.748,0,True,1
900395,1,Cash loans,F,0,119600.0,384600.0,13972.3,Secondary / secondary special,Married,Laborers,-8924,-2354,5,3,102200.0,True,3,0.601,0,True,2
900396,0,Cash loans,F,1,127800.0,283500.0,7352.5,Secondary / secondary special,Married,,-14256,-3058,2,1,367300.0,True,3,0.528,0,True,0
900397,0,Cash loans,F,0,139700.0,567300.0,16769.7,Higher education,Married,,-11580,-2252,3,1,99000.0,True,5,0.61,1,True,1
900398,0,Cash loans,M,1,57500.0,311100.0,17032.0,Secondary / secondary special,Married,Low-skill Laborers,-14228,-511,2,1,727100.0,True,2,0.823,0,True,0
900399,0,Cash loans,M,0,233700.0,1396000.0,37196.4,Higher education,Married,Sales staff,-9307,-2598,3,1,234300.0,True,3,0.695,1,True,2
900400,0,Cash loans,M,0,166600.0,337800.0,21015.4,Secondary / secondary special,Married,Cleaning staff,-18036,-2259,4,2,55700.0,True,3,0.976,0,True,0
900401,0,Cash loans,M,0,103100.0,345400.0,13079.3,Incomplete higher,Separated,Core staff,-19433,-2928,4,1,193300.0,True,1,0.719,0,True,0
900402,0,Cash loans,F,1,188200.0,486500.0,16921.8,Secondary / secondary special,Married,,-21538,-326,0,0,0.0,False,2,0.757,2,True,0
900403,0,Revolving loans,F,0,108600.0,439900.0,39914.3,Secondary / secondary special,Married,Sales staff,-19062,-1201,3,0,199400.0,True,2,0.759,1,True,0
900404,0,Cash loans,F,0,108600.0,339000.0,24534.5,Secondary / secondary special,Married,,-14609,-329,5,0,272000.0,True,3,0.837,0,True,1
900405,0,Cash loans,M,0,168800.0,919900.0,34936.9,Higher education,Married,Laborers,-24044,-193,0,0,0.0,False,3,0.853,0,True,1
900406,0,Cash loans,F,1,286300.0,1634300.0,105937.1,Secondary / secondary special,Married,Laborers,-20390,-111,0,0,0.0,False,7,0.66,2,True,0
900407,0,Cash loans,M,1,161000.0,477000.0,21130.1,Higher education,Married,Sales staff,-16909,-4451,7,4,24500.0,True,0,0.0,0,False,0
900408,0,Cash loans,F,2,95000.0,294900.0,9459.8,Secondary / secondary special,Married,Laborers,-11289,-1978,5,1,233200.0,True,3,0.626,0,True,0
900409,0,Cash loans,F,0,117400.0,458700.0,15948.7,Secondary / secondary special,Single / not married,Laborers,-19035,-1964,3,1,754200.0,True,3,0.663,1,True,0
900410,0,Cash loans,M,1,214000.0,933000.0,25754.0,Higher education,Married,Accountants,-18031,-11461,0,0,0.0,False,2,0.776,0,True,1
900411,0,Revolving loans,F,0,171400.0,837500.0,22253.1,Secondary / secondary special,Married,,-19636,-470,4,3,34800.0,True,1,0.549,0,True,2
900412,0,Cash loans,F,2,226200.0,441200.0,11672.6,Secondary / secondary special,Single / not married,Security staff,-21350,-1408,5,4,243300.0,True,2,0.826,2,True,0
900413,0,Cash loans,F,1,170400.0,294800.0,13540.5,Higher education,Civil marriage,Sales staff,-23696,-1721,5,4,431200.0,True,3,0.88,1,True,0
900414,0,Cash loans,M,1,205800.0,936800.0,68591.5,Secondary / secondary special,Single / not married,Core staff,-24292,-3091,0,0,0.0,False,6,0.782,1,True,0
900415,0,Revolving loans,F,1,383000.0,1399500.0,46627.1,Secondary / secondary special,Married,,-18705,-1053,5,3,302300.0,True,2,0.831,0,True,0
900416,0,Cash loans,F,0,71200.0,322300.0,8578.6,Secondary / secondary special,Single / not married,,-24588,-1752,4,2,203200.0,True,3,0.594,0,True,0
900417,0,Revolving loans,F,1,466500.0,1332900.0,40295.8,Higher education,Widow,Managers,-23633,-945,6,2,75900.0,True,2,0.732,0,True,0
900418,0,Revolving loans,F,0,223600.0,508600.0,16453.8,Secondary / secondary special,Married,Medicine staff,-7710,-1140,1,0,125100.0,True,2,0.658,1,True,0
900419,0,Cash loans,F,0,520200.0,1040700.0,30538.9,Secondary / secondary special,Married,Sales staff,-18836,-1943,2,0,459600.0,True,2,0.627,1,True,0
900420,1,Cash loans,F,0,85600.0,431300.0,19345.6,Secondary / secondary special,Married,,-10791,-4221,0,0,0.0,False,2,0.911,1,True,0
900421,0,Cash loans,F,0,169500.0,561700.0,22420.6,Higher education,Civil marriage,Drivers,-12836,-2149,3,1,58100.0,True,2,0.569,0,True,0
900422,0,Cash loans,M,1,151600.0,283900.0,17747.7,Secondary / secondary special,Married,Security staff,-12877,-3451,5,2,336800.0,True,4,0.514,0,True,1
900423,0,Cash loans,M,1,217800.0,568600.0,18861.4,Secondary / secondary special,Single / not married,Core staff,-16129,-2677,3,1,232300.0,True,3,0.569,0,True,0
900424,0,Cash loans,M,2,177100.0,952200.0,46586.6,Higher education,Married,,-7855,-449,3,3,766500.0,True,2,0.876,0,True,2
900425,0,Revolving loans,F,0,167400.0,613800.0,34054.8,Higher education,Married,Laborers,-11796,-626,1,0,416600.0,True,1,0.842,1,True,0
900426,0,Cash loans,F,1,206700.0,1103800.0,63001.2,Secondary / secondary special,Married,Cooking staff,-8175,-833,3,3,83400.0,True,4,0.785,1,True,0
900427,0,Cash loans,F,0,132700.0,763600.0,30156.4,Secondary / secondary special,Married,,-19062,-2027,5,3,840600.0,True,4,0.666,1,True,1
900428,0,Cash loans,F,0,108200.0,194900.0,7439.2,Secondary / secondary special,Civil marriage,,-23245,-4158,6,3,214400.0,True,2,0.841,2,True,0
900429,0,Cash loans,F,0,175600.0,1008700.0,28996.3,Secondary / secondary special,Married,Managers,-25146,-2218,3,0,333400.0,True,3,0.546,1,True,0
900430,0,Cash loans,F,3,108100.0,342700.0,9141.1,Secondary / secondary special,Married,Sales staff,-15523,-1351,3,1,104200.0,True,3,0.904,0,True,1
900431,1,Revolving loans,F,1,131500.0,610500.0,31674.0,Secondary / secondary special,Civil marriage,,-12222,-465,0,0,0.0,False,2,0.744,0,True,1
900432,1,Cash loans,F,1,68100.0,225700.0,11310.6,Secondary / secondary special,Married,Core staff,-22611,-1388,3,1,86800.0,True,0,0.0,0,False,1
900433,0,Cash loans,F,0,144000.0,614300.0,33321.1,Secondary / secondary special,Married,Cooking staff,-9647,-3077,2,1,14900.0,True,1,0.847,0,True,0
900434,0,Cash loans,F,1,88000.0,397200.0,20837.6,Secondary / secondary special,Married,Accountants,-24733,-2257,5,2,1139100.0,True,1,0.921,0,True,1
900435,0,Cash loans,M,0,137700.0,289000.0,9072.5,Secondary / secondary special,Separated,,-20188,-778,2,2,59600.0,True,2,0.809,1,True,0
900436,0,Revolving loans,F,0,81300.0,279700.0,9687.3,Secondary / secondary special,Married,Accountants,-16493,-2866,4,1,83600.0,True,3,0.834,0,True,0
900437,0,Revolving loans,M,0,138700.0,337000.0,27320.6,Secondary / secondary special,Married,Core staff,-9358,-290,3,0,77900.0,True,1,0.726,0,True,2
900438,0,Cash loans,F,3,219500.0,447100.0,16452.0,Secondary / secondary special,Married,,-7983,-1413,1,1,1146200.0,True,3,0.812,0,True,0
900439,0,Cash loans,M,1,103900.0,432600.0,12209.4,Higher education,Married,,-17205,-472,5,5,264700.0,True,4,0.715,1,True,3
900440,0,Cash loans,F,0,87800.0,400500.0,33923.6,Secondary / secondary special,Married,Low-skill Laborers,-14915,-24,3,1,312400.0,True,6,0.925,1,True,0
900441,0,Cash loans,F,1,206900.0,550200.0,14804.6,Higher education,Married,,-22428,-1635,6,1,450900.0,True,6,0.883,1,True,0
900442,0,Cash loans,F,0,221000.0,338800.0,19136.9,Lower secondary,Married,,-18918,-2973,5,2,357800.0,True,2,0.748,0,True,0
900443,0,Revolving loans,F,0,173100.0,1015800.0,51218.0,Secondary / secondary special,Married,Core staff,-15231,-3029,5,3,198700.0,True,3,0.836,0,True,2
900444,0,Cash loans,F,1,110900.0,403300.0,18344.4,Higher education,Married,Drivers,-11624,-3975,3,1,191700.0,True,0,0.0,0,False,1
900445,0,Cash loans,F,0,102200.0,453100.0,31755.3,Secondary / secondary special,Single / not married,,-16081,-1469,3,1,809800.0,True,1,0.772,0,True,1
900446,1,Cash loans,M,1,118600.0,218000.0,16828.7,Secondary / secondary special,Married,Managers,-10520,-1110,1,0,41100.0,True,1,0.563,0,True,1
900447,0,Cash loans,M,0,135900.0,583100.0,33864.2,Secondary / secondary special,Single / not married,Drivers,-19351,-2418,0,0,0.0,False,2,0.702,2,True,0
900448,0,Cash loans,F,0,59100.0,291500.0,28686.1,Secondary / secondary special,Married,Drivers,-18277,-4164,4,1,318100.0,True,3,0.885,1,True,2
900449,0,Cash loans,M,0,85600.0,146700.0,5370.2,Secondary / secondary special,Married,Drivers,-21857,-430,3,1,224000.0,True,4,0.743,0,True,0
900450,0,Cash loans,F,0,261700.0,1009100.0,71902.5,Higher education,Married,,-15540,-3338,3,1,106300.0,True,2,0.913,0,True,1
900451,0,Cash loans,F,1,155300.0,332200.0,25952.2,Secondary / secondary special,Single / not married,Medicine staff,-12546,-5213,6,1,2127700.0,True,5,0.794,0,True,0
900452,1,Cash loans,F,0,258600.0,558900.0,20779.3,Higher education,Civil marriage,Sales staff,-22318,-3621,0,0,0.0,False,0,0.0,0,False,2
900453,0,Cash loans,F,2,232600.0,992400.0,35725.2,Lower secondary,Married,Laborers,-19771,-968,3,2,163800.0,True,4,0.643,1,True,0
900454,0,Cash loans,M,0,119800.0,513500.0,17233.5,Higher education,Civil marriage,,-20046,-3228,5,3,211300.0,True,3,0.65,0,True,1
900455,0,Cash loans,M,0,120700.0,481800.0,19185.1,Secondary / secondary special,Widow,Core staff,-16917,-1023,2,2,99000.0,True,2,0.475,0,True,0
900456,0,Cash loans,M,0,227000.0,861600.0,23586.3,Secondary / secondary special,Widow,,-23012,-792,7,4,74300.0,True,2,0.913,1,True,1
900457,0,Cash loans,F,0,204600.0,739600.0,53805.5,Secondary / secondary special,Married,Sales staff,-11655,-5085,0,0,0.0,False,2,0.891,0,True,0
900458,0,Cash loans,F,1,229400.0,840900.0,25035.2,Secondary / secondary special,Married,,-14702,-1887,6,2,887300.0,True,1,0.548,0,True,1
900459,0,Cash loans,M,0,139100.0,418000.0,18714.2,Secondary / secondary special,Single / not married,Managers,-21614,-3783,2,0,101300.0,True,3,0.655,0,True,1
900460,0,Cash loans,F,0,150300.0,399500.0,10767.1,Secondary / secondary special,Married,,-9994,-1497,5,2,237000.0,True,4,0.718,2,True,0
900461,0,Cash loans,M,0,123200.0,332100.0,19494.1,Higher education,Single / not married,Core staff,-21823,-1315,4,2,79000.0,True,1,0.877,0,True,2
900462,0,Cash loans,F,0,136300.0,761400.0,19811.3,Secondary / secondary special,Married,Core staff,-13842,-2414,6,0,336500.0,True,5,0.694,1,True,0
900463,0,Cash loans,M,1,99400.0,268400.0,7452.4,Secondary / secondary special,Single / not married,Laborers,-9863,-3293,0,0,0.0,False,4,0.772,2,True,0
900464,0,Cash loans,M,0,134900.0,429700.0,28278.8,Secondary / secondary special,Married,Security staff,-9051,-2392,6,5,124500.0,True,0,0.0,0,False,0
900465,0,Cash loans,F,1,129200.0,486900.0,21125.9,Secondary / secondary special,Civil marriage,Sales staff,-22434,-1525,1,1,326700.0,True,4,0.763,0,True,1
900466,0,Cash loans,F,0,111300.0,538900.0,31164.2,Higher education,Single / not married,Drivers,-21306,-1111,4,3,132900.0,True,3,0.573,0,True,0
900467,0,Cash loans,F,0,207900.0,1038900.0,72847.3,Higher education,Married,Laborers,-12711,-947,2,1,158100.0,True,1,0.88,0,True,1
900468,0,Cash loans,F,0,69200.0,328500.0,15179.8,Secondary / secondary special,Married,Drivers,-9703,-138,0,0,0.0,False,3,0.861,0,True,1
900469,0,Cash loans,M,0,165700.0,474500.0,18211.6,Secondary / secondary special,Married,Medicine staff,-11996,-2521,2,2,212700.0,True,0,0.0,0,False,1
900470,0,Cash loans,F,0,88300.0,197300.0,8948.9,Higher education,Civil marriage,Laborers,-11396,-2071,8,4,195100.0,True,5,0.796,0,True,0
900471,0,Cash loans,F,1,91600.0,474200.0,23768.4,Secondary / secondary special,Married,Cleaning staff,-20508,-660,2,1,29700.0,True,0,0.0,0,False,0
900472,0,Cash loans,F,0,95600.0,519600.0,26194.2,Secondary / secondary special,Married,,-11441,-1542,4,2,38600.0,True,1,0.72,0,True,0
900473,0,Cash loans,F,0,177200.0,993800.0,67008.5,Secondary / secondary special,Married,High skill tech staff,-11451,-2904,6,4,22400.0,True,3,0.939,0,True,0
900474,1,Cash loans,F,0,45300.0,242900.0,14560.3,Secondary / secondary special,Single / not married,Sales staff,-8230,-1121,4,3,32100.0,True,4,0.671,0,True,2
900475,0,Revolving loans,M,0,152300.0,476100.0,18394.6,Higher education,Married,,-18121,-6239,6,4,248800.0,True,3,0.625,1,True,0
900476,0,Cash loans,M,0,143200.0,313700.0,21236.2,Secondary / secondary special,Widow,Core staff,-19735,-406,4,2,101700.0,True,1,0.964,0,True,0
900477,0,Cash loans,M,0,86200.0,389400.0,11162.5,Secondary / secondary special,Married,,-19114,-746,6,3,74900.0,True,4,0.977,2,True,0
900478,0,Cash loans,F,1,153400.0,678400.0,21143.8,Higher education,Civil marriage,Medicine staff,-17626,-3323,5,2,1089500.0,True,3,0.962,1,True,0
900479,0,Cash loans,F,0,76300.0,199600.0,5032.1,Secondary / secondary special,Single / not married,High skill tech staff,-24590,-3240,4,1,563000.0,True,1,0.648,0,True,0
900480,0,Cash loans,F,0,137000.0,587900.0,30145.3,Secondary / secondary special,Married,Core staff,-15947,-2156,2,1,26100.0,True,0,0.0,0,False,0
900481,1,Revolving loans,F,0,74900.0,448800.0,29007.5,Secondary / secondary special,Married,,-22734,-1807,3,0,57700.0,True,3,0.664,0,True,1
900482,0,Cash loans,F,0,390300.0,881500.0,71868.2,Lower secondary,Married,Cleaning staff,-18983,-478,5,1,52800.0,True,1,0.709,0,True,0
900483,0,Cash loans,F,0,215400.0,690100.0,33665.6,Incomplete higher,Married,Accountants,-9139,-580,3,0,160700.0,True,4,0.749,1,True,1
900484,0,Cash loans,F,2,158400.0,516300.0,13721.0,Secondary / secondary special,Married,Managers,-21857,-1485,4,1,36200.0,True,2,0.849,0,True,0
900485,0,Cash loans,F,0,86800.0,213600.0,7701.2,Higher education,Civil marriage,Laborers,-17903,-704,5,1,70900.0,True,4,0.905,1,True,0
900486,0,Cash loans,F,0,122000.0,615700.0,15886.5,Higher education,Married,Laborers,-19114,-221,4,3,237500.0,True,3,0.911,0,True,0
900487,0,Revolving loans,F,0,124500.0,583000.0,15579.7,Secondary / secondary special,Married,Laborers,-10822,-2648,4,3,129500.0,True,1,0.704,0,True,0
900488,1,Cash loans,M,1,158000.0,391300.0,18291.7,Secondary / secondary special,Married,High skill tech staff,-15329,-7510,7,3,35500.0,True,3,0.874,0,True,0
900489,0,Cash loans,F,0,170900.0,916000.0,39589.2,Higher education,Married,,-23092,-1205,4,2,167700.0,True,1,0.891,0,True,2
900490,0,Cash loans,M,0,156700.0,535300.0,28202.4,Secondary / secondary special,Married,,-11439,-1143,3,3,173000.0,True,2,0.458,0,True,0
900491,0,Cash loans,F,0,166100.0,660900.0,20488.4,Secondary / secondary special,Married,,-7667,-1097,6,2,190000.0,True,3,0.758,2,True,0
900492,0,Cash loans,F,0,128600.0,589200.0,21756.4,Secondary / secondary special,Separated,Laborers,-12176,-438,2,1,31900.0,True,2,0.459,0,True,1
900493,0,Cash loans,F,0,166100.0,902500.0,75823.4,Secondary / secondary special,Single / not married,Core staff,-16206,-1744,6,3,441300.0,True,0,0.0,0,False,1
900494,0,Cash loans,F,1,101800.0,256600.0,6831.7,Secondary / secondary special,Married,High skill tech staff,-22053,-2233,3,2,86800.0,True,4,0.8,2,True,1
900495,0,Cash loans,F,0,82300.0,342800.0,10213.1,Secondary / secondary special,Single / not married,Security staff,-18935,-436,5,3,42300.0,True,5,0.811,1,True,0
900496,0,Revolving loans,M,0,352700.0,1594900.0,41983.3,Secondary / secondary special,Married,,-23766,-1357,5,1,162000.0,True,3,0.918,1,True,2
900497,0,Cash loans,M,1,172400.0,946300.0,54124.5,Lower secondary,Married,,-15646,-3657,4,2,310900.0,True,2,0.817,1,True,0
900498,0,Cash loans,F,0,345400.0,1718500.0,52731.3,Secondary / secondary special,Married,Laborers,-14512,-451,3,0,289000.0,True,3,0.195,0,True,0
900499,0,Revolving loans,F,0,122000.0,685000.0,23607.9,Secondary / secondary special,Married,High skill tech staff,-11719,-2509,3,1,618000.0,True,2,0.742,1,True,0
900500,1,Cash loans,F,0,467300.0,859200.0,62736.2,Secondary / secondary special,Civil marriage,Medicine staff,-11485,-1654,3,0,74600.0,True,3,0.62,0,True,0
900501,1,Cash loans,M,0,145700.0,497500.0,27969.7,Secondary / secondary special,Civil marriage,,-20561,-272,2,0,25300.0,True,6,0.802,1,True,0
900502,0,Cash loans,F,0,248300.0,714700.0,45369.5,Higher education,Married,,-9072,-992,0,0,0.0,False,3,0.764,0,True,1
900503,0,Cash loans,F,0,142300.0,531800.0,36421.2,Secondary / secondary special,Married,Medicine staff,-11917,-1007,0,0,0.0,False,2,0.66,1,True,1
900504,0,Cash loans,F,0,152000.0,782600.0,26545.4,Secondary / secondary special,Married,Sales staff,-23185,-565,4,2,60000.0,True,2,0.794,1,True,0
900505,0,Cash loans,M,0,132200.0,491300.0,13654.2,Secondary / secondary special,Married,Laborers,-17772,-1725,3,2,103800.0,True,1,0.481,0,True,0
900506,0,Cash loans,F,1,109400.0,181400.0,4576.6,Higher education,Married,,-8481,-92,3,1,87200.0,True,3,0.718,0,True,0
900507,0,Cash loans,F,0,228600.0,1033000.0,62793.1,Higher education,Married,,-20003,-5996,2,2,262700.0,True,3,0.775,2,True,1
900508,0,Cash loans,F,2,139400.0,215600.0,7132.7,Secondary / secondary special,Married,,-16542,-1100,4,2,146500.0,True,3,0.914,0,True,0
900509,0,Cash loans,M,1,212100.0,411400.0,33313.7,Higher education,Married,Core staff,-22636,-1294,3,0,245400.0,True,2,0.802,0,True,0
900510,0,Cash loans,F,1,220000.0,1050500.0,61178.5,Higher education,Married,Managers,-19621,-783,4,1,204300.0,True,3,0.758,0,True,0
900511,0,Cash loans,M,1,284000.0,1488000.0,42008.6,Higher education,Married,Laborers,-7742,-456,5,3,29300.0,True,2,0.728,0,True,0
900512,0,Cash loans,M,0,172800.0,506600.0,13246.0,Incomplete higher,Single / not married,Core staff,-11269,-3176,2,2,290700.0,True,3,0.84,1,True,0
900513,0,Cash loans,F,1,65800.0,267200.0,6830.3,Higher education,Single / not married,,-12184,-1397,2,1,82800.0,True,6,0.695,1,True,0
900514,0,Cash loans,M,0,119300.0,472700.0,19750.1,Secondary / secondary special,Married,,-19968,-803,9,5,190100.0,True,5,0.879,0,True,2
900515,0,Cash loans,M,0,138200.0,241900.0,7541.9,Secondary / secondary special,Widow,,-16588,-5661,5,2,249300.0,True,3,0.609,2,True,0
900516,0,Revolving loans,F,0,140900.0,556800.0,26421.4,Higher education,Single / not married,,-20760,-2700,6,3,62500.0,True,3,0.433,0,True,0
900517,0,Cash loans,M,0,270700.0,419400.0,13515.9,Higher education,Single / not married,Low-skill Laborers,-16650,-1125,4,3,70100.0,True,2,0.451,0,True,0
900518,0,Cash loans,F,0,247100.0,1282400.0,88042.3,Secondary / secondary special,Single / not married,,-13400,-4043,3,1,155700.0,True,2,0.478,1,True,0
900519,0,Cash loans,F,0,130200.0,633600.0,46371.7,Secondary / secondary special,Civil marriage,,-9481,-2676,3,2,88300.0,True,2,0.861,0,True,0
900520,0,Cash loans,F,0,471900.0,1310300.0,33160.1,Secondary / secondary special,Married,Drivers,-11214,-1581,5,2,994700.0,True,1,0.763,0,True,0
900521,0,Revolving loans,M,1,117600.0,315200.0,16292.9,Secondary / secondary special,Married,Laborers,-14686,-3951,3,1,151700.0,True,2,0.862,0,True,1
900522,0,Cash loans,M,0,122500.0,288600.0,7817.9,Secondary / secondary special,Married,,-17326,-1452,2,1,41800.0,True,5,0.859,0,True,0
900523,0,Cash loans,F,0,81100.0,469400.0,43943.5,Secondary / secondary special,Married,,-24109,-857,5,1,1486100.0,True,5,0.496,0,True,0
900524,0,Cash loans,F,0,64200.0,340600.0,9747.0,Higher education,Married,,-11864,-3167,3,3,220700.0,True,4,0.464,0,True,0
900525,0,Cash loans,F,2,77600.0,408900.0,10732.1,Secondary / secondary special,Widow,,-19334,-993,8,2,144000.0,True,2,0.445,1,True,1
900526,0,Cash loans,M,1,232400.0,836200.0,79892.5,Secondary / secondary special,Married,Managers,-10337,-2276,2,0,796500.0,True,3,0.746,0,True,1
900527,0,Cash loans,F,0,202800.0,1044800.0,48196.6,Secondary / secondary special,Married,Laborers,-20169,-2779,0,0,0.0,False,1,0.968,0,True,1
900528,0,Revolving loans,F,0,90000.0,374600.0,10937.8,Higher education,Married,,-7863,-1293,0,0,0.0,False,2,0.882,0,True,0
900529,0,Cash loans,F,1,147200.0,419200.0,41364.2,Secondary / secondary special,Single / not married,Drivers,-19156,-4553,5,3,25800.0,True,2,0.821,1,True,1
900530,0,Cash loans,F,0,209500.0,720000.0,37605.9,Secondary / secondary special,Civil marriage,,-10524,-296,3,1,12100.0,True,3,0.81,0,True,1
900531,0,Cash loans,F,1,50700.0,169400.0,9545.4,Secondary / secondary special,Married,Laborers,-10824,-211,7,3,574300.0,True,1,0.578,0,True,0
900532,1,Cash loans,F,2,339600.0,1047100.0,74730.6,Higher education,Married,,-17457,-3650,6,3,208500.0,True,1,0.916,1,True,2
900533,0,Cash loans,F,0,237000.0,613900.0,48571.4,Secondary / secondary special,Civil marriage,,-14242,-1029,5,2,120200.0,True,1,0.828,0,True,1
900534,0,Cash loans,M,0,210000.0,691300.0,39572.6,Secondary / secondary special,Separated,Sales staff,-15922,-37,1,0,128400.0,True,3,0.575,1,True,1
900535,0,Cash loans,F,1,255400.0,1071900.0,67000.6,Incomplete higher,Civil marriage,,-13076,-2422,5,3,210200.0,True,4,0.488,1,True,0
900536,0,Cash loans,F,0,50400.0,120100.0,3061.3,Secondary / secondary special,Single / not married,,-24369,-3245,5,0,301500.0,True,5,0.676,1,True,1
900537,0,Cash loans,M,3,125500.0,268400.0,25171.0,Secondary / secondary special,Married,Laborers,-12757,-408,2,1,63800.0,True,3,0.883,0,True,0
900538,0,Cash loans,F,0,262700.0,1210000.0,87141.4,Incomplete higher,Widow,High skill tech staff,-17161,-1819,2,1,185500.0,True,2,0.578,0,True,0
900539,0,Cash loans,M,1,139500.0,539700.0,15774.1,Higher education,Married,Laborers,-22633,-3111,4,3,267600.0,True,4,0.754,1,True,0
900540,0,Cash loans,M,0,203000.0,626200.0,19048.0,Secondary / secondary special,Married,,-19301,-482,4,2,86400.0,True,1,0.871,0,True,0
900541,0,Cash loans,F,0,288800.0,1613100.0,67079.5,Higher education,Married,,-13320,-270,0,0,0.0,False,5,0.721,0,True,0
900542,1,Cash loans,F,1,199000.0,711600.0,33008.2,Secondary / secondary special,Married,Laborers,-17343,-544,2,1,64300.0,True,1,0.91,0,True,2
900543,0,Cash loans,F,0,123100.0,368400.0,18067.3,Higher education,Single / not married,,-9119,-2549,3,2,35800.0,True,0,0.0,0,False,1
900544,0,Cash loans,F,0,186700.0,461700.0,11776.7,Secondary / secondary special,Married,Laborers,-17225,-58,0,0,0.0,False,5,0.828,1,True,0
900545,0,Cash loans,F,0,60700.0,179300.0,4979.1,Secondary / secondary special,Married,Sales staff,-15222,-1702,5,1,52000.0,True,4,0.898,0,True,0
900546,0,Cash loans,F,1,178900.0,488700.0,27373.8,Higher education,Single / not married,Cooking staff,-20943,-1086,2,1,50100.0,True,3,0.81,0,True,0
900547,0,Cash loans,F,0,203700.0,1100100.0,46156.7,Higher education,Civil marriage,Drivers,-22520,-1481,4,2,73500.0,True,0,0.0,0,False,0
900548,0,Cash loans,F,0,151000.0,832600.0,25714.5,Secondary / secondary special,Civil marriage,,-11162,-382,2,1,375900.0,True,2,0.676,1,True,0
900549,0,Cash loans,F,0,250200.0,839800.0,24170.7,Secondary / secondary special,Married,Drivers,-9093,-960,3,0,394500.0,True,4,0.764,0,True,0
900550,0,Cash loans,F,0,160900.0,430300.0,31501.9,Higher education,Married,Laborers,-14507,-1365,8,4,61900.0,True,2,0.864,1,True,0
900551,0,Cash loans,F,1,150700.0,314400.0,8129.4,Secondary / secondary special,Married,High skill tech staff,-17023,-86,4,1,91400.0,True,2,0.797,0,True,0
900552,0,Cash loans,F,0,350000.0,1652900.0,47798.2,Secondary / secondary special,Single / not married,Core staff,-14266,-184,4,1,123600.0,True,2,0.375,0,True,0
900553,0,Cash loans,M,0,86700.0,473000.0,18839.8,Secondary / secondary special,Married,Core staff,-18677,-6491,3,1,692800.0,True,2,0.828,2,True,0
900554,0,Cash loans,M,2,280800.0,940700.0,37600.2,Incomplete higher,Married,Laborers,-16524,-52,0,0,0.0,False,4,0.884,0,True,0
900555,0,Cash loans,M,0,269900.0,1467500.0,58204.6,Secondary / secondary special,Married,Managers,-24074,-3851,6,1,31500.0,True,2,0.827,0,True,1
900556,0,Cash loans,F,0,213600.0,558300.0,16195.0,Secondary / secondary special,Single / not married,Sales staff,-14837,-2125,6,2,2175000.0,True,3,0.898,0,True,0
900557,0,Cash loans,F,2,114400.0,485000.0,18375.8,Secondary / secondary special,Civil marriage,Core staff,-9110,-22,2,1,547900.0,True,4,0.85,0,True,1
900558,0,Revolving loans,F,1,166200.0,309900.0,9014.9,Secondary / secondary special,Married,Sales staff,-12954,-546,3,1,29100.0,True,4,0.817,1,True,0
900559,0,Cash loans,M,0,93600.0,377600.0,10516.3,Secondary / secondary special,Married,,-18280,-5426,5,4,4721500.0,True,2,0.805,1,True,1
900560,0,Cash loans,M,0,105700.0,462300.0,14877.2,Secondary / secondary special,Married,Laborers,-12150,-50,3,2,302600.0,True,3,0.981,0,True,0
900561,0,Cash loans,F,1,149500.0,657800.0,57670.0,Secondary / secondary special,Separated,,-12377,-2181,6,2,169900.0,True,0,0.0,0,False,1
900562,0,Cash loans,F,0,90000.0,450400.0,19218.8,Higher education,Married,,-13614,-2126,5,4,762000.0,True,7,0.773,2,True,0
900563,0,Cash loans,F,0,124600.0,240000.0,13582.9,Secondary / secondary special,Single / not married,Laborers,-20737,-3669,5,1,57300.0,True,6,0.698,1,True,0
900564,0,Cash loans,M,0,80700.0,222200.0,19656.2,Secondary / secondary special,Married,Laborers,-24136,-2512,6,3,87900.0,True,8,0.465,1,True,1
900565,0,Revolving loans,F,1,194000.0,896000.0,30416.4,Secondary / secondary special,Married,,-13803,-2869,2,1,163200.0,True,1,0.686,0,True,1
900566,0,Revolving loans,M,1,317100.0,1320500.0,52018.9,Higher education,Married,,-11089,-1331,4,3,261400.0,True,2,0.716,0,True,0
900567,0,Revolving loans,M,0,419900.0,2423900.0,204837.3,Secondary / secondary special,Married,Laborers,-15034,-1114,3,1,217400.0,True,2,0.733,1,True,0
900568,0,Cash loans,M,2,83500.0,419900.0,14654.2,Secondary / secondary special,Married,Cleaning staff,-13829,-2111,4,0,188000.0,True,3,0.617,0,True,0
900569,0,Cash loans,F,0,91200.0,330100.0,21023.3,Higher education,Married,Laborers,-25010,-966,5,1,97000.0,True,3,0.962,0,True,0
900570,0,Cash loans,M,0,136500.0,532600.0,13972.5,Secondary / secondary special,Married,Drivers,-15791,-1346,6,2,221100.0,True,5,0.79,0,True,0
900571,0,Cash loans,M,1,211200.0,943800.0,30530.0,Secondary / secondary special,Civil marriage,Laborers,-19566,-1817,6,2,201600.0,True,3,0.705,2,True,1
900572,0,Cash loans,M,1,133700.0,206700.0,20440.0,Secondary / secondary special,Married,,-23674,-726,5,3,148300.0,True,5,0.527,0,True,1
900573,0,Cash loans,M,0,239900.0,753000.0,20834.4,Higher education,Married,,-18686,-1711,7,3,112100.0,True,1,0.699,1,True,0
900574,0,Revolving loans,F,0,193400.0,396200.0,33149.1,Secondary / secondary special,Married,Laborers,-12034,-566,5,1,84700.0,True,3,0.425,2,True,0
900575,0,Cash loans,M,1,61200.0,157700.0,15239.6,Higher education,Married,Security staff,-18306,-230,3,0,30000.0,True,2,0.362,1,True,0
900576,0,Cash loans,F,1,152400.0,797500.0,36487.6,Incomplete higher,Single / not married,Laborers,-14705,-786,3,0,718300.0,True,2,0.953,0,True,1
900577,1,Cash loans,M,2,79800.0,316700.0,21586.7,Higher education,Married,Laborers,-15064,-226,0,0,0.0,False,2,0.825,0,True,2
900578,0,Cash loans,M,1,111700.0,600100.0,17375.8,Secondary / secondary special,Married,Managers,-24822,-383,5,2,454000.0,True,2,0.701,0,True,1
900579,0,Cash loans,M,0,120600.0,663300.0,17300.3,Higher education,Civil marriage,Managers,-12545,-3782,6,3,41900.0,True,4,0.636,0,True,0
900580,0,Cash loans,F,1,214700.0,1100700.0,32854.3,Secondary / secondary special,Married,Core staff,-15880,-1520,2,1,86600.0,True,3,0.321,0,True,0
900581,0,Cash loans,M,0,146000.0,719700.0,34196.3,Secondary / secondary special,Married,Laborers,-10465,-86,2,1,138900.0,True,1,0.737,0,True,0
900582,0,Cash loans,M,0,117400.0,263900.0,14064.2,Secondary / secondary special,Married,Cooking staff,-10793,-4223,4,2,222200.0,True,3,0.507,0,True,0
900583,0,Cash loans,F,1,422500.0,1145700.0,56496.6,Secondary / secondary special,Married,Laborers,-18238,-345,5,3,64300.0,True,3,0.895,0,True,0
900584,1,Cash loans,F,1,94700.0,442100.0,35094.8,Higher education,Married,,-20822,-989,4,4,1010400.0,True,0,0.0,0,False,4
900585,0,Cash loans,M,0,171000.0,488200.0,13156.2,Higher education,Single / not married,High skill tech staff,-18815,-296,0,0,0.0,False,2,0.684,0,True,0
900586,0,Cash loans,M,1,206700.0,659000.0,38045.4,Secondary / secondary special,Civil marriage,Cooking staff,-13434,-2119,3,2,183100.0,True,5,0.641,2,True,0
900587,0,Cash loans,F,1,161000.0,919900.0,52549.4,Higher education,Married,Cleaning staff,-8709,-1746,4,2,209400.0,True,1,0.946,0,True,0
900588,0,Cash loans,F,2,94500.0,441900.0,14039.1,Secondary / secondary special,Married,Sales staff,-15904,-2215,6,3,117600.0,True,0,0.0,0,False,0
900589,0,Cash loans,M,1,92100.0,182300.0,6389.4,Higher education,Civil marriage,Accountants,-16499,-1088,3,1,70900.0,True,2,0.609,0,True,1
900590,0,Cash loans,M,0,201900.0,958100.0,24715.3,Secondary / secondary special,Single / not married,,-21166,-8786,3,2,10600.0,True,4,0.789,0,True,1
900591,0,Cash loans,F,0,249600.0,1266000.0,32100.9,Secondary / secondary special,Single / not married,Medicine staff,-18882,-5647,0,0,0.0,False,3,0.584,1,True,0
900592,1,Cash loans,F,1,144200.0,808900.0,35921.6,Secondary / secondary special,Married,Drivers,-22929,-4276,2,1,160000.0,True,3,0.533,0,True,0
900593,0,Cash loans,M,0,76600.0,351100.0,9330.9,Higher education,Married,Laborers,-21382,-209,5,3,551400.0,True,2,0.877,0,True,1
900594,0,Cash loans,M,0,148700.0,287100.0,7427.4,Higher education,Single / not married,,-14075,-2500,6,2,284400.0,True,2,0.717,0,True,0
900595,1,Cash loans,F,0,315600.0,1560200.0,43723.1,Incomplete higher,Married,Drivers,-18741,-5916,4,1,145400.0,True,2,0.795,1,True,1
900596,0,Cash loans,M,1,89500.0,398600.0,10496.2,Higher education,Married,Laborers,-20757,-3352,5,3,165700.0,True,0,0.0,0,False,0
900597,0,Cash loans,F,1,126200.0,448300.0,16010.8,Secondary / secondary special,Married,Low-skill Laborers,-24429,-42,5,1,66800.0,True,1,0.339,0,True,0
900598,0,Cash loans,F,0,152300.0,749700.0,55823.8,Secondary / secondary special,Married,Accountants,-15064,-3138,5,4,40300.0,True,4,0.529,0,True,1
900599,0,Cash loans,M,0,255000.0,985100.0,27526.6,Secondary / secondary special,Married,Drivers,-19022,-951,0,0,0.0,False,3,0.844,1,True,0
900600,0,Cash loans,F,0,113500.0,646400.0,33620.4,Secondary / secondary special,Married,Laborers,-14544,-1865,2,2,52200.0,True,3,0.94,0,True,2
900601,0,Cash loans,F,0,188500.0,1073000.0,28420.7,Secondary / secondary special,Married,Managers,-20591,-511,4,1,121200.0,True,1,0.765,0,True,0
900602,1,Cash loans,M,0,296600.0,745800.0,29158.8,Secondary / secondary special,Married,Drivers,-23643,-45,5,3,354900.0,True,0,0.0,0,False,2
900603,0,Cash loans,F,0,70500.0,245500.0,9942.7,Secondary / secondary special,Civil marriage,Laborers,-23769,-25,0,0,0.0,False,0,0.0,0,False,0
900604,0,Cash loans,F,1,76800.0,183800.0,5260.5,Higher education,Separated,,-10417,-1456,5,3,28200.0,True,4,0.485,1,True,0
900605,0,Cash loans,F,0,141200.0,421900.0,19489.1,Secondary / secondary special,Married,Managers,-11240,-105,0,0,0.0,False,2,0.92,0,True,0
900606,0,Cash loans,F,0,241600.0,604900.0,45872.2,Secondary / secondary special,Married,,-20891,-854,5,2,175300.0,True,2,0.908,1,True,0
900607,0,Cash loans,F,1,174800.0,664900.0,19840.6,Secondary / secondary special,Separated,,-18720,-2404,0,0,0.0,False,2,0.703,0,True,1
900608,0,Cash loans,F,1,252600.0,379600.0,20279.7,Secondary / secondary special,Civil marriage,,-23522,-2881,4,3,264200.0,True,1,0.7,0,True,0
900609,0,Cash loans,F,1,63200.0,319900.0,9042.5,Secondary / secondary special,Civil marriage,Laborers,-13162,-6326,3,2,23800.0,True,4,0.486,0,True,0
900610,0,Cash loans,F,0,175900.0,389700.0,10399.1,Secondary / secondary special,Married,Sales staff,-22522,-3580,3,1,186500.0,True,0,0.0,0,False,1
900611,0,Cash loans,F,0,35600.0,97300.0,4472.0,Higher education,Married,,-19644,-574,6,2,756900.0,True,5,0.816,1,True,1
900612,0,Cash loans,M,0,287300.0,657100.0,21821.6,Secondary / secondary special,Widow,Sales staff,-11089,-2620,4,3,40700.0,True,2,0.899,0,True,0
900613,0,Cash loans,F,1,268100.0,829200.0,78760.2,Secondary / secondary special,Married,Medicine staff,-9881,-1935,0,0,0.0,False,4,0.763,2,True,0
900614,1,Cash loans,M,0,125500.0,231800.0,6853.8,Higher education,Married,Core staff,-19976,-1116,0,0,0.0,False,3,0.861,0,True,5
900615,0,Cash loans,M,0,46600.0,250000.0,10512.6,Higher education,Single / not married,Sales staff,-10441,-3790,5,2,91400.0,True,1,0.416,0,True,0
900616,0,Cash loans,F,0,133300.0,448900.0,25035.2,Secondary / secondary special,Single / not married,,-21581,-1107,5,2,29700.0,True,2,0.738,1,True,0
900617,0,Revolving loans,F,1,258600.0,1463400.0,40360.3,Secondary / secondary special,Married,Laborers,-17425,-2309,6,3,58200.0,True,3,0.807,1,True,1
900618,0,Cash loans,F,2,182000.0,311500.0,13981.9,Secondary / secondary special,Widow,Core staff,-16019,-581,6,3,196700.0,True,6,0.785,1,True,0
900619,0,Cash loans,M,0,372900.0,849000.0,24465.2,Secondary / secondary special,Married,Accountants,-12492,-2371,4,1,367900.0,True,1,0.654,0,True,0
900620,0,Revolving loans,F,0,127600.0,671300.0,29681.3,Secondary / secondary special,Married,Medicine staff,-24901,-1329,5,3,17800.0,True,4,0.896,1,True,0
900621,0,Cash loans,F,0,408300.0,1464600.0,38056.2,Secondary / secondary special,Married,Laborers,-20317,-1067,3,1,90400.0,True,2,0.654,0,True,1
900622,0,Cash loans,M,1,53800.0,95100.0,3158.2,Higher education,Married,,-21296,-1331,5,4,116100.0,True,0,0.0,0,False,0
900623,0,Cash loans,M,0,101200.0,173100.0,5766.9,Secondary / secondary special,Married,Managers,-21132,-1822,0,0,0.0,False,3,0.865,0,True,0
900624,0,Cash loans,F,1,77400.0,427800.0,31196.5,Higher education,Married,Cleaning staff,-17896,-4734,1,0,361400.0,True,1,0.819,0,True,0
900625,0,Revolving loans,F,1,213700.0,572200.0,17646.6,Secondary / secondary special,Married,Cleaning staff,-24128,-2131,0,0,0.0,False,2,0.384,0,True,0
900626,1,Revolving loans,F,0,80700.0,270300.0,10555.6,Secondary / secondary special,Married,Low-skill Laborers,-17893,-2204,1,0,397400.0,True,4,0.81,0,True,0
900627,0,Cash loans,M,0,244600.0,1354200.0,42921.4,Higher education,Married,,-16776,-234,5,0,195900.0,True,3,0.929,0,True,0
900628,0,Revolving loans,M,0,208400.0,938700.0,26057.7,Secondary / secondary special,Widow,High skill tech staff,-12460,-3743,4,2,113800.0,True,2,0.62,0,True,0
900629,0,Cash loans,F,1,161800.0,803700.0,25846.5,Secondary / secondary special,Married,,-12601,-2961,4,2,85700.0,True,1,0.617,0,True,1
900630,0,Cash loans,M,2,139700.0,506000.0,20261.0,Secondary / secondary special,Civil marriage,,-20575,-86,4,3,291400.0,True,3,0.889,0,True,0
900631,0,Cash loans,F,1,87300.0,404100.0,11363.3,Secondary / secondary special,Married,Core staff,-13530,-6045,0,0,0.0,False,4,0.5,0,True,1
900632,0,Cash loans,M,0,199600.0,824200.0,25640.2,Secondary / secondary special,Married,,-20432,-847,2,2,59800.0,True,3,0.723,1,True,0
900633,1,Cash loans,F,1,114500.0,259500.0,7877.3,Secondary / secondary special,Married,Laborers,-24356,-131,3,1,259700.0,True,3,0.472,0,True,1
900634,0,Cash loans,F,1,216300.0,881900.0,23614.6,Secondary / secondary special,Separated,,-15361,-6400,3,3,341400.0,True,6,0.774,0,True,0
900635,0,Revolving loans,F,0,311600.0,1765300.0,124813.5,Secondary / secondary special,Married,,-9370,-571,4,3,150300.0,True,1,0.938,0,True,0
900636,0,Cash loans,F,0,126200.0,385400.0,15434.0,Secondary / secondary special,Married,,-19342,-1799,3,0,301500.0,True,4,0.644,1,True,2
900637,0,Cash loans,M,0,285100.0,1061300.0,77368.4,Secondary / secondary special,Married,Sales staff,-7831,-1261,2,0,111700.0,True,2,0.803,0,True,0
900638,0,Cash loans,F,0,162000.0,546300.0,16815.0,Secondary / secondary special,Single / not married,Laborers,-21453,-742,6,3,127300.0,True,3,0.8,1,True,1
900639,0,Cash loans,F,1,198500.0,912900.0,39760.8,Secondary / secondary special,Married,Sales staff,-16874,-3996,5,0,224500.0,True,2,0.581,1,True,0
900640,1,Cash loans,M,1,76100.0,328900.0,10404.9,Secondary / secondary special,Married,Core staff,-16245,-2301,0,0,0.0,False,6,0.895,1,True,0
900641,0,Cash loans,F,0,104500.0,381100.0,27913.9,Secondary / secondary special,Married,,-17641,-2170,6,2,330500.0,True,1,0.629,0,True,0
900642,0,Cash loans,F,0,103900.0,178000.0,6222.5,Higher education,Civil marriage,High skill tech staff,-16712,-2112,3,1,115000.0,True,3,0.776,1,True,0
900643,1,Cash loans,F,0,288700.0,776700.0,58027.9,Higher education,Civil marriage,,-13337,-1716,4,3,123400.0,True,4,0.755,2,True,1
900644,0,Cash loans,M,0,123600.0,360300.0,17494.8,Higher education,Widow,Accountants,-12597,-3332,3,2,165300.0,True,4,0.788,1,True,0
900645,0,Cash loans,F,0,201700.0,967400.0,37107.0,Secondary / secondary special,Married,Low-skill Laborers,-14941,-434,2,0,374300.0,True,3,0.75,1,True,0
900646,0,Cash loans,M,0,141800.0,465600.0,15142.4,Secondary / secondary special,Married,Medicine staff,-23343,-1318,0,0,0.0,False,0,0.0,0,False,1
900647,0,Cash loans,M,0,123200.0,394500.0,15759.5,Secondary / secondary special,Married,Sales staff,-10036,-1208,6,3,37200.0,True,0,0.0,0,False,0
900648,0,Cash loans,F,0,70600.0,247600.0,7756.4,Higher education,Civil marriage,Drivers,-13354,-1363,2,0,464000.0,True,4,0.818,0,True,1
900649,0,Cash loans,F,0,56700.0,195300.0,12835.1,Incomplete higher,Single / not married,,-11034,-2964,4,3,256800.0,True,2,0.608,0,True,1
900650,0,Cash loans,M,0,124300.0,587900.0,20093.3,Secondary / secondary special,Married,Cooking staff,-15148,-2350,7,3,92400.0,True,6,0.809,1,True,1
900651,0,Cash loans,F,0,128000.0,578100.0,26797.3,Secondary / secondary special,Married,,-10003,-1486,1,0,161700.0,True,2,0.805,2,True,0
900652,0,Revolving loans,M,1,94900.0,468100.0,32003.2,Secondary / secondary special,Married,Sales staff,-20994,-1814,0,0,0.0,False,4,0.87,0,True,0
900653,0,Cash loans,F,0,158400.0,385400.0,10825.3,Secondary / secondary special,Married,Laborers,-9477,-2907,6,5,828000.0,True,4,0.677,1,True,0
900654,0,Cash loans,F,0,393200.0,1901700.0,48417.8,Secondary / secondary special,Married,Drivers,-19320,-5380,2,0,94600.0,True,4,0.855,0,True,0
900655,0,Cash loans,F,0,310700.0,880200.0,51210.8,Secondary / secondary special,Married,Managers,-12355,-631,6,1,638700.0,True,4,0.875,2,True,0
900656,0,Cash loans,F,2,146100.0,219200.0,14885.1,Secondary / secondary special,Married,Laborers,-15937,-3665,4,0,280100.0,True,2,0.721,2,True,0
900657,0,Cash loans,F,0,148600.0,650600.0,19754.6,Higher education,Married,,-11168,-1005,6,2,54300.0,True,4,0.935,1,True,0
900658,0,Cash loans,M,0,198800.0,308800.0,7774.7,Higher education,Married,Drivers,-20458,-4333,4,1,76900.0,True,2,0.742,0,True,0
900659,0,Cash loans,M,0,163300.0,317000.0,14053.1,Higher education,Widow,Low-skill Laborers,-24278,-2253,3,3,567400.0,True,4,0.765,1,True,0
900660,0,Cash loans,M,1,199000.0,335300.0,9941.4,Secondary / secondary special,Widow,,-11549,-650,2,1,711000.0,True,2,0.782,0,True,1
900661,0,Cash loans,F,0,165600.0,700300.0,48582.9,Secondary / secondary special,Single / not married,Managers,-24364,-2428,5,3,142100.0,True,4,0.31,1,True,0
900662,0,Cash loans,F,0,151200.0,368200.0,21862.3,Secondary / secondary special,Civil marriage,Sales staff,-13363,-1145,0,0,0.0,False,0,0.0,0,False,1
900663,0,Cash loans,M,1,104100.0,535200.0,37617.6,Secondary / secondary special,Married,Laborers,-17438,-806,3,1,221500.0,True,3,0.466,0,True,0
900664,0,Cash loans,F,0,171800.0,533200.0,17782.9,Academic degree,Married,,-19956,-2086,6,2,139400.0,True,3,0.781,0,True,1
900665,1,Cash loans,F,1,46300.0,139300.0,5042.5,Secondary / secondary special,Married,Managers,-11156,-1253,6,2,184800.0,True,2,0.797,0,True,2
900666,0,Cash loans,F,1,163600.0,624400.0,20913.2,Secondary / secondary special,Married,,-15457,-297,7,4,32400.0,True,3,0.848,1,True,1
900667,0,Cash loans,M,2,51000.0,254400.0,16884.8,Secondary / secondary special,Single / not married,Accountants,-8853,-2283,4,2,111300.0,True,5,0.535,1,True,0
900668,0,Revolving loans,M,1,163700.0,758600.0,60995.0,Secondary / secondary special,Married,,-19877,-1391,0,0,0.0,False,2,0.648,1,True,0
900669,0,Cash loans,F,0,87900.0,213500.0,8205.5,Secondary / secondary special,Separated,Core staff,-14964,-540,4,2,451600.0,True,2,0.772,0,True,0
900670,0,Cash loans,F,0,271600.0,1340600.0,51772.4,Secondary / secondary special,Single / not married,,-23286,-637,3,0,197300.0,True,2,0.737,0,True,1
900671,1,Cash loans,F,0,149900.0,566700.0,25022.4,Secondary / secondary special,Married,Managers,-12465,-1299,5,2,115600.0,True,2,0.768,0,True,1
900672,0,Cash loans,F,0,143500.0,852900.0,27974.2,Secondary / secondary special,Civil marriage,,-23846,-6424,2,1,510400.0,True,2,0.943,0,True,1
900673,0,Cash loans,F,0,175600.0,671800.0,29774.3,Secondary / secondary special,Civil marriage,Laborers,-10136,-1939,0,0,0.0,False,6,0.829,1,True,1
900674,0,Revolving loans,M,2,93100.0,259500.0,7270.0,Secondary / secondary special,Married,Sales staff,-18299,-66,2,0,52600.0,True,3,0.677,0,True,0
900675,0,Cash loans,M,0,251200.0,1237200.0,37118.6,Higher education,Married,Sales staff,-13057,-183,5,2,602500.0,True,6,0.837,0,True,1
900676,0,Cash loans,M,0,202800.0,330900.0,16484.7,Secondary / secondary special,Married,Sales staff,-10849,-3281,3,3,303900.0,True,4,0.899,0,True,0
900677,0,Cash loans,M,0,108800.0,518000.0,14066.0,Secondary / secondary special,Married,,-9310,-692,0,0,0.0,False,5,0.919,1,True,1
900678,0,Cash loans,M,2,84400.0,332900.0,13444.4,Secondary / secondary special,Single / not married,,-19151,-3661,2,0,190700.0,True,4,0.825,0,True,0
900679,0,Cash loans,M,0,116100.0,265900.0,11110.6,Secondary / secondary special,Married,,-11750,-565,1,0,37200.0,True,5,0.942,0,True,0
900680,0,Cash loans,F,0,132700.0,213400.0,6746.8,Secondary / secondary special,Civil marriage,,-17700,-3256,7,3,93900.0,True,5,0.641,1,True,0
900681,0,Cash loans,M,0,81400.0,139200.0,3598.0,Secondary / secondary special,Married,,-24824,-805,7,4,248200.0,True,0,0.0,0,False,0
900682,0,Cash loans,F,0,111400.0,208100.0,18919.9,Higher education,Widow,,-13200,-1522,2,1,144500.0,True,1,0.766,0,True,0
900683,0,Cash loans,F,0,104200.0,385000.0,25234.3,Secondary / secondary special,Married,Sales staff,-8277,-1511,3,0,139000.0,True,2,0.737,0,True,1
900684,0,Cash loans,F,0,126500.0,592500.0,17345.5,Secondary / secondary special,Civil marriage,,-10167,-1490,8,4,60600.0,True,5,0.573,1,True,0
900685,0,Cash loans,F,0,127000.0,267000.0,11482.4,Higher education,Married,Laborers,-9755,-2397,4,2,533700.0,True,0,0.0,0,False,0
900686,0,Cash loans,M,1,178700.0,395900.0,11070.9,Secondary / secondary special,Single / not married,Drivers,-15781,-125,2,1,259000.0,True,3,0.621,1,True,0
900687,0,Cash loans,M,0,142200.0,734200.0,35738.0,Secondary / secondary special,Civil marriage,Drivers,-20711,-804,3,1,61900.0,True,3,0.6,0,True,0
900688,0,Cash loans,F,0,171200.0,432400.0,11012.2,Secondary / secondary special,Married,Sales staff,-12858,-149,0,0,0.0,False,2,0.824,1,True,0
900689,1,Cash loans,F,1,158500.0,828300.0,50264.5,Secondary / secondary special,Married,,-10220,-3650,1,1,106700.0,True,5,0.674,0,True,1
900690,0,Cash loans,M,1,127000.0,244800.0,6363.8,Secondary / secondary special,Widow,Sales staff,-18891,-1321,3,0,82100.0,True,3,0.776,0,True,0
900691,0,Cash loans,M,1,197100.0,1038000.0,30808.6,Incomplete higher,Widow,,-12941,-3039,3,3,175800.0,True,3,0.798,0,True,1
900692,0,Cash loans,F,1,35500.0,170300.0,4341.8,Secondary / secondary special,Single / not married,Sales staff,-17741,-405,0,0,0.0,False,2,0.426,1,True,0
900693,1,Cash loans,F,1,117000.0,253200.0,17047.0,Secondary / secondary special,Married,Medicine staff,-24024,-193,3,0,57800.0,True,2,0.595,1,True,2
900694,1,Cash loans,F,0,105200.0,317800.0,15428.6,Higher education,Married,Core staff,-12769,-1472,4,1,278500.0,True,3,0.665,0,True,3
900695,0,Cash loans,M,1,148600.0,445700.0,27982.1,Secondary / secondary special,Married,Cooking staff,-16643,-1462,0,0,0.0,False,5,0.823,1,True,1
900696,0,Cash loans,F,0,101900.0,214200.0,6138.8,Secondary / secondary special,Single / not married,,-21800,-991,5,1,256600.0,True,2,0.696,0,True,0
900697,0,Cash loans,M,0,184200.0,588900.0,32627.1,Incomplete higher,Married,,-19783,-1815,1,1,409400.0,True,3,0.457,1,True,2
900698,0,Cash loans,F,1,201200.0,915500.0,35520.3,Secondary / secondary special,Married,,-20830,-618,9,4,139100.0,True,2,0.923,0,True,1
900699,0,Cash loans,M,0,70100.0,335600.0,21243.6,Higher education,Separated,,-21200,-5261,6,2,257600.0,True,2,0.83,0,True,0
900700,0,Cash loans,F,2,156600.0,377900.0,12103.5,Secondary / secondary special,Single / not married,,-17124,-502,3,3,171700.0,True,4,0.964,1,True,0
900701,0,Cash loans,M,0,73800.0,350400.0,10851.5,Secondary / secondary special,Single / not married,Security staff,-17056,-2317,5,1,36600.0,True,0,0.0,0,False,2
900702,0,Cash loans,M,0,177900.0,480300.0,35700.0,Higher education,Separated,Laborers,-20259,-5706,3,1,47700.0,True,2,0.985,0,True,0
900703,0,Cash loans,M,0,110900.0,187600.0,6135.4,Secondary / secondary special,Married,Cooking staff,-19887,-747,2,0,478600.0,True,1,0.96,0,True,0
900704,0,Revolving loans,M,0,93600.0,222400.0,14861.9,Higher education,Married,Accountants,-19404,-2319,0,0,0.0,False,2,0.813,0,True,0
900705,0,Cash loans,F,0,59500.0,180900.0,4683.3,Higher education,Separated,Managers,-14359,-553,7,3,105000.0,True,4,0.895,1,True,0
900706,0,Cash loans,F,1,133700.0,222200.0,6104.8,Secondary / secondary special,Widow,Security staff,-22181,-3872,5,0,348100.0,True,3,0.732,0,True,0
900707,0,Cash loans,F,0,78500.0,151400.0,9434.8,Higher education,Married,,-11803,-355,4,1,131000.0,True,2,0.791,0,True,0
900708,1,Cash loans,M,0,66700.0,207000.0,10246.8,Higher education,Married,Accountants,-10393,-1763,3,0,327800.0,True,2,0.71,0,True,1
900709,1,Cash loans,M,0,153600.0,869500.0,31194.7,Higher education,Married,Core staff,-13712,-3241,3,1,133400.0,True,4,0.819,1,True,1
900710,0,Cash loans,F,1,227300.0,991300.0,28981.3,Secondary / secondary special,Married,Core staff,-12112,-1077,2,0,48300.0,True,2,0.628,0,True,0
900711,0,Revolving loans,M,1,170500.0,972700.0,25397.8,Secondary / secondary special,Married,Core staff,-19283,-2781,0,0,0.0,False,2,0.486,0,True,0
900712,0,Revolving loans,F,0,68500.0,114200.0,5059.6,Secondary / secondary special,Married,Medicine staff,-11712,-5142,4,0,60600.0,True,3,0.869,1,True,1
900713,0,Revolving loans,F,1,130700.0,706600.0,28647.7,Secondary / secondary special,Single / not married,Security staff,-19166,-541,3,2,600800.0,True,3,0.859,0,True,1
900714,0,Cash loans,F,0,196700.0,415200.0,28251.1,Higher education,Married,,-16656,-3387,0,0,0.0,False,0,0.0,0,False,0
900715,1,Cash loans,M,1,130800.0,335700.0,16388.6,Lower secondary,Civil marriage,,-10335,-3765,5,1,84500.0,True,3,0.638,0,True,0
900716,1,Cash loans,F,0,164700.0,321400.0,8083.7,Secondary / secondary special,Married,,-12192,-1405,3,1,288500.0,True,2,0.79,0,True,0
900717,0,Cash loans,M,0,112500.0,376900.0,9886.3,Secondary / secondary special,Married,High skill tech staff,-16805,-230,4,2,90000.0,True,1,0.768,1,True,2
900718,1,Cash loans,M,0,115500.0,278500.0,12425.3,Higher education,Civil marriage,,-20509,-1129,5,4,64700.0,True,8,0.758,2,True,3
900719,0,Cash loans,F,1,100700.0,486100.0,29108.9,Secondary / secondary special,Single / not married,Core staff,-14642,-179,4,3,189300.0,True,2,0.935,1,True,0
900720,1,Revolving loans,F,1,190100.0,931000.0,34242.4,Secondary / secondary special,Single / not married,Laborers,-11744,-3631,0,0,0.0,False,3,0.779,0,True,2
900721,0,Cash loans,M,0,196200.0,550800.0,24266.0,Secondary / secondary special,Civil marriage,Security staff,-12834,-2642,5,3,203500.0,True,1,0.903,0,True,0
900722,0,Cash loans,M,0,106100.0,541000.0,16606.5,Secondary / secondary special,Civil marriage,High skill tech staff,-9331,-945,4,2,66700.0,True,4,0.762,1,True,1
900723,0,Cash loans,F,0,204200.0,456700.0,15804.3,Higher education,Single / not married,Sales staff,-8105,-369,6,2,34100.0,True,4,0.698,1,True,1
900724,0,Cash loans,F,0,68600.0,115300.0,3866.1,Secondary / secondary special,Single / not married,Laborers,-24714,-6193,0,0,0.0,False,2,0.758,0,True,0
900725,0,Cash loans,F,2,128500.0,288200.0,13575.4,Secondary / secondary special,Married,High skill tech staff,-9354,-832,3,1,45000.0,True,2,0.699,1,True,0
900726,0,Cash loans,F,0,71200.0,185500.0,6505.5,Higher education,Single / not married,,-9853,-3283,2,1,134600.0,True,4,0.984,1,True,1
900727,0,Cash loans,F,0,79500.0,137300.0,4474.1,Higher education,Married,Sales staff,-22924,-2857,3,0,144500.0,True,6,0.73,3,True,0
900728,0,Cash loans,M,0,70700.0,141000.0,4789.4,Higher education,Widow,Cooking staff,-19289,-4404,4,3,328300.0,True,4,0.832,0,True,1
900729,0,Cash loans,F,0,100900.0,288800.0,9356.8,Higher education,Married,Core staff,-15304,-1819,4,2,305300.0,True,3,0.802,0,True,0
900730,0,Cash loans,M,0,190900.0,1018600.0,27750.4,Secondary / secondary special,Married,Cooking staff,-19035,-2819,4,2,442000.0,True,2,0.577,0,True,0
900731,0,Cash loans,F,0,134600.0,720100.0,39904.8,Higher education,Married,Laborers,-24045,-971,4,2,147100.0,True,2,0.933,0,True,0
900732,0,Cash loans,F,0,104600.0,624600.0,42524.6,Secondary / secondary special,Married,Core staff,-9406,-2353,4,2,96400.0,True,0,0.0,0,False,1
900733,0,Revolving loans,M,0,128400.0,249200.0,22573.2,Secondary / secondary special,Married,Cooking staff,-11934,-5364,8,6,243200.0,True,2,0.919,0,True,0
900734,0,Cash loans,F,0,50100.0,75600.0,2438.6,Secondary / secondary special,Married,Managers,-22737,-1029,4,1,239000.0,True,3,0.584,1,True,0
900735,0,Cash loans,F,0,186300.0,753600.0,37562.9,Secondary / secondary special,Separated,Medicine staff,-21341,-270,4,0,227600.0,True,0,0.0,0,False,2
900736,0,Cash loans,F,0,45500.0,191800.0,7618.1,Secondary / secondary special,Married,High skill tech staff,-25084,-169,3,1,1226100.0,True,3,0.698,2,True,0
900737,0,Cash loans,F,0,98300.0,251900.0,20647.6,Higher education,Widow,,-13164,-4744,5,2,311600.0,True,2,0.554,0,True,1
900738,0,Cash loans,M,0,134600.0,684700.0,18110.0,Secondary / secondary special,Single / not married,,-24219,-7508,2,0,551400.0,True,1,0.937,1,True,0
900739,0,Cash loans,M,1,174900.0,1014700.0,36691.7,Secondary / secondary special,Married,Managers,-13686,-4070,4,1,45500.0,True,2,0.924,0,True,0
900740,0,Cash loans,M,0,157800.0,472200.0,34365.1,Academic degree,Married,Medicine staff,-20193,-1013,2,1,51400.0,True,7,0.812,1,True,1
900741,1,Cash loans,M,0,136600.0,786300.0,35434.9,Higher education,Separated,Drivers,-23130,-1048,4,1,64000.0,True,5,0.579,0,True,0
900742,0,Cash loans,F,0,290100.0,571300.0,29469.4,Higher education,Civil marriage,Laborers,-10657,-1103,2,1,152500.0,True,5,0.757,0,True,0
900743,0,Cash loans,F,0,383400.0,1395700.0,38769.0,Higher education,Married,Core staff,-11267,-4491,0,0,0.0,False,1,0.724,0,True,1
900744,0,Cash loans,F,2,140500.0,335400.0,9243.2,Secondary / secondary special,Married,Core staff,-17843,-3215,5,2,200500.0,True,3,0.537,0,True,0
900745,0,Cash loans,M,0,133200.0,550100.0,16316.6,Secondary / secondary special,Married,Laborers,-22448,-1789,6,1,923800.0,True,5,0.638,2,True,1
900746,0,Cash loans,F,1,129300.0,235300.0,10871.1,Higher education,Married,Sales staff,-9048,-632,1,0,135900.0,True,1,0.475,0,True,0
900747,0,Cash loans,F,0,103200.0,389000.0,10157.9,Higher education,Married,Low-skill Laborers,-22572,-547,5,1,255500.0,True,1,0.504,0,True,0
900748,0,Revolving loans,M,1,168900.0,385000.0,21085.9,Secondary / secondary special,Married,Sales staff,-13676,-4085,2,0,163200.0,True,2,0.613,1,True,0
900749,0,Cash loans,F,0,264400.0,893300.0,29930.7,Secondary / secondary special,Married,,-14782,-310,5,0,493300.0,True,4,0.93,0,True,0
900750,0,Cash loans,F,0,40300.0,185200.0,7205.1,Secondary / secondary special,Married,Sales staff,-13619,-845,2,1,302400.0,True,3,0.847,0,True,0
900751,0,Revolving loans,F,0,128600.0,386100.0,16692.4,Secondary / secondary special,Married,,-23634,-1432,2,2,142000.0,True,2,0.543,0,True,1
900752,0,Cash loans,F,1,294700.0,1158800.0,74024.3,Secondary / secondary special,Single / not married,Managers,-9956,-1324,3,1,431800.0,True,4,0.832,1,True,0
900753,0,Cash loans,F,0,170400.0,1000500.0,58176.8,Secondary / secondary special,Civil marriage,Medicine staff,-17726,-4122,6,4,293600.0,True,2,0.578,0,True,0
900754,0,Cash loans,F,0,172200.0,936600.0,27028.0,Secondary / secondary special,Married,Core staff,-10259,-116,5,2,387900.0,True,1,0.683,0,True,0
900755,0,Cash loans,F,0,62900.0,376500.0,12524.4,Secondary / secondary special,Separated,Accountants,-23933,-4450,3,2,157500.0,True,0,0.0,0,False,0
900756,0,Cash loans,M,0,198900.0,456800.0,12041.4,Secondary / secondary special,Civil marriage,Managers,-21644,-862,6,2,311700.0,True,2,0.883,0,True,0
900757,0,Cash loans,F,0,231900.0,863500.0,28368.6,Secondary / secondary special,Married,Laborers,-11761,-2539,3,3,116800.0,True,2,0.807,0,True,2
900758,0,Cash loans,M,0,154700.0,778000.0,65802.5,Secondary / secondary special,Married,Sales staff,-12882,-3702,0,0,0.0,False,0,0.0,0,False,1
900759,0,Cash loans,M,0,100900.0,573200.0,42494.7,Secondary / secondary special,Single / not married,Sales staff,-14349,-290,3,1,90600.0,True,3,0.725,0,True,0
900760,0,Cash loans,M,1,174700.0,451400.0,14237.4,Secondary / secondary special,Single / not married,Laborers,-14767,-327,5,2,294200.0,True,0,0.0,0,False,1
900761,0,Cash loans,M,1,83300.0,495200.0,28252.4,Secondary / secondary special,Widow,,-21984,-5554,4,1,269900.0,True,1,0.573,0,True,0
900762,0,Cash loans,F,0,78000.0,271900.0,15572.7,Higher education,Married,Managers,-17555,-1910,4,2,70500.0,True,3,0.497,0,True,1
900763,0,Cash loans,F,2,209100.0,1040200.0,46877.5,Secondary / secondary special,Married,,-15162,-1581,5,5,681500.0,True,0,0.0,0,False,0
900764,0,Cash loans,F,0,242100.0,927900.0,28676.6,Higher education,Civil marriage,,-20269,-498,2,0,50300.0,True,3,0.549,0,True,0
900765,0,Revolving loans,F,1,96600.0,274300.0,9405.3,Secondary / secondary special,Separated,Laborers,-15686,-377,0,0,0.0,False,5,0.36,0,True,0
900766,0,Cash loans,M,0,78200.0,155600.0,9830.7,Secondary / secondary special,Married,Low-skill Laborers,-9911,-1136,4,1,95200.0,True,2,0.741,0,True,0
900767,0,Cash loans,F,0,90300.0,201200.0,5454.3,Secondary / secondary special,Married,,-9548,-2978,4,3,185900.0,True,4,0.794,1,True,0
900768,0,Cash loans,F,1,154500.0,681900.0,17409.9,Secondary / secondary special,Civil marriage,Drivers,-13375,-2959,7,3,37900.0,True,4,0.735,1,True,0
900769,0,Cash loans,F,0,78200.0,312200.0,9247.9,Secondary / secondary special,Married,Laborers,-18227,-408,5,0,24000.0,True,3,0.959,0,True,0
900770,0,Cash loans,M,1,266000.0,917000.0,58067.5,Secondary / secondary special,Single / not married,,-10027,-2180,2,0,76800.0,True,2,0.923,0,True,0
900771,0,Revolving loans,F,1,111000.0,479200.0,14172.8,Secondary / secondary special,Separated,,-17303,-140,3,2,316600.0,True,4,0.866,1,True,1
900772,0,Cash loans,F,1,168100.0,636000.0,24796.9,Higher education,Married,,-12388,-4082,4,3,184400.0,True,2,0.532,0,True,1
900773,0,Cash loans,M,0,96500.0,206100.0,18983.7,Secondary / secondary special,Married,Laborers,-19848,-1563,5,0,33800.0,True,2,0.587,0,True,0
900774,0,Cash loans,M,0,187500.0,501900.0,16715.6,Secondary / secondary special,Separated,Laborers,-8160,-326,7,1,435000.0,True,3,0.893,1,True,0
900775,0,Cash loans,F,1,195300.0,672400.0,17105.8,Secondary / secondary special,Married,Core staff,-15882,-1934,4,1,191300.0,True,2,0.931,1,True,0
900776,0,Cash loans,F,0,60500.0,199100.0,8676.3,Secondary / secondary special,Married,,-8580,-1078,4,3,343600.0,True,2,0.669,0,True,1
900777,0,Cash loans,M,0,99700.0,554500.0,46599.8,Higher education,Married,,-13455,-1759,2,2,103400.0,True,4,0.816,0,True,0
900778,0,Cash loans,F,0,129500.0,743200.0,43929.1,Secondary / secondary special,Married,,-7937,-1367,6,3,20900.0,True,2,0.784,0,True,0
900779,0,Cash loans,M,1,107700.0,420400.0,15713.5,Secondary / secondary special,Married,Accountants,-15883,-3855,3,1,770400.0,True,3,0.912,0,True,0
900780,0,Revolving loans,M,0,216500.0,583600.0,17300.6,Secondary / secondary special,Single / not married,Laborers,-21103,-3727,3,1,124200.0,True,1,0.421,1,True,0
900781,0,Cash loans,F,1,103900.0,529400.0,34011.0,Secondary / secondary special,Married,Sales staff,-9420,-2850,2,1,444900.0,True,3,0.912,0,True,0
900782,0,Cash loans,M,0,200200.0,464100.0,27989.2,Incomplete higher,Married,Managers,-20546,-995,0,0,0.0,False,0,0.0,0,False,0
900783,0,Cash loans,M,0,178400.0,662700.0,17592.2,Secondary / secondary special,Married,,-17900,-8738,4,3,166100.0,True,0,0.0,0,False,2
900784,0,Cash loans,F,0,132600.0,792200.0,21733.2,Secondary / secondary special,Married,,-16505,-1211,3,2,25100.0,True,4,0.633,3,True,0
900785,0,Revolving loans,F,1,204300.0,1110700.0,29642.2,Secondary / secondary special,Civil marriage,Sales staff,-18167,-10856,0,0,0.0,False,0,0.0,0,False,0
900786,0,Cash loans,M,0,64900.0,368800.0,24146.5,Secondary / secondary special,Married,Medicine staff,-13549,-963,4,2,765900.0,True,3,0.687,0,True,0
900787,0,Cash loans,F,1,135700.0,263300.0,6932.4,Secondary / secondary special,Civil marriage,Medicine staff,-20110,-516,2,2,391800.0,True,2,0.761,0,True,0
900788,0,Cash loans,M,1,95100.0,340400.0,16853.0,Secondary / secondary special,Married,,-21324,-1589,3,0,551900.0,True,3,0.39,0,True,0
900789,0,Cash loans,F,3,132700.0,658300.0,25809.9,Secondary / secondary special,Married,,-21299,-3,5,3,256100.0,True,2,0.907,0,True,1
900790,0,Cash loans,F,1,110700.0,243800.0,10290.3,Secondary / secondary special,Married,Laborers,-12385,-1887,5,4,197700.0,True,4,0.599,1,True,1
900791,0,Cash loans,F,0,144300.0,715800.0,18197.4,Higher education,Civil marriage,,-19121,-4195,4,1,428700.0,True,2,0.891,0,True,2
900792,0,Cash loans,M,0,140700.0,427500.0,23909.3,Secondary / secondary special,Married,Cleaning staff,-10259,-105,2,1,410300.0,True,3,0.748,0,True,1
900793,0,Revolving loans,F,0,150100.0,824400.0,21284.0,Higher education,Single / not married,,-16344,-4090,4,1,209100.0,True,2,0.519,1,True,0
900794,0,Cash loans,F,2,153100.0,517400.0,13343.8,Secondary / secondary special,Married,,-7711,-1141,1,1,166700.0,True,0,0.0,0,False,1
900795,0,Cash loans,F,0,186500.0,489800.0,13053.2,Secondary / secondary special,Separated,,-11056,-1012,8,4,430300.0,True,4,0.557,0,True,1
900796,0,Cash loans,F,0,74600.0,419700.0,20259.1,Lower secondary,Civil marriage,Accountants,-18732,-5844,5,2,48000.0,True,3,0.654,0,True,0
900797,0,Revolving loans,F,0,180600.0,850200.0,40007.5,Secondary / secondary special,Separated,Laborers,-22983,-60,7,3,107800.0,True,2,0.859,0,True,0
900798,0,Cash loans,M,1,65700.0,235400.0,14601.2,Secondary / secondary special,Married,,-8523,-1953,5,2,32300.0,True,4,0.658,0,True,0
900799,0,Revolving loans,M,1,34600.0,201500.0,8304.2,Secondary / secondary special,Married,Laborers,-17450,-1390,8,2,52700.0,True,2,0.956,1,True,0
900800,0,Cash loans,F,0,375400.0,1580700.0,90538.1,Secondary / secondary special,Married,,-18821,-2180,2,0,189000.0,True,1,0.598,0,True,0
900801,0,Cash loans,F,1,87600.0,362800.0,12591.2,Secondary / secondary special,Married,,-24000,-4538,7,2,351600.0,True,2,0.911,0,True,1
900802,0,Cash loans,M,4,111900.0,349700.0,9705.6,Secondary / secondary special,Single / not married,Cooking staff,-19143,-2866,4,4,1117100.0,True,5,0.723,1,True,2
900803,0,Cash loans,M,0,55100.0,289600.0,7524.0,Secondary / secondary special,Married,Managers,-9470,-503,0,0,0.0,False,2,0.689,0,True,0
900804,0,Cash loans,M,1,111500.0,460900.0,19928.0,Secondary / secondary special,Married,Core staff,-10235,-520,4,2,96200.0,True,4,0.971,1,True,0
900805,0,Revolving loans,F,1,155300.0,667400.0,29085.5,Secondary / secondary special,Married,Laborers,-18803,-2409,7,2,138300.0,True,3,0.69,0,True,0
900806,0,Cash loans,F,1,158100.0,903200.0,35506.9,Secondary / secondary special,Married,Laborers,-11442,-2160,6,2,195700.0,True,2,0.566,0,True,1
900807,1,Cash loans,F,1,76600.0,207900.0,5566.3,Higher education,Married,Drivers,-23928,-495,4,2,1089200.0,True,2,0.528,0,True,4
900808,0,Cash loans,F,0,112100.0,567100.0,45877.0,Higher education,Separated,,-23795,-5642,2,1,151400.0,True,2,0.848,0,True,1
900809,0,Cash loans,F,1,168300.0,866500.0,45158.3,Secondary / secondary special,Married,Core staff,-24285,-4912,3,0,45000.0,True,4,0.695,2,True,0
900810,0,Cash loans,M,0,157700.0,281500.0,17689.3,Secondary / secondary special,Married,Sales staff,-12797,-22,0,0,0.0,False,4,0.774,0,True,0
900811,0,Cash loans,F,0,149300.0,709300.0,21328.6,Higher education,Married,,-20225,-495,5,0,164600.0,True,4,0.843,0,True,0
900812,0,Revolving loans,F,0,204800.0,1072500.0,50238.9,Secondary / secondary special,Married,,-19281,-928,4,2,143900.0,True,3,0.363,1,True,1
900813,0,Cash loans,M,0,132600.0,518900.0,13329.3,Higher education,Married,Accountants,-8288,-1358,0,0,0.0,False,3,0.481,1,True,1
900814,0,Cash loans,M,0,280800.0,561700.0,14265.0,Higher education,Married,Cooking staff,-12317,-886,4,2,1463600.0,True,0,0.0,0,False,0
900815,0,Cash loans,F,0,120900.0,224300.0,6157.7,Secondary / secondary special,Married,,-11287,-573,3,1,86100.0,True,4,0.75,1,True,1
900816,0,Cash loans,F,0,198100.0,318100.0,12588.6,Higher education,Married,,-14161,-376,0,0,0.0,False,5,0.946,1,True,0
900817,0,Cash loans,M,1,201700.0,634800.0,16737.0,Secondary / secondary special,Single / not married,Core staff,-24362,-2168,0,0,0.0,False,1,0.666,1,True,0
900818,0,Cash loans,M,0,61700.0,265000.0,12436.9,Secondary / secondary special,Civil marriage,Drivers,-22479,-3064,5,1,87500.0,True,3,0.627,0,True,0
900819,0,Cash loans,F,0,174500.0,709400.0,32564.5,Incomplete higher,Single / not married,Sales staff,-12805,-1929,6,2,37300.0,True,2,0.836,0,True,0
900820,0,Revolving loans,F,0,101700.0,385800.0,15950.2,Higher education,Married,Security staff,-16951,-440,4,2,121900.0,True,4,0.607,0,True,0
900821,0,Revolving loans,M,1,84500.0,285400.0,9231.9,Secondary / secondary special,Married,Accountants,-11033,-2590,4,1,884700.0,True,2,0.595,0,True,1
900822,0,Cash loans,M,0,113200.0,516600.0,43395.7,Higher education,Married,,-12525,-44,6,0,37100.0,True,2,0.678,0,True,0
900823,0,Revolving loans,F,0,151800.0,831000.0,31868.3,Secondary / secondary special,Married,,-8803,-2233,5,2,32700.0,True,3,0.647,0,True,1
900824,0,Cash loans,F,1,64000.0,334000.0,8569.5,Higher education,Civil marriage,,-18923,-4032,4,2,340600.0,True,5,0.748,0,True,0
900825,0,Cash loans,M,0,141900.0,669400.0,55692.8,Incomplete higher,Married,Accountants,-19174,-598,3,0,120300.0,True,4,0.965,1,True,0
900826,0,Revolving loans,M,0,125600.0,353600.0,28088.0,Higher education,Married,Sales staff,-22355,-152,6,2,98600.0,True,5,0.817,1,True,0
900827,0,Revolving loans,F,1,235300.0,1348700.0,35201.3,Secondary / secondary special,Civil marriage,Cooking staff,-22934,-891,3,1,492100.0,True,5,0.47,1,True,1
900828,0,Cash loans,M,0,102000.0,548300.0,15694.4,Secondary / secondary special,Married,Managers,-10469,-2142,8,5,81500.0,True,3,0.871,0,True,0
900829,0,Cash loans,M,1,253800.0,1463200.0,146039.8,Higher education,Married,Managers,-20683,-2608,0,0,0.0,False,5,0.565,0,True,0
900830,0,Cash loans,F,0,169900.0,728100.0,30929.5,Secondary / secondary special,Separated,,-10025,-629,7,5,361900.0,True,0,0.0,0,False,1
900831,1,Cash loans,F,0,137700.0,412900.0,21409.9,Higher education,Married,,-14212,-1958,3,1,140300.0,True,9,0.79,1,True,0
900832,0,Cash loans,F,1,264700.0,935600.0,62261.8,Secondary / secondary special,Single / not married,Cooking staff,-16697,-191,4,1,132300.0,True,3,0.702,0,True,0
900833,0,Cash loans,M,0,366100.0,1088500.0,94095.2,Secondary / secondary special,Married,Laborers,-8531,-1961,5,2,17600.0,True,4,0.936,2,True,1
900834,0,Cash loans,F,1,126000.0,388000.0,22174.9,Secondary / secondary special,Widow,Low-skill Laborers,-10411,-1698,6,5,49900.0,True,5,0.882,0,True,0
900835,0,Cash loans,M,0,96700.0,330200.0,11162.2,Secondary / secondary special,Single / not married,Laborers,-12414,-1611,7,4,120500.0,True,3,0.581,0,True,0
900836,0,Cash loans,F,0,173500.0,990300.0,51802.2,Secondary / secondary special,Married,Core staff,-9899,-1206,4,0,46500.0,True,3,0.736,1,True,0
900837,0,Cash loans,M,0,68700.0,256800.0,13354.9,Secondary / secondary special,Widow,Sales staff,-24030,-3785,3,1,429100.0,True,4,0.502,0,True,1
900838,0,Cash loans,M,0,73000.0,242300.0,13555.0,Higher education,Married,,-12716,-4955,0,0,0.0,False,3,0.748,0,True,1
900839,0,Cash loans,M,0,269100.0,1177900.0,91215.8,Secondary / secondary special,Civil marriage,Sales staff,-16445,-332,2,0,115200.0,True,1,0.892,0,True,0
900840,0,Cash loans,M,1,186300.0,519500.0,18693.7,Secondary / secondary special,Single / not married,Security staff,-25124,-908,2,0,438200.0,True,5,0.585,1,True,0
900841,0,Cash loans,F,1,91200.0,140400.0,4395.6,Secondary / secondary special,Married,Laborers,-17592,-27,2,1,79000.0,True,3,0.541,1,True,0
900842,0,Cash loans,F,0,671300.0,3211900.0,81519.0,Secondary / secondary special,Married,Laborers,-14874,-797,4,2,229300.0,True,5,0.797,2,True,0
900843,0,Revolving loans,F,1,70100.0,210000.0,12501.5,Secondary / secondary special,Married,Managers,-23954,-634,4,2,150100.0,True,2,0.569,0,True,0
900844,0,Cash loans,F,0,190900.0,490400.0,32939.5,Higher education,Married,Drivers,-11563,-168,4,1,377700.0,True,5,0.783,0,True,1
900845,0,Cash loans,F,0,94000.0,367300.0,11765.6,Secondary / secondary special,Married,High skill tech staff,-10809,-174,2,1,242800.0,True,2,0.674,1,True,2
900846,0,Cash loans,F,0,341100.0,758900.0,38531.8,Secondary / secondary special,Married,Laborers,-17044,-2816,0,0,0.0,False,3,0.756,0,True,0
900847,0,Cash loans,F,0,107400.0,295400.0,11695.8,Secondary / secondary special,Civil marriage,Laborers,-15151,-1045,1,1,85700.0,True,1,0.596,0,True,0
900848,0,Cash loans,M,0,121400.0,462000.0,14781.3,Secondary / secondary special,Separated,Laborers,-21628,-2613,3,1,81000.0,True,3,0.471,0,True,0
900849,0,Cash loans,F,1,56700.0,333700.0,14774.1,Secondary / secondary special,Married,Cleaning staff,-8401,-1131,5,1,135900.0,True,4,0.549,0,True,1
900850,0,Cash loans,F,0,396600.0,1030200.0,48730.0,Secondary / secondary special,Single / not married,Security staff,-18487,-1250,0,0,0.0,False,3,0.698,1,True,0
900851,0,Cash loans,F,0,102800.0,370300.0,15969.2,Secondary / secondary special,Married,Core staff,-20116,-1863,6,4,228200.0,True,3,0.975,0,True,0
900852,0,Cash loans,F,0,178000.0,689900.0,29099.3,Higher education,Widow,,-24692,-171,2,1,353600.0,True,1,0.7,0,True,0
900853,0,Cash loans,M,0,140300.0,660500.0,65900.8,Secondary / secondary special,Civil marriage,Medicine staff,-10218,-2645,0,0,0.0,False,6,0.541,1,True,2
900854,0,Cash loans,F,0,106300.0,409100.0,26126.8,Secondary / secondary special,Separated,,-11979,-203,0,0,0.0,False,2,0.729,0,True,0
900855,0,Cash loans,M,0,46000.0,220800.0,7807.7,Secondary / secondary special,Single / not married,,-24001,-268,7,1,88700.0,True,2,0.742,1,True,0
900856,0,Cash loans,F,0,124900.0,673100.0,63962.4,Higher education,Married,Laborers,-18713,-240,6,3,73400.0,True,0,0.0,0,False,1
900857,0,Cash loans,F,1,122200.0,338800.0,18520.5,Incomplete higher,Married,Managers,-8331,-1761,3,1,53300.0,True,2,0.558,0,True,1
900858,0,Revolving loans,M,0,164200.0,863800.0,37212.1,Secondary / secondary special,Married,,-9020,-588,0,0,0.0,False,2,0.871,0,True,0
900859,0,Cash loans,F,2,409300.0,1097900.0,47211.7,Secondary / secondary special,Married,Laborers,-21425,-1706,5,3,36900.0,True,3,0.405,1,True,2
900860,0,Cash loans,M,0,193200.0,993400.0,86882.3,Secondary / secondary special,Married,Drivers,-17607,-1477,7,3,81400.0,True,3,0.95,0,True,1
900861,0,Cash loans,M,1,215200.0,939300.0,25904.1,Secondary / secondary special,Married,Core staff,-17571,-1170,2,2,51800.0,True,2,0.581,0,True,1
900862,0,Cash loans,F,0,120200.0,487800.0,38366.1,Secondary / secondary special,Single / not married,,-23080,-368,2,1,41500.0,True,2,0.957,0,True,1
900863,0,Revolving loans,M,1,72600.0,260500.0,7181.9,Secondary / secondary special,Married,,-11889,-68,4,2,38800.0,True,3,0.653,1,True,1
900864,0,Cash loans,F,2,121800.0,481600.0,12123.5,Secondary / secondary special,Married,Managers,-10475,-1167,3,2,51100.0,True,3,0.387,0,True,0
900865,1,Cash loans,F,0,97000.0,247900.0,16140.3,Higher education,Single / not married,,-18418,-2806,3,1,264500.0,True,1,0.56,1,True,3
900866,0,Cash loans,F,1,136500.0,510700.0,42146.5,Secondary / secondary special,Married,,-23125,-773,0,0,0.0,False,2,0.53,0,True,2
900867,1,Cash loans,F,0,109400.0,463700.0,34012.3,Secondary / secondary special,Married,Low-skill Laborers,-12312,-887,0,0,0.0,False,4,0.811,2,True,1
900868,0,Cash loans,M,0,60500.0,194600.0,5470.0,Secondary / secondary special,Married,Core staff,-19601,-1171,5,1,119700.0,True,3,0.967,0,True,1
900869,0,Cash loans,F,2,263800.0,849000.0,21674.4,Secondary / secondary special,Married,Laborers,-10334,-1256,3,0,301900.0,True,1,0.886,1,True,0
900870,0,Revolving loans,M,1,130500.0,399800.0,14410.3,Secondary / secondary special,Married,Core staff,-10676,-553,4,1,260400.0,True,1,0.574,0,True,0
900871,0,Cash loans,F,0,118700.0,614900.0,16005.6,Higher education,Married,Core staff,-23459,-1247,2,1,268900.0,True,4,0.703,0,True,0
900872,0,Cash loans,F,0,80600.0,260300.0,7866.3,Higher education,Married,Sales staff,-9731,-3161,9,0,122300.0,True,3,0.595,0,True,0
900873,1,Cash loans,F,0,110400.0,453900.0,16773.1,Secondary / secondary special,Married,Core staff,-8091,-384,0,0,0.0,False,3,0.605,1,True,1
900874,0,Cash loans,M,1,90900.0,534000.0,14267.0,Secondary / secondary special,Married,Managers,-21241,-1711,6,3,41000.0,True,1,0.901,0,True,1
900875,1,Cash loans,M,0,77100.0,126100.0,5243.8,Secondary / secondary special,Civil marriage,,-14016,-4217,5,4,69300.0,True,4,0.615,1,True,0
900876,0,Cash loans,M,0,151900.0,378200.0,16922.3,Secondary / secondary special,Married,Laborers,-14614,-7401,0,0,0.0,False,6,0.623,0,True,1
900877,0,Revolving loans,F,0,110700.0,627000.0,19843.5,Higher education,Married,,-21678,-2315,3,1,81700.0,True,3,0.702,0,True,0
900878,0,Cash loans,F,0,203600.0,962000.0,29636.5,Higher education,Married,Drivers,-10817,-1159,4,2,113300.0,True,5,0.924,0,True,0
900879,0,Cash loans,F,0,116900.0,373400.0,18095.2,Higher education,Married,Drivers,-19058,-130,4,3,289200.0,True,3,0.57,0,True,1
900880,0,Cash loans,M,0,148300.0,282400.0,11636.7,Secondary / secondary special,Married,High skill tech staff,-13158,-9,6,1,194200.0,True,1,0.775,0,True,0
900881,0,Cash loans,F,1,146200.0,557400.0,33833.6,Lower secondary,Married,Laborers,-9491,-567,4,1,150700.0,True,3,0.483,0,True,0
900882,0,Cash loans,F,1,169700.0,853200.0,62763.5,Incomplete higher,Single / not married,Sales staff,-19709,-1001,9,7,114200.0,True,4,0.907,0,True,0
900883,0,Cash loans,M,0,91900.0,312700.0,15213.3,Secondary / secondary special,Single / not married,Managers,-13247,-5852,0,0,0.0,False,1,0.821,1,True,0
900884,1,Cash loans,F,1,219500.0,1162900.0,46921.9,Secondary / secondary special,Separated,Laborers,-22847,-1470,3,0,72100.0,True,3,0.574,0,True,0
900885,0,Cash loans,M,0,77600.0,217800.0,14797.6,Higher education,Separated,Low-skill Laborers,-23766,-1757,7,4,211800.0,True,4,0.625,0,True,0
900886,0,Revolving loans,M,0,143000.0,533100.0,35801.6,Secondary / secondary special,Married,Laborers,-22540,-2016,7,2,109600.0,True,1,0.913,0,True,0
900887,1,Cash loans,F,0,76600.0,146000.0,10642.0,Secondary / secondary special,Married,Sales staff,-13312,-483,6,2,269300.0,True,1,0.511,0,True,0
900888,0,Cash loans,F,0,131800.0,509400.0,14043.6,Secondary / secondary special,Married,High skill tech staff,-11809,-189,4,3,296200.0,True,2,0.893,0,True,0
900889,0,Revolving loans,M,2,218600.0,1174900.0,38117.6,Secondary / secondary special,Married,Managers,-23306,-649,4,4,168300.0,True,1,0.954,0,True,2
900890,1,Cash loans,M,2,184800.0,403800.0,28108.4,Higher education,Married,Sales staff,-15600,-5149,1,0,472800.0,True,0,0.0,0,False,0
900891,0,Cash loans,F,0,237700.0,1008600.0,33802.3,Higher education,Married,Laborers,-20064,-253,5,2,319000.0,True,5,0.49,0,True,1
900892,0,Cash loans,M,1,120300.0,350600.0,14266.7,Higher education,Widow,Core staff,-22156,-691,0,0,0.0,False,5,0.714,0,True,1
900893,0,Cash loans,F,1,220500.0,681400.0,25268.9,Secondary / secondary special,Married,Laborers,-12530,-825,4,1,188800.0,True,3,0.572,0,True,0
900894,0,Cash loans,M,0,99000.0,152300.0,4369.1,Higher education,Separated,Core staff,-9751,-2312,3,1,197800.0,True,2,0.826,0,True,0
900895,0,Cash loans,F,1,111300.0,433900.0,17870.4,Secondary / secondary special,Widow,Drivers,-18611,-1807,4,1,423500.0,True,4,0.941,0,True,0
900896,0,Cash loans,F,1,149400.0,886500.0,47551.1,Secondary / secondary special,Married,,-18005,-2308,0,0,0.0,False,3,0.519,0,True,1
900897,0,Cash loans,M,0,214100.0,462600.0,13848.5,Higher education,Married,Managers,-12398,-2203,5,1,484700.0,True,4,0.484,0,True,0
900898,0,Cash loans,F,0,106500.0,272000.0,18400.2,Higher education,Married,,-17909,-2190,4,2,27000.0,True,3,0.51,0,True,0
900899,0,Cash loans,M,1,198200.0,499100.0,13224.0,Secondary / secondary special,Married,Managers,-21512,-286,5,3,242800.0,True,2,0.774,2,True,0
900900,0,Cash loans,M,0,157200.0,633500.0,16564.0,Secondary / secondary special,Civil marriage,,-13797,-7227,5,4,240900.0,True,2,0.847,1,True,0
900901,0,Cash loans,M,0,165700.0,390200.0,19176.7,Secondary / secondary special,Widow,Sales staff,-11910,-2958,3,1,119800.0,True,4,0.699,1,True,0
900902,0,Cash loans,F,1,91300.0,527900.0,15916.1,Secondary / secondary special,Married,,-20367,-761,4,4,283600.0,True,3,0.668,1,True,2
900903,0,Cash loans,F,1,115500.0,535200.0,14211.3,Secondary / secondary special,Married,Laborers,-21433,-3263,2,0,40600.0,True,3,0.49,2,True,0
900904,0,Cash loans,F,1,133600.0,576300.0,15336.6,Secondary / secondary special,Civil marriage,Core staff,-24384,-5078,3,2,62400.0,True,3,0.487,0,True,0
900905,0,Cash loans,F,0,165700.0,251500.0,18725.0,Higher education,Married,Laborers,-10250,-3680,0,0,0.0,False,2,0.706,1,True,0
900906,0,Cash loans,F,0,93500.0,338200.0,22496.8,Secondary / secondary special,Single / not married,Laborers,-23244,-4437,3,2,72400.0,True,2,0.868,0,True,0
900907,0,Cash loans,F,0,73400.0,377500.0,15275.9,Secondary / secondary special,Married,Low-skill Laborers,-21069,-1408,4,1,466100.0,True,7,0.499,0,True,0
900908,0,Cash loans,F,0,48200.0,182300.0,6863.1,Secondary / secondary special,Married,,-19962,-696,6,5,576700.0,True,3,0.925,0,True,1
900909,0,Cash loans,M,1,203300.0,980400.0,48240.8,Secondary / secondary special,Married,Laborers,-13149,-731,3,0,135000.0,True,2,0.817,1,True,1
900910,0,Cash loans,F,0,224500.0,1025800.0,83407.2,Secondary / secondary special,Married,Sales staff,-8053,-1483,6,3,182900.0,True,5,0.496,1,True,1
900911,0,Cash loans,F,1,51300.0,291500.0,12738.0,Secondary / secondary special,Married,High skill tech staff,-16557,-4238,5,2,1220000.0,True,2,0.593,0,True,0
900912,0,Cash loans,M,0,145400.0,458000.0,24845.7,Secondary / secondary special,Married,,-12671,-1315,0,0,0.0,False,4,0.966,0,True,1
900913,0,Cash loans,F,2,115900.0,604300.0,25792.0,Secondary / secondary special,Married,Laborers,-12742,-1100,0,0,0.0,False,2,0.685,0,True,0
900914,0,Cash loans,M,0,257300.0,687500.0,37776.5,Secondary / secondary special,Civil marriage,High skill tech staff,-23908,-1054,0,0,0.0,False,0,0.0,0,False,0
900915,0,Cash loans,M,0,126000.0,505100.0,21887.1,Higher education,Married,Sales staff,-10345,-2112,0,0,0.0,False,4,0.825,0,True,0
900916,0,Cash loans,M,0,183900.0,787200.0,28477.2,Secondary / secondary special,Separated,Accountants,-24032,-6000,0,0,0.0,False,3,0.704,1,True,0
900917,0,Cash loans,M,1,113200.0,395300.0,18994.9,Secondary / secondary special,Married,,-16491,-697,3,0,388800.0,True,3,0.696,0,True,0
900918,0,Cash loans,M,0,99300.0,194700.0,11930.4,Secondary / secondary special,Single / not married,,-22351,-2846,3,1,665500.0,True,3,0.586,0,True,2
900919,0,Cash loans,M,0,205500.0,709800.0,32414.6,Secondary / secondary special,Married,Sales staff,-12633,-1743,2,1,87100.0,True,0,0.0,0,False,1
900920,0,Cash loans,F,1,240000.0,572700.0,32147.2,Secondary / secondary special,Civil marriage,,-18771,-1700,3,1,144300.0,True,3,0.817,0,True,0
900921,0,Cash loans,F,0,74200.0,274000.0,22974.6,Higher education,Married,Laborers,-17416,-5714,2,2,397300.0,True,2,0.583,0,True,1
900922,0,Cash loans,M,0,247900.0,394900.0,13610.4,Secondary / secondary special,Married,,-23856,-4678,7,1,65000.0,True,2,0.511,0,True,0
900923,1,Cash loans,F,0,86000.0,316100.0,10894.1,Secondary / secondary special,Widow,Sales staff,-10806,-2641,7,3,419800.0,True,3,0.346,0,True,0
900924,0,Cash loans,F,0,43600.0,139400.0,7133.8,Secondary / secondary special,Married,Security staff,-11249,-1074,2,1,737100.0,True,4,0.396,0,True,1
900925,0,Cash loans,F,1,140800.0,219800.0,5668.3,Higher education,Single / not married,Cooking staff,-24290,-1680,6,2,38600.0,True,2,0.506,0,True,1
900926,0,Cash loans,F,1,180400.0,776200.0,23052.5,Secondary / secondary special,Single / not married,Laborers,-9381,-44,3,0,34300.0,True,3,0.97,0,True,0
900927,0,Cash loans,F,1,65600.0,190800.0,5146.7,Secondary / secondary special,Married,,-18784,-2524,8,3,25400.0,True,3,0.849,0,True,0
900928,0,Revolving loans,M,0,51900.0,213900.0,8881.9,Secondary / secondary special,Married,Security staff,-8726,-2156,2,2,84800.0,True,1,0.874,0,True,0
900929,0,Revolving loans,F,0,109300.0,599700.0,23322.4,Higher education,Civil marriage,Sales staff,-9013,-1263,1,0,37600.0,True,3,0.706,1,True,1
900930,0,Cash loans,F,1,102200.0,550800.0,17916.7,Secondary / secondary special,Separated,Sales staff,-18127,-3699,3,0,494500.0,True,5,0.781,0,True,0
900931,0,Cash loans,M,0,277700.0,1045800.0,37832.8,Higher education,Married,High skill tech staff,-17324,-251,5,4,52000.0,True,3,0.398,0,True,0
900932,0,Cash loans,M,3,140800.0,509800.0,16966.9,Higher education,Civil marriage,Laborers,-17704,-2687,5,4,96000.0,True,1,0.865,0,True,0
900933,0,Cash loans,F,2,202100.0,788200.0,34309.7,Secondary / secondary special,Civil marriage,Laborers,-15963,-464,2,1,222800.0,True,1,0.845,0,True,1
900934,0,Cash loans,F,0,155500.0,506400.0,36209.4,Secondary / secondary special,Married,Accountants,-20671,-103,3,2,60500.0,True,3,0.786,1,True,0
900935,0,Cash loans,F,1,306700.0,867300.0,25240.6,Higher education,Single / not married,Sales staff,-25048,-936,4,3,151200.0,True,4,0.743,1,True,0
900936,0,Cash loans,M,0,89600.0,198000.0,9158.0,Secondary / secondary special,Married,Managers,-12496,-1498,2,0,305000.0,True,4,0.859,0,True,0
900937,0,Cash loans,F,1,134000.0,752800.0,26646.6,Secondary / secondary special,Married,Medicine staff,-13331,-1431,0,0,0.0,False,1,0.956,0,True,0
900938,1,Cash loans,M,0,63900.0,113600.0,5391.4,Secondary / secondary special,Widow,Laborers,-13324,-5561,4,1,227300.0,True,3,0.654,0,True,1
900939,0,Cash loans,M,0,210000.0,641100.0,26204.4,Secondary / secondary special,Single / not married,Medicine staff,-21037,-1288,0,0,0.0,False,5,0.943,1,True,0
900940,0,Cash loans,F,0,244400.0,549700.0,18845.4,Secondary / secondary special,Married,Laborers,-13762,-392,4,2,320300.0,True,1,0.86,1,True,2
900941,0,Cash loans,F,0,216600.0,383900.0,14033.8,Higher education,Married,Security staff,-19521,-708,2,1,210100.0,True,1,0.931,0,True,2
900942,0,Cash loans,M,0,131500.0,299500.0,21050.3,Secondary / secondary special,Married,,-15476,-1765,4,2,259800.0,True,1,0.637,1,True,0
900943,1,Cash loans,M,0,66500.0,236200.0,13843.4,Secondary / secondary special,Married,,-18313,-2080,5,2,134500.0,True,3,0.719,0,True,2
900944,0,Cash loans,F,0,134100.0,538400.0,35383.2,Secondary / secondary special,Married,Managers,-22189,-320,6,0,394200.0,True,0,0.0,0,False,0
900945,0,Cash loans,F,0,99800.0,551400.0,20215.0,Secondary / secondary special,Married,Security staff,-16671,-1751,3,0,113700.0,True,5,0.65,0,True,0
900946,0,Cash loans,M,1,222100.0,1016600.0,46553.5,Secondary / secondary special,Married,Drivers,-15990,-1006,4,3,209900.0,True,3,0.655,1,True,0
900947,1,Revolving loans,M,0,113100.0,577800.0,33220.7,Secondary / secondary special,Married,Managers,-12342,-487,2,1,187500.0,True,4,0.632,0,True,4
900948,0,Revolving loans,F,0,111900.0,446500.0,39434.9,Lower secondary,Single / not married,Low-skill Laborers,-16703,-2326,4,0,168300.0,True,2,0.627,1,True,0
900949,0,Cash loans,F,0,415100.0,998600.0,30236.7,Higher education,Separated,Sales staff,-12262,-1062,0,0,0.0,False,2,0.712,0,True,1
900950,0,Cash loans,M,0,208800.0,1111700.0,95660.7,Secondary / secondary special,Married,Medicine staff,-22444,-2327,5,3,512200.0,True,2,0.507,0,True,0
900951,0,Cash loans,F,1,239800.0,871700.0,40690.4,Secondary / secondary special,Married,,-14477,-6036,5,2,682100.0,True,2,0.825,0,True,1
900952,0,Revolving loans,F,0,108400.0,538800.0,22759.7,Secondary / secondary special,Widow,,-9926,-741,4,1,1257300.0,True,2,0.768,1,True,2
900953,0,Cash loans,F,0,80800.0,123500.0,5234.9,Secondary / secondary special,Married,,-11869,-41,4,3,173100.0,True,1,0.661,1,True,1
900954,0,Cash loans,F,0,238700.0,836700.0,59110.1,Higher education,Married,Cooking staff,-17030,-5150,5,1,192800.0,True,0,0.0,0,False,1
900955,0,Cash loans,F,2,295200.0,893000.0,28545.2,Higher education,Married,,-23718,-2179,0,0,0.0,False,2,0.476,0,True,0
900956,0,Cash loans,F,0,73600.0,208800.0,12417.6,Academic degree,Separated,Laborers,-12930,-676,0,0,0.0,False,2,0.615,2,True,0
900957,0,Cash loans,F,0,108100.0,490400.0,16985.3,Secondary / secondary special,Married,,-12297,-359,4,2,397900.0,True,4,0.682,1,True,0
900958,0,Cash loans,F,0,88600.0,461600.0,21629.7,Secondary / secondary special,Widow,,-14787,-2292,3,1,112200.0,True,3,0.809,1,True,1
900959,1,Cash loans,F,0,178100.0,959600.0,37433.2,Secondary / secondary special,Widow,Sales staff,-24620,-457,6,3,288600.0,True,3,0.906,0,True,1
900960,0,Cash loans,F,1,241000.0,1229900.0,52188.1,Secondary / secondary special,Separated,,-22473,-1137,4,4,42300.0,True,3,0.715,0,True,0
900961,0,Cash loans,F,0,116500.0,600300.0,15528.6,Secondary / secondary special,Civil marriage,Medicine staff,-10287,-1171,4,2,280900.0,True,6,0.551,3,True,0
900962,0,Cash loans,F,1,116300.0,611500.0,29984.1,Higher education,Single / not married,Medicine staff,-18417,-6835,4,2,619200.0,True,3,0.884,0,True,1
900963,0,Cash loans,F,0,52600.0,243100.0,16662.1,Higher education,Widow,Core staff,-21538,-1026,5,2,74000.0,True,7,0.311,0,True,0
900964,0,Cash loans,M,1,86900.0,427500.0,20528.3,Higher education,Married,Laborers,-21120,-1939,2,1,94100.0,True,1,0.845,0,True,1
900965,0,Cash loans,F,0,297500.0,742300.0,29726.1,Secondary / secondary special,Civil marriage,Medicine staff,-16229,-2430,0,0,0.0,False,1,0.463,1,True,1
900966,0,Revolving loans,M,1,179100.0,1040100.0,86767.6,Higher education,Married,Laborers,-20486,-3503,1,1,91400.0,True,4,0.784,0,True,0
900967,0,Cash loans,F,1,222500.0,837500.0,22301.5,Secondary / secondary special,Married,,-17889,-962,0,0,0.0,False,2,0.886,0,True,2
900968,0,Cash loans,F,0,116600.0,312800.0,19596.8,Secondary / secondary special,Married,Laborers,-11194,-299,2,1,176800.0,True,4,0.472,1,True,0
900969,0,Revolving loans,F,1,122100.0,432900.0,11416.7,Secondary / secondary special,Widow,Laborers,-8647,-779,4,2,54200.0,True,4,0.578,0,True,0
900970,0,Cash loans,F,1,141300.0,735400.0,33237.9,Secondary / secondary special,Married,Sales staff,-14138,-6118,3,1,63700.0,True,5,0.684,1,True,1
900971,0,Revolving loans,F,0,164600.0,759800.0,28496.9,Secondary / secondary special,Married,Laborers,-8750,-346,3,1,16500.0,True,5,0.623,1,True,0
900972,0,Cash loans,M,1,278600.0,609200.0,19979.9,Secondary / secondary special,Married,High skill tech staff,-14585,-3371,2,1,67500.0,True,1,0.935,1,True,1
900973,0,Cash loans,F,0,100000.0,347400.0,29074.9,Higher education,Single / not married,Core staff,-22186,-56,3,1,39500.0,True,1,0.862,0,True,0
900974,1,Cash loans,F,0,130700.0,640200.0,28557.7,Higher education,Married,,-22457,-8923,0,0,0.0,False,3,0.812,1,True,0
900975,0,Cash loans,F,2,94200.0,435500.0,23606.2,Secondary / secondary special,Married,Laborers,-8261,-1691,4,2,98800.0,True,1,0.695,0,True,0
900976,0,Cash loans,M,0,52300.0,123100.0,8176.2,Secondary / secondary special,Married,Managers,-8883,-2313,3,1,47700.0,True,9,0.733,1,True,1
900977,1,Cash loans,F,0,221800.0,1074200.0,35723.4,Secondary / secondary special,Separated,,-19401,-719,6,2,131300.0,True,3,0.529,0,True,2
900978,0,Revolving loans,F,0,335400.0,1521600.0,101653.0,Higher education,Widow,,-16424,-7045,3,1,232300.0,True,4,0.625,0,True,0
900979,0,Cash loans,F,0,205300.0,533700.0,19416.8,Secondary / secondary special,Married,Managers,-10281,-165,4,0,216300.0,True,1,0.732,0,True,1
900980,0,Cash loans,M,1,157100.0,453100.0,20867.6,Secondary / secondary special,Married,Laborers,-21777,-169,3,1,196900.0,True,0,0.0,0,False,0
900981,0,Cash loans,M,0,353700.0,1198100.0,30496.1,Higher education,Single / not married,,-11458,-4888,0,0,0.0,False,0,0.0,0,False,1
900982,0,Cash loans,F,0,176100.0,798000.0,21453.1,Secondary / secondary special,Married,Laborers,-9034,-105,1,0,89200.0,True,3,0.893,2,True,0
900983,0,Cash loans,F,0,209100.0,1208900.0,118206.7,Higher education,Single / not married,Sales staff,-20796,-42,2,1,612400.0,True,3,0.721,1,True,1
900984,0,Cash loans,M,0,150200.0,897600.0,26149.7,Higher education,Civil marriage,,-18319,-772,3,2,1572000.0,True,1,0.461,0,True,0
900985,0,Cash loans,F,0,162100.0,745900.0,49529.5,Higher education,Married,Drivers,-14575,-1457,5,2,365100.0,True,2,0.986,0,True,0
900986,0,Cash loans,F,0,131000.0,439600.0,18229.5,Higher education,Civil marriage,Sales staff,-19801,-1554,0,0,0.0,False,3,0.926,0,True,0
900987,0,Cash loans,F,0,212300.0,383900.0,11172.8,Higher education,Married,,-23632,-6220,1,0,60000.0,True,4,0.655,2,True,1
900988,0,Cash loans,F,0,81100.0,338100.0,18154.0,Secondary / secondary special,Widow,Accountants,-8263,-104,3,2,593400.0,True,4,0.388,1,True,0
900989,1,Revolving loans,F,0,172700.0,633400.0,19784.2,Secondary / secondary special,Married,Sales staff,-18661,-5601,4,3,126600.0,True,0,0.0,0,False,2
900990,0,Cash loans,F,1,91400.0,413000.0,23972.9,Secondary / secondary special,Civil marriage,Cleaning staff,-11487,-1780,3,2,114200.0,True,5,0.271,0,True,1
900991,0,Cash loans,M,0,180700.0,1055300.0,29160.8,Secondary / secondary special,Married,,-15971,-629,3,0,530800.0,True,5,0.89,1,True,0
900992,0,Cash loans,F,1,463500.0,1043200.0,45022.4,Secondary / secondary special,Married,Laborers,-15093,-7270,7,3,5100.0,True,5,0.43,1,True,0
900993,0,Cash loans,F,0,198700.0,629400.0,39390.1,Secondary / secondary special,Married,Core staff,-14497,-4942,1,0,138800.0,True,1,0.605,0,True,0
900994,0,Cash loans,F,1,251800.0,1030500.0,88825.5,Secondary / secondary special,Single / not married,Security staff,-11000,-795,2,0,29600.0,True,4,0.642,1,True,0
900995,0,Revolving loans,M,1,219800.0,676600.0,23996.6,Higher education,Separated,Drivers,-21727,-359,0,0,0.0,False,10,0.771,3,True,0
900996,0,Cash loans,F,0,43800.0,100400.0,3293.2,Secondary / secondary special,Civil marriage,Core staff,-14314,-1425,4,2,889100.0,True,2,0.542,0,True,0
900997,0,Cash loans,F,0,131100.0,549800.0,18076.1,Secondary / secondary special,Single / not married,Drivers,-23208,-1552,5,2,258200.0,True,2,0.599,0,True,0
900998,0,Cash loans,F,0,175100.0,293700.0,11783.1,Secondary / secondary special,Married,,-13878,-2512,2,0,1310000.0,True,4,0.497,1,True,0
900999,0,Cash loans,F,0,49300.0,157600.0,7136.8,Secondary / secondary special,Widow,Managers,-22376,-183,0,0,0.0,False,2,0.867,0,True,1
901000,0,Cash loans,F,0,121500.0,714100.0,24994.3,Secondary / secondary special,Married,Sales staff,-17204,-207,2,1,733900.0,True,4,0.782,2,True,0
901001,0,Revolving loans,F,0,134600.0,491600.0,44691.4,Secondary / secondary special,Married,,-14421,-3227,3,0,26100.0,True,3,0.728,1,True,0
901002,0,Revolving loans,F,0,75600.0,148000.0,8612.9,Higher education,Married,,-19999,-8135,3,0,189000.0,True,2,0.722,0,True,0
901003,0,Cash loans,F,0,86200.0,452900.0,25637.4,Secondary / secondary special,Civil marriage,,-21447,-1149,2,1,35000.0,True,4,0.876,0,True,0
901004,1,Cash loans,M,0,273200.0,629900.0,18886.0,Secondary / secondary special,Married,,-16121,-5466,4,1,228700.0,True,1,0.85,0,True,0
901005,1,Cash loans,F,0,25650.0,67400.0,2900.2,Secondary / secondary special,Married,,-15118,-95,3,0,105500.0,True,5,0.711,0,True,1
901006,0,Cash loans,F,0,160400.0,935300.0,82229.2,Higher education,Married,,-17781,-2053,4,2,120700.0,True,3,0.563,1,True,2
901007,0,Cash loans,M,1,250500.0,1249500.0,33906.1,Secondary / secondary special,Married,Core staff,-17917,-710,0,0,0.0,False,4,0.8,1,True,0
901008,0,Cash loans,M,0,138100.0,407200.0,18885.7,Secondary / secondary special,Married,Sales staff,-15119,-4434,2,2,475700.0,True,1,0.681,0,True,1
901009,0,Cash loans,F,2,283100.0,1249200.0,101484.7,Secondary / secondary special,Separated,,-20939,-3355,4,0,185500.0,True,1,0.974,0,True,0
901010,1,Revolving loans,M,0,113100.0,417900.0,18529.0,Secondary / secondary special,Single / not married,Managers,-14668,-877,2,1,184500.0,True,1,0.678,0,True,1
901011,0,Cash loans,F,1,89000.0,490900.0,12755.3,Secondary / secondary special,Widow,,-15601,-881,6,1,152800.0,True,1,0.8,0,True,0
901012,0,Cash loans,M,0,139300.0,560200.0,16455.2,Secondary / secondary special,Married,Sales staff,-18270,-2579,4,0,330500.0,True,4,0.841,0,True,0
901013,0,Cash loans,F,0,115700.0,517600.0,18615.4,Secondary / secondary special,Single / not married,Security staff,-24954,-435,6,2,117800.0,True,4,0.689,0,True,0
901014,0,Cash loans,F,0,105200.0,228400.0,6969.1,Secondary / secondary special,Married,Drivers,-12232,-1040,0,0,0.0,False,4,0.607,1,True,2
901015,0,Cash loans,F,1,127900.0,335700.0,13168.3,Higher education,Separated,Sales staff,-11728,-5158,2,1,431600.0,True,2,0.97,1,True,0
901016,0,Cash loans,F,0,94200.0,152600.0,4472.5,Secondary / secondary special,Married,Sales staff,-10764,-4194,6,2,92400.0,True,4,0.736,1,True,1
901017,0,Cash loans,F,0,92100.0,381900.0,10847.7,Secondary / secondary special,Married,,-19744,-2563,6,1,204000.0,True,3,0.424,0,True,0
901018,0,Cash loans,M,0,79900.0,322100.0,16007.7,Secondary / secondary special,Married,Laborers,-15533,-2480,7,3,347300.0,True,4,0.934,0,True,1
901019,0,Cash loans,F,1,172400.0,497400.0,21291.2,Secondary / secondary special,Married,,-14473,-1124,5,3,46200.0,True,5,0.942,0,True,0
901020,0,Revolving loans,F,0,85000.0,216300.0,12879.5,Incomplete higher,Civil marriage,Laborers,-11240,-2492,7,2,61100.0,True,2,0.676,1,True,0
901021,0,Cash loans,F,1,75200.0,266100.0,8710.0,Secondary / secondary special,Married,Cleaning staff,-23277,-42,0,0,0.0,False,0,0.0,0,False,1
901022,0,Cash loans,F,0,81800.0,160900.0,11402.4,Higher education,Single / not married,Drivers,-15429,-607,5,2,102200.0,True,2,0.97,0,True,1
901023,0,Cash loans,M,0,155200.0,828500.0,34290.4,Secondary / secondary special,Married,Core staff,-18311,-9155,0,0,0.0,False,2,0.89,0,True,0
901024,0,Cash loans,M,0,195700.0,1026100.0,26312.7,Secondary / secondary special,Married,Managers,-9636,-56,7,2,146000.0,True,1,0.656,0,True,0
901025,0,Revolving loans,F,0,203800.0,852400.0,35548.2,Higher education,Widow,Managers,-9556,-1206,5,5,710000.0,True,3,0.617,0,True,0
901026,0,Cash loans,F,1,155800.0,865800.0,71857.9,Higher education,Single / not married,Laborers,-8845,-2047,3,3,214700.0,True,2,0.82,0,True,0
901027,0,Cash loans,F,0,183000.0,779700.0,73904.0,Higher education,Widow,Accountants,-14100,-1165,0,0,0.0,False,1,0.597,0,True,0
901028,0,Cash loans,M,2,136200.0,505200.0,13120.7,Secondary / secondary special,Married,Core staff,-15949,-123,5,3,70900.0,True,4,0.658,1,True,1
901029,1,Cash loans,F,0,175800.0,738300.0,23652.2,Secondary / secondary special,Single / not married,Managers,-11950,-1810,1,0,855000.0,True,2,0.465,0,True,3
901030,0,Cash loans,F,1,174500.0,328800.0,10508.7,Secondary / secondary special,Single / not married,,-13791,-7221,3,1,354200.0,True,2,0.949,0,True,0
901031,0,Cash loans,F,0,97200.0,240900.0,11418.5,Secondary / secondary special,Married,Sales staff,-7774,-1204,9,2,123000.0,True,3,0.673,0,True,0
901032,0,Cash loans,F,0,81800.0,328200.0,13110.1,Secondary / secondary special,Married,Laborers,-13816,-2624,5,1,174100.0,True,1,0.935,0,True,2
901033,0,Cash loans,F,0,275300.0,552000.0,20634.0,Secondary / secondary special,Married,,-9752,-743,5,2,92000.0,True,1,0.529,0,True,0
901034,0,Cash loans,M,0,149100.0,766800.0,23228.7,Secondary / secondary special,Married,Core staff,-9914,-2029,0,0,0.0,False,4,0.599,0,True,0
901035,0,Cash loans,F,1,236900.0,536800.0,21232.8,Higher education,Single / not married,Security staff,-7743,-1173,5,2,165100.0,True,4,0.62,1,True,0
901036,0,Cash loans,F,1,80800.0,273300.0,14233.1,Incomplete higher,Civil marriage,Managers,-19865,-8751,3,3,38100.0,True,4,0.745,0,True,1
901037,0,Cash loans,F,0,114300.0,420700.0,16194.9,Secondary / secondary special,Single / not married,,-23981,-1613,6,3,100800.0,True,2,0.809,0,True,0
901038,0,Cash loans,F,0,70300.0,155400.0,5105.7,Secondary / secondary special,Married,,-18554,-2114,6,1,37500.0,True,2,0.58,0,True,0
901039,0,Cash loans,M,0,193400.0,500900.0,42675.9,Secondary / secondary special,Single / not married,Laborers,-9350,-1786,5,0,122200.0,True,6,0.916,2,True,2
901040,1,Cash loans,M,0,103000.0,379000.0,15655.5,Secondary / secondary special,Married,,-25003,-1437,4,3,50200.0,True,4,0.686,0,True,4
901041,0,Cash loans,M,1,106100.0,210100.0,10330.6,Secondary / secondary special,Separated,,-24757,-349,2,1,161700.0,True,7,0.627,0,True,1
901042,0,Cash loans,M,0,372200.0,871800.0,23636.2,Higher education,Married,,-15868,-362,3,0,322000.0,True,2,0.527,1,True,0
901043,0,Cash loans,F,0,195300.0,313300.0,14470.3,Secondary / secondary special,Single / not married,Laborers,-9554,-2984,5,3,211600.0,True,1,0.648,0,True,2
901044,0,Cash loans,F,0,194200.0,733900.0,25422.8,Secondary / secondary special,Married,,-20292,-2629,1,0,29700.0,True,2,0.879,0,True,0
901045,0,Cash loans,F,0,76800.0,399400.0,16877.3,Secondary / secondary special,Married,,-24509,-40,3,2,24000.0,True,7,0.634,1,True,1
901046,1,Cash loans,M,0,55300.0,284700.0,8276.7,Secondary / secondary special,Married,Accountants,-21307,-1746,3,1,36600.0,True,0,0.0,0,False,0
901047,0,Cash loans,M,0,227500.0,704600.0,18594.5,Higher education,Married,Low-skill Laborers,-18601,-849,1,1,463500.0,True,2,0.513,1,True,0
901048,0,Cash loans,F,2,45700.0,209900.0,16781.0,Higher education,Married,Drivers,-18366,-2447,2,0,1666100.0,True,9,0.769,2,True,0
901049,0,Cash loans,F,0,108900.0,648500.0,61236.9,Secondary / secondary special,Married,,-24798,-3363,0,0,0.0,False,3,0.48,0,True,0
901050,0,Cash loans,M,0,93300.0,317700.0,10202.7,Secondary / secondary special,Married,,-8946,-2376,4,2,48700.0,True,0,0.0,0,False,0
901051,0,Cash loans,F,0,88200.0,495000.0,17101.6,Higher education,Separated,Sales staff,-10285,-850,6,1,689600.0,True,3,0.878,0,True,1
901052,0,Cash loans,F,1,112300.0,561900.0,21097.8,Secondary / secondary special,Married,Drivers,-22220,-2943,4,1,94700.0,True,2,0.909,0,True,0
901053,0,Cash loans,F,1,82600.0,189600.0,8271.2,Secondary / secondary special,Married,Core staff,-10207,-3637,6,1,137500.0,True,3,0.591,0,True,1
901054,0,Cash loans,F,2,76200.0,266600.0,8204.7,Secondary / secondary special,Married,Drivers,-14380,-7479,4,2,179400.0,True,1,0.521,0,True,2
901055,0,Cash loans,F,1,159000.0,904500.0,29074.6,Secondary / secondary special,Single / not married,Laborers,-12596,-406,4,0,70700.0,True,3,0.73,0,True,0
901056,0,Cash loans,M,0,238600.0,537800.0,23903.5,Secondary / secondary special,Married,Low-skill Laborers,-11930,-3772,1,0,63900.0,True,5,0.905,2,True,0
901057,0,Cash loans,M,0,58800.0,103500.0,5240.6,Secondary / secondary special,Single / not married,Drivers,-8115,-1545,0,0,0.0,False,2,0.91,0,True,0
901058,0,Cash loans,F,2,154400.0,417300.0,10739.6,Secondary / secondary special,Separated,,-17585,-5,5,1,95400.0,True,1,0.799,0,True,1
901059,1,Cash loans,F,1,183500.0,279300.0,12596.5,Secondary / secondary special,Married,Laborers,-14694,-2082,5,2,21200.0,True,5,0.918,0,True,2
901060,0,Cash loans,F,0,175000.0,362600.0,22286.1,Secondary / secondary special,Married,Sales staff,-17328,-2440,5,2,55800.0,True,3,0.807,0,True,1
901061,0,Cash loans,F,0,125300.0,428300.0,11037.5,Higher education,Married,,-12999,-1798,0,0,0.0,False,2,0.889,0,True,0
901062,0,Cash loans,F,0,103900.0,513300.0,16458.7,Higher education,Separated,Laborers,-24159,-4768,3,1,81500.0,True,3,0.688,0,True,0
901063,0,Cash loans,M,0,204600.0,503700.0,18829.1,Secondary / secondary special,Married,Core staff,-18025,-122,8,3,259100.0,True,3,0.751,1,True,0
901064,0,Cash loans,M,1,165600.0,881600.0,26689.3,Secondary / secondary special,Married,Sales staff,-24505,-1144,6,1,63700.0,True,1,0.589,0,True,0
901065,0,Cash loans,F,0,54300.0,322800.0,19377.2,Secondary / secondary special,Separated,Accountants,-13797,-845,5,3,1101500.0,True,0,0.0,0,False,0
901066,0,Cash loans,M,0,125400.0,450000.0,16828.7,Higher education,Civil marriage,,-7705,-298,0,0,0.0,False,2,0.689,0,True,0
901067,0,Revolving loans,F,0,143900.0,858300.0,47142.2,Secondary / secondary special,Married,Security staff,-21352,-214,4,1,162800.0,True,1,0.764,0,True,0
901068,0,Cash loans,M,1,81000.0,332100.0,9253.6,Higher education,Married,Laborers,-22160,-188,4,2,85200.0,True,5,0.89,0,True,1
901069,0,Cash loans,F,0,124000.0,219600.0,15572.5,Higher education,Married,Security staff,-8693,-2123,3,3,112000.0,True,9,0.76,1,True,0
901070,0,Cash loans,M,1,179000.0,357600.0,21639.7,Secondary / secondary special,Civil marriage,,-18621,-2176,2,0,18800.0,True,3,0.837,0,True,0
901071,0,Cash loans,F,1,92600.0,352600.0,20365.6,Secondary / secondary special,Married,Sales staff,-19246,-524,0,0,0.0,False,2,0.625,0,True,2
901072,0,Cash loans,F,0,157300.0,888500.0,38415.3,Secondary / secondary special,Married,Cooking staff,-10218,-740,3,2,1307100.0,True,4,0.838,0,True,0
901073,0,Cash loans,F,1,85400.0,165900.0,11858.0,Secondary / secondary special,Separated,,-17345,-2607,3,0,402100.0,True,2,0.902,0,True,0
901074,0,Cash loans,M,0,75400.0,307100.0,11662.1,Secondary / secondary special,Single / not married,High skill tech staff,-11925,-5355,0,0,0.0,False,5,0.844,0,True,1
901075,0,Cash loans,M,0,190500.0,981000.0,30671.5,Secondary / secondary special,Married,Sales staff,-7953,-565,3,3,206400.0,True,0,0.0,0,False,0
901076,0,Cash loans,F,0,251800.0,1491600.0,145616.0,Higher education,Separated,Laborers,-22853,-2733,4,1,244900.0,True,4,0.555,1,True,1
901077,0,Cash loans,M,0,77500.0,432900.0,11822.5,Secondary / secondary special,Married,Core staff,-16279,-381,4,1,797100.0,True,2,0.741,0,True,2
901078,0,Cash loans,F,1,225500.0,445900.0,12536.9,Secondary / secondary special,Separated,,-21360,-19,4,1,63000.0,True,2,0.667,0,True,1
901079,1,Cash loans,M,0,139100.0,256700.0,22273.9,Secondary / secondary special,Married,Core staff,-20330,-1570,2,2,1852900.0,True,2,0.812,0,True,1
901080,0,Cash loans,M,1,46300.0,112200.0,9310.7,Secondary / secondary special,Married,,-25074,-505,7,2,169800.0,True,3,0.851,1,True,0
901081,0,Cash loans,F,0,68300.0,188500.0,6925.8,Secondary / secondary special,Single / not married,Managers,-15337,-3353,3,2,60300.0,True,3,0.255,0,True,0
901082,0,Cash loans,F,2,189800.0,1024200.0,52774.6,Secondary / secondary special,Married,Core staff,-15155,-100,0,0,0.0,False,2,0.363,1,True,0
901083,0,Cash loans,F,0,62200.0,273900.0,11083.2,Secondary / secondary special,Married,,-12601,-2086,0,0,0.0,False,5,0.426,0,True,1
901084,0,Cash loans,F,0,102800.0,590100.0,21836.3,Secondary / secondary special,Single / not married,,-18617,-5253,3,2,188300.0,True,3,0.614,0,True,0
901085,1,Cash loans,F,2,134400.0,454900.0,15614.7,Secondary / secondary special,Married,Core staff,-16181,-306,0,0,0.0,False,0,0.0,0,False,4
901086,0,Cash loans,M,1,175200.0,586100.0,18345.0,Higher education,Married,,-20432,-838,3,2,298000.0,True,2,0.895,1,True,0
901087,0,Cash loans,M,0,153500.0,423400.0,11856.1,Secondary / secondary special,Married,Core staff,-13911,-2367,5,1,267600.0,True,3,0.679,0,True,1
901088,0,Cash loans,F,0,306700.0,1063900.0,37727.1,Higher education,Single / not married,Low-skill Laborers,-9957,-997,3,2,151400.0,True,3,0.781,1,True,0
901089,0,Cash loans,M,0,93100.0,471000.0,35813.4,Secondary / secondary special,Married,,-22774,-5108,7,2,58300.0,True,0,0.0,0,False,0
901090,0,Cash loans,M,1,147100.0,681800.0,48401.2,Secondary / secondary special,Married,Laborers,-22172,-225,2,1,153200.0,True,4,0.405,2,True,1
901091,0,Cash loans,F,1,175600.0,887400.0,31233.7,Secondary / secondary special,Married,Security staff,-13814,-1325,7,1,1137600.0,True,1,0.851,0,True,2
901092,0,Cash loans,M,1,199900.0,1047100.0,33492.5,Secondary / secondary special,Married,Cooking staff,-19759,-112,3,3,54200.0,True,2,0.33,0,True,0
901093,0,Cash loans,M,1,236800.0,359800.0,11029.2,Secondary / secondary special,Civil marriage,,-16291,-2698,3,1,21700.0,True,3,0.561,1,True,1
901094,0,Cash loans,F,1,112700.0,289400.0,11322.4,Higher education,Civil marriage,Drivers,-20997,-990,5,3,99600.0,True,1,0.672,1,True,0
901095,0,Revolving loans,M,0,193900.0,861700.0,30762.2,Secondary / secondary special,Married,,-14500,-3496,7,1,61500.0,True,0,0.0,0,False,0
901096,0,Cash loans,F,1,88100.0,309100.0,7877.9,Secondary / secondary special,Married,Managers,-17049,-1575,7,4,19500.0,True,6,0.638,0,True,0
901097,0,Cash loans,F,1,134700.0,273200.0,13361.3,Secondary / secondary special,Married,Laborers,-8677,-1555,2,1,234800.0,True,3,0.73,1,True,0
901098,0,Cash loans,F,0,179900.0,322300.0,19622.4,Secondary / secondary special,Married,,-10729,-846,3,1,35100.0,True,2,0.985,1,True,0
901099,0,Revolving loans,M,2,228000.0,1309900.0,33527.3,Secondary / secondary special,Married,Laborers,-21361,-651,0,0,0.0,False,3,0.92,0,True,0
901100,0,Revolving loans,M,0,186200.0,990200.0,26361.1,Secondary / secondary special,Married,,-14350,-218,6,3,369700.0,True,1,0.86,0,True,0
901101,0,Cash loans,F,1,146500.0,430100.0,42114.7,Secondary / secondary special,Married,Laborers,-8280,-1009,2,0,700500.0,True,2,0.707,1,True,0
901102,0,Cash loans,F,1,134500.0,588700.0,26690.6,Higher education,Married,Laborers,-10601,-598,3,0,2582300.0,True,2,0.73,0,True,2
901103,0,Revolving loans,F,0,184200.0,397900.0,12416.8,Secondary / secondary special,Separated,Cleaning staff,-14876,-4289,3,1,27000.0,True,3,0.759,0,True,1
901104,0,Cash loans,M,1,418300.0,881500.0,57524.4,Secondary / secondary special,Married,Sales staff,-20242,-4812,6,3,231100.0,True,3,0.703,2,True,0
901105,0,Cash loans,F,0,214600.0,644100.0,58784.4,Secondary / secondary special,Civil marriage,Managers,-14033,-3848,4,2,32100.0,True,6,0.209,0,True,0
901106,0,Cash loans,F,0,169400.0,468500.0,42234.6,Secondary / secondary special,Single / not married,,-20720,-2119,4,3,162300.0,True,1,0.5,0,True,0
901107,0,Cash loans,F,1,70600.0,417100.0,15480.4,Higher education,Civil marriage,Low-skill Laborers,-22698,-2415,6,3,126300.0,True,2,0.258,2,True,0
901108,0,Cash loans,F,1,91800.0,147800.0,8741.2,Higher education,Married,Sales staff,-13641,-1957,6,2,14200.0,True,3,0.838,0,True,0
901109,0,Cash loans,M,0,119100.0,472000.0,26611.6,Secondary / secondary special,Married,,-21687,-969,0,0,0.0,False,4,0.8,1,True,1
901110,0,Cash loans,M,0,220700.0,1179300.0,112802.9,Secondary / secondary special,Married,Core staff,-9887,-429,2,2,149800.0,True,2,0.747,1,True,2
901111,0,Cash loans,F,0,87600.0,141600.0,4456.0,Secondary / secondary special,Married,Laborers,-14940,-3679,5,4,291700.0,True,1,0.864,0,True,1
901112,0,Cash loans,M,0,193000.0,770400.0,21818.9,Higher education,Married,,-9374,-2718,3,1,37500.0,True,2,0.807,0,True,0
901113,0,Cash loans,M,0,148600.0,477000.0,14903.6,Secondary / secondary special,Married,Laborers,-8585,-752,5,4,1535700.0,True,3,0.554,0,True,0
901114,0,Cash loans,F,0,167200.0,413200.0,29328.9,Secondary / secondary special,Married,Laborers,-8795,-1048,0,0,0.0,False,0,0.0,0,False,1
901115,0,Revolving loans,F,1,125700.0,321700.0,8309.1,Secondary / secondary special,Married,,-9500,-2930,0,0,0.0,False,3,0.58,1,True,0
901116,0,Cash loans,M,0,103900.0,536600.0,13807.1,Higher education,Widow,Drivers,-22306,-847,6,5,685000.0,True,0,0.0,0,False,0
901117,0,Cash loans,F,0,86000.0,308700.0,17368.1,Lower secondary,Married,,-17190,-1372,1,1,147700.0,True,2,0.558,0,True,1
901118,0,Cash loans,M,0,190100.0,324400.0,8214.3,Secondary / secondary special,Married,,-24263,-1967,4,2,56100.0,True,5,0.599,1,True,1
901119,0,Cash loans,F,1,134700.0,449900.0,19287.7,Secondary / secondary special,Married,,-17090,-1331,4,0,497500.0,True,3,0.868,0,True,0
901120,0,Cash loans,M,1,81700.0,422800.0,37580.9,Secondary / secondary special,Separated,Laborers,-18680,-1194,0,0,0.0,False,4,0.91,0,True,0
901121,0,Cash loans,F,0,156500.0,720100.0,26413.9,Secondary / secondary special,Separated,,-10897,-1970,1,0,434100.0,True,3,0.854,1,True,1
901122,0,Cash loans,F,2,775300.0,4494600.0,174201.4,Secondary / secondary special,Married,,-17135,-3086,8,2,131900.0,True,1,0.934,1,True,0
901123,0,Cash loans,F,0,126600.0,630300.0,17631.3,Secondary / secondary special,Married,,-14415,-2270,5,1,1634300.0,True,2,0.662,1,True,1
901124,0,Cash loans,F,2,320100.0,726400.0,35142.4,Higher education,Single / not married,Low-skill Laborers,-23983,-5878,4,2,141100.0,True,1,0.579,1,True,1
901125,0,Cash loans,M,0,38400.0,69100.0,2094.0,Higher education,Married,,-24027,-9778,5,1,74300.0,True,3,0.346,0,True,0
901126,0,Cash loans,M,1,122300.0,438000.0,13035.0,Higher education,Married,,-11142,-72,3,1,214400.0,True,4,0.778,1,True,2
901127,0,Cash loans,F,0,225700.0,790300.0,71530.0,Secondary / secondary special,Married,Sales staff,-18529,-2578,3,1,87800.0,True,2,0.745,0,True,1
901128,0,Cash loans,F,0,141100.0,559400.0,18526.7,Secondary / secondary special,Married,Sales staff,-18845,-727,3,0,56800.0,True,4,0.53,2,True,0
901129,0,Revolving loans,F,0,101500.0,459000.0,18823.7,Secondary / secondary special,Married,,-17520,-1626,7,4,648800.0,True,0,0.0,0,False,0
901130,0,Cash loans,F,1,138200.0,365500.0,22740.2,Secondary / secondary special,Married,Medicine staff,-9843,-335,0,0,0.0,False,0,0.0,0,False,0
901131,1,Cash loans,M,0,229100.0,1362600.0,60541.6,Secondary / secondary special,Married,Core staff,-19123,-1159,0,0,0.0,False,5,0.888,0,True,1
901132,0,Cash loans,F,0,408900.0,1523700.0,42660.9,Higher education,Married,Sales staff,-21664,-840,7,4,858900.0,True,3,0.649,1,True,2
901133,0,Cash loans,M,1,238500.0,1125100.0,36656.4,Secondary / secondary special,Married,Sales staff,-13713,-2221,4,0,101200.0,True,3,0.531,0,True,0
901134,0,Cash loans,F,0,108800.0,363200.0,12604.2,Secondary / secondary special,Separated,Drivers,-16679,-3549,4,2,198100.0,True,4,0.511,0,True,0
901135,1,Cash loans,F,0,124600.0,570700.0,45856.3,Secondary / secondary special,Married,,-9703,-90,0,0,0.0,False,4,0.699,1,True,1
901136,0,Cash loans,F,0,125100.0,741300.0,24709.9,Secondary / secondary special,Married,Cooking staff,-23970,-49,3,1,517800.0,True,4,0.703,0,True,0
901137,0,Cash loans,M,1,90700.0,198700.0,6066.1,Secondary / secondary special,Married,,-9584,-3014,4,2,35500.0,True,4,0.376,0,True,1
901138,0,Cash loans,F,1,129600.0,448600.0,11652.1,Secondary / secondary special,Civil marriage,Laborers,-11315,-1021,3,1,439500.0,True,3,0.981,0,True,0
901139,0,Cash loans,M,0,122100.0,566100.0,16678.8,Secondary / secondary special,Single / not married,,-12894,-1961,7,2,147800.0,True,1,0.576,1,True,0
901140,0,Cash loans,M,1,76800.0,411300.0,33173.9,Secondary / secondary special,Married,Core staff,-22132,-632,7,1,57600.0,True,1,0.662,0,True,2
901141,0,Cash loans,F,1,212900.0,929800.0,24273.0,Secondary / secondary special,Married,High skill tech staff,-19940,-1781,5,3,68000.0,True,5,0.461,0,True,0
901142,0,Cash loans,F,1,172800.0,439000.0,13004.4,Incomplete higher,Married,Core staff,-7787,-849,3,1,250700.0,True,4,0.735,2,True,1
901143,0,Cash loans,F,0,101600.0,447400.0,44296.3,Higher education,Single / not married,,-10880,-938,3,1,39400.0,True,1,0.603,0,True,1
901144,0,Cash loans,F,0,150700.0,648400.0,20662.5,Secondary / secondary special,Married,Drivers,-20807,-707,5,2,267300.0,True,0,0.0,0,False,0
901145,1,Cash loans,F,0,86400.0,146600.0,7667.7,Higher education,Married,Cooking staff,-14740,-2712,1,1,176300.0,True,3,0.855,1,True,0
901146,0,Cash loans,F,0,106200.0,449300.0,15960.4,Secondary / secondary special,Single / not married,,-8124,-249,2,1,94500.0,True,3,0.802,0,True,0
901147,0,Cash loans,F,0,197400.0,769200.0,41615.2,Higher education,Married,,-24552,-4219,4,1,249700.0,True,2,0.945,0,True,0
901148,0,Cash loans,F,0,177200.0,496600.0,15566.8,Secondary / secondary special,Single / not married,Sales staff,-10314,-970,6,3,60600.0,True,4,0.389,2,True,0
901149,0,Cash loans,F,0,108300.0,278900.0,17876.1,Secondary / secondary special,Married,Managers,-16608,-655,3,1,107500.0,True,3,0.495,0,True,0
901150,0,Cash loans,F,1,163600.0,810700.0,23139.1,Secondary / secondary special,Married,,-12015,-2773,0,0,0.0,False,5,0.839,0,True,0
901151,0,Cash loans,M,0,134900.0,241800.0,19840.8,Incomplete higher,Single / not married,,-20585,-8783,4,0,36100.0,True,2,0.857,1,True,0
901152,0,Cash loans,M,1,85000.0,236300.0,22037.2,Higher education,Widow,Sales staff,-21273,-38,0,0,0.0,False,2,0.716,0,True,0
901153,0,Cash loans,M,0,128800.0,599500.0,42950.9,Secondary / secondary special,Married,Drivers,-14624,-4131,7,4,26000.0,True,2,0.896,0,True,0
901154,0,Cash loans,M,0,173800.0,424300.0,19701.6,Secondary / secondary special,Married,,-19201,-3937,5,3,78900.0,True,4,0.442,1,True,0
901155,0,Cash loans,F,0,163200.0,331200.0,11151.3,Secondary / secondary special,Single / not married,Sales staff,-23591,-2051,7,4,21800.0,True,5,0.951,1,True,1
901156,0,Cash loans,M,0,60100.0,356000.0,14579.4,Higher education,Civil marriage,Drivers,-21940,-4553,2,1,47300.0,True,3,0.429,1,True,1
901157,0,Cash loans,M,1,152100.0,615300.0,25350.9,Secondary / secondary special,Married,,-14934,-2262,5,3,52800.0,True,6,0.794,1,True,2
901158,0,Cash loans,F,3,141800.0,384200.0,10681.9,Secondary / secondary special,Married,Laborers,-15399,-6383,1,0,230200.0,True,7,0.767,1,True,0
901159,0,Cash loans,F,1,54200.0,118900.0,4440.2,Secondary / secondary special,Married,,-23203,-679,4,1,50700.0,True,7,0.577,1,True,0
901160,0,Cash loans,F,1,93500.0,143200.0,5676.2,Secondary / secondary special,Single / not married,Managers,-8267,-1697,1,0,36800.0,True,5,0.801,1,True,0
901161,0,Cash loans,F,0,179000.0,872400.0,38631.0,Secondary / secondary special,Married,Core staff,-8064,-1494,5,3,95600.0,True,0,0.0,0,False,1
901162,0,Cash loans,F,0,279800.0,869800.0,22102.8,Higher education,Married,High skill tech staff,-11270,-4700,3,1,1176200.0,True,0,0.0,0,False,2
901163,0,Cash loans,F,0,61600.0,146300.0,8464.3,Higher education,Married,Sales staff,-22164,-347,6,1,23500.0,True,3,0.577,0,True,1
901164,0,Cash loans,F,1,228400.0,1271200.0,86670.8,Secondary / secondary special,Widow,,-10349,-1219,1,0,314600.0,True,5,0.829,1,True,0
901165,0,Cash loans,M,0,54700.0,253500.0,10233.7,Higher education,Married,Laborers,-12663,-2365,2,1,215200.0,True,6,0.836,0,True,2
901166,0,Cash loans,F,0,281600.0,1449400.0,47783.1,Higher education,Married,Laborers,-18686,-1465,0,0,0.0,False,3,0.524,0,True,1
901167,0,Cash loans,F,0,124300.0,553200.0,51943.5,Secondary / secondary special,Separated,Core staff,-10892,-133,7,2,202100.0,True,2,0.831,1,True,0
901168,0,Cash loans,M,2,97900.0,550700.0,15421.6,Secondary / secondary special,Widow,Cleaning staff,-12975,-883,4,2,153700.0,True,3,0.949,0,True,0
901169,0,Cash loans,M,0,167200.0,510000.0,27577.3,Secondary / secondary special,Married,Laborers,-15845,-1467,3,0,152800.0,True,1,0.819,0,True,1
901170,0,Cash loans,F,1,86500.0,190600.0,6491.5,Academic degree,Married,Core staff,-11661,-813,5,2,140900.0,True,2,0.907,1,True,0
901171,0,Cash loans,F,1,181200.0,277200.0,18238.5,Secondary / secondary special,Married,,-25052,-1769,4,1,317400.0,True,1,0.814,0,True,0
901172,0,Cash loans,F,0,131600.0,217400.0,6012.6,Secondary / secondary special,Married,Sales staff,-10528,-2380,2,0,81400.0,True,4,0.579,0,True,1
901173,1,Cash loans,F,1,25650.0,137000.0,6597.1,Secondary / secondary special,Married,Managers,-22555,-1646,2,0,4141700.0,True,5,0.932,1,True,0
901174,0,Cash loans,M,1,93300.0,398100.0,25504.8,Secondary / secondary special,Married,Drivers,-15901,-1097,7,2,377600.0,True,2,0.188,1,True,0
901175,0,Cash loans,F,0,154000.0,262600.0,24791.5,Secondary / secondary special,Single / not married,Low-skill Laborers,-9927,-1346,3,2,119000.0,True,2,0.786,0,True,1
901176,0,Cash loans,M,0,238600.0,472500.0,24528.2,Secondary / secondary special,Married,Low-skill Laborers,-9740,-3170,2,0,111600.0,True,3,0.815,0,True,0
901177,0,Cash loans,F,2,165200.0,765600.0,35815.4,Higher education,Separated,Sales staff,-16430,-4636,2,1,144200.0,True,1,0.764,0,True,2
901178,0,Cash loans,M,1,236700.0,765000.0,69208.7,Secondary / secondary special,Single / not married,Accountants,-13858,-502,4,1,139800.0,True,3,0.856,0,True,0
901179,0,Cash loans,F,1,89500.0,446100.0,16732.4,Secondary / secondary special,Married,Managers,-11775,-2690,5,0,298100.0,True,6,0.768,0,True,0
901180,1,Cash loans,M,0,201400.0,1150900.0,48682.0,Secondary / secondary special,Married,Sales staff,-24465,-73,3,0,204100.0,True,2,0.84,1,True,0
901181,0,Cash loans,F,1,203100.0,995600.0,40158.3,Secondary / secondary special,Civil marriage,,-15783,-2430,6,2,737000.0,True,5,0.777,0,True,0
901182,0,Cash loans,F,1,61900.0,143400.0,10239.8,Secondary / secondary special,Single / not married,Low-skill Laborers,-23937,-729,3,2,51300.0,True,2,0.888,0,True,1
901183,0,Cash loans,F,1,242600.0,1073100.0,49929.5,Secondary / secondary special,Married,Cleaning staff,-10538,-1193,3,1,142300.0,True,2,0.892,0,True,0
901184,0,Cash loans,F,0,164900.0,689100.0,17653.3,Higher education,Married,Sales staff,-10879,-30,7,3,50700.0,True,3,0.756,0,True,0
901185,0,Cash loans,F,0,121600.0,646400.0,31193.2,Secondary / secondary special,Single / not married,Laborers,-18107,-729,6,2,87900.0,True,4,0.613,0,True,0
901186,0,Cash loans,F,1,120600.0,289600.0,8570.9,Higher education,Married,,-12393,-1231,2,0,84100.0,True,2,0.84,0,True,0
901187,0,Cash loans,F,0,83300.0,394400.0,28735.9,Higher education,Single / not married,,-10905,-102,2,1,351000.0,True,3,0.966,1,True,0
901188,0,Cash loans,F,1,191900.0,805800.0,58883.5,Secondary / secondary special,Married,Drivers,-9323,-1455,0,0,0.0,False,5,0.88,0,True,0
901189,0,Revolving loans,M,1,162800.0,594100.0,14864.5,Higher education,Married,Laborers,-9001,-2167,6,3,693300.0,True,3,0.761,0,True,0
901190,0,Cash loans,M,0,187400.0,526600.0,17880.6,Secondary / secondary special,Married,Sales staff,-20860,-803,6,0,737500.0,True,2,0.711,0,True,1
901191,0,Revolving loans,F,2,145600.0,235500.0,7864.4,Secondary / secondary special,Married,,-12608,-311,3,1,327900.0,True,4,0.655,2,True,1
901192,0,Cash loans,F,3,155200.0,795400.0,34920.1,Secondary / secondary special,Civil marriage,Core staff,-24806,-284,8,4,42600.0,True,3,0.904,3,True,0
901193,0,Cash loans,F,0,120700.0,239400.0,7291.1,Secondary / secondary special,Married,Drivers,-10873,-752,0,0,0.0,False,2,0.693,0,True,0
901194,0,Cash loans,M,2,239900.0,767200.0,20272.0,Secondary / secondary special,Married,Medicine staff,-13874,-2268,0,0,0.0,False,3,0.956,0,True,0
901195,0,Cash loans,M,0,189600.0,707700.0,56797.3,Higher education,Married,Sales staff,-14233,-2462,0,0,0.0,False,3,0.743,0,True,1
901196,0,Cash loans,F,0,152600.0,455300.0,30009.1,Secondary / secondary special,Married,,-16427,-6246,3,1,264000.0,True,0,0.0,0,False,0
901197,0,Cash loans,M,0,130900.0,586600.0,16302.5,Secondary / secondary special,Married,,-22918,-3217,6,2,58200.0,True,5,0.916,0,True,0
901198,0,Cash loans,M,0,57800.0,172100.0,13907.9,Higher education,Married,Accountants,-22290,-674,6,3,590100.0,True,3,0.549,1,True,0
901199,0,Cash loans,M,0,51900.0,198400.0,9550.4,Higher education,Married,Accountants,-7839,-1269,2,1,359900.0,True,5,0.586,2,True,1
901200,0,Cash loans,M,0,116500.0,224700.0,17981.5,Higher education,Single / not married,Laborers,-14835,-550,5,1,3932600.0,True,2,0.463,0,True,1
901201,0,Cash loans,F,0,264000.0,912200.0,41017.8,Secondary / secondary special,Civil marriage,,-22170,-2414,4,2,208400.0,True,5,0.347,2,True,1
901202,0,Cash loans,M,0,98400.0,405800.0,17330.9,Secondary / secondary special,Married,Core staff,-7668,-1098,4,4,129500.0,True,3,0.727,0,True,0
901203,0,Cash loans,M,1,100400.0,540000.0,35055.9,Secondary / secondary special,Civil marriage,Drivers,-17014,-754,3,0,1360800.0,True,4,0.588,0,True,2
901204,0,Cash loans,M,0,86100.0,199500.0,16024.9,Secondary / secondary special,Widow,Managers,-12211,-5201,4,1,19300.0,True,4,0.926,0,True,0
901205,1,Cash loans,M,0,73400.0,222000.0,9857.2,Secondary / secondary special,Married,,-14896,-655,2,0,192700.0,True,2,0.606,1,True,0
901206,0,Revolving loans,M,0,88600.0,236300.0,9290.5,Higher education,Single / not married,Low-skill Laborers,-15028,-799,1,0,129100.0,True,2,0.944,1,True,0
901207,0,Cash loans,M,0,160900.0,351900.0,10958.9,Higher education,Married,Sales staff,-14528,-2052,2,0,580900.0,True,2,0.51,1,True,0
901208,0,Cash loans,F,1,109500.0,354300.0,11148.6,Lower secondary,Married,Core staff,-23291,-5123,4,3,4575500.0,True,0,0.0,0,False,1
901209,0,Cash loans,F,0,107000.0,597900.0,49423.3,Secondary / secondary special,Widow,,-17063,-2266,8,5,71400.0,True,2,0.824,1,True,1
901210,0,Cash loans,F,2,102400.0,325500.0,14067.2,Secondary / secondary special,Separated,,-23498,-13,5,1,535200.0,True,5,0.9,0,True,1
901211,0,Cash loans,M,0,157600.0,429400.0,12159.8,Secondary / secondary special,Married,,-20397,-265,2,2,693800.0,True,2,0.81,1,True,0
901212,0,Cash loans,F,0,170200.0,989100.0,35439.3,Higher education,Married,Laborers,-13816,-5659,2,0,637000.0,True,3,0.575,1,True,0
901213,0,Cash loans,F,0,55000.0,259600.0,7282.8,Secondary / secondary special,Married,Cooking staff,-16312,-968,6,2,196300.0,True,0,0.0,0,False,1
901214,0,Revolving loans,M,0,95700.0,302800.0,7859.7,Higher education,Married,Managers,-14495,-102,2,2,329600.0,True,0,0.0,0,False,2
901215,1,Cash loans,F,1,133900.0,652400.0,32574.0,Higher education,Separated,Low-skill Laborers,-22181,-470,4,1,52700.0,True,3,0.93,1,True,1
901216,0,Cash loans,F,0,174400.0,762700.0,54522.6,Secondary / secondary special,Married,Core staff,-10951,-547,2,0,1056900.0,True,2,0.525,1,True,0
901217,0,Cash loans,M,1,149200.0,797700.0,63725.8,Secondary / secondary special,Married,,-24070,-1387,3,0,45800.0,True,1,0.576,0,True,0
901218,0,Cash loans,F,0,211300.0,422500.0,30632.4,Higher education,Civil marriage,Managers,-17834,-858,6,2,51600.0,True,3,0.883,0,True,0
901219,0,Cash loans,F,1,69100.0,271500.0,8909.1,Secondary / secondary special,Married,Core staff,-18382,-5082,5,3,109900.0,True,2,0.767,0,True,0
901220,0,Cash loans,F,0,172300.0,802800.0,59086.1,Secondary / secondary special,Married,Medicine staff,-16719,-8135,5,1,80100.0,True,4,0.777,1,True,0
901221,0,Cash loans,M,0,390400.0,2338300.0,60621.3,Secondary / secondary special,Married,Sales staff,-17379,-1486,3,0,242000.0,True,2,0.639,0,True,0
901222,0,Cash loans,F,0,143400.0,603400.0,20269.1,Secondary / secondary special,Married,,-19362,-686,8,6,106000.0,True,2,0.915,0,True,0
901223,0,Cash loans,F,0,146300.0,312100.0,8071.7,Lower secondary,Married,Managers,-19141,-74,0,0,0.0,False,6,0.94,0,True,0
901224,0,Cash loans,F,0,181500.0,1065800.0,39613.2,Secondary / secondary special,Married,Drivers,-11416,-237,4,1,43700.0,True,2,0.708,0,True,0
901225,1,Revolving loans,M,0,106600.0,380000.0,23647.2,Secondary / secondary special,Single / not married,Sales staff,-17869,-1696,8,5,554200.0,True,2,0.268,0,True,1
901226,0,Cash loans,F,0,87200.0,322400.0,21428.6,Incomplete higher,Married,,-13878,-2257,0,0,0.0,False,5,0.76,2,True,0
901227,0,Cash loans,F,0,144100.0,380300.0,11511.5,Secondary / secondary special,Civil marriage,Laborers,-18825,-45,6,2,35900.0,True,4,0.402,1,True,0
901228,0,Cash loans,M,2,61200.0,315900.0,31579.8,Higher education,Married,High skill tech staff,-17263,-3221,4,2,302700.0,True,2,0.851,0,True,0
901229,0,Cash loans,M,0,170700.0,662600.0,18274.3,Higher education,Separated,,-10812,-1316,0,0,0.0,False,3,0.598,0,True,0
901230,0,Cash loans,F,1,185700.0,1092400.0,100356.8,Secondary / secondary special,Single / not married,Managers,-20537,-6966,4,3,26400.0,True,3,0.402,0,True,0
901231,1,Cash loans,F,0,62800.0,240900.0,8562.9,Secondary / secondary special,Single / not married,,-15671,-1793,4,3,38300.0,True,4,0.311,0,True,2
901232,0,Cash loans,M,1,151900.0,351300.0,16214.4,Secondary / secondary special,Married,Laborers,-17326,-4455,2,0,458800.0,True,0,0.0,0,False,1
901233,0,Cash loans,F,0,125600.0,623800.0,22005.8,Secondary / secondary special,Married,Laborers,-19449,-1224,6,3,662800.0,True,1,0.578,1,True,1
901234,0,Cash loans,M,0,293100.0,634500.0,18960.1,Secondary / secondary special,Single / not married,,-19103,-2758,4,1,325300.0,True,5,0.745,1,True,1
901235,0,Cash loans,F,0,269500.0,747900.0,55986.3,Secondary / secondary special,Single / not married,Laborers,-20786,-578,2,0,67000.0,True,3,0.756,1,True,0
901236,0,Cash loans,F,0,213200.0,1221100.0,31808.7,Secondary / secondary special,Single / not married,Managers,-11287,-4717,4,0,264200.0,True,4,0.547,1,True,2
901237,0,Cash loans,F,0,256500.0,1511700.0,54234.6,Higher education,Married,Laborers,-9599,-14,2,1,257700.0,True,3,0.916,0,True,0
901238,0,Revolving loans,F,1,116600.0,582400.0,27140.4,Secondary / secondary special,Married,,-19389,-972,3,0,9600.0,True,3,0.829,0,True,0
901239,0,Cash loans,M,1,159400.0,387500.0,9841.9,Secondary / secondary special,Married,Managers,-11799,-289,4,3,284800.0,True,2,0.815,0,True,0
901240,0,Cash loans,M,0,123400.0,597100.0,17383.5,Secondary / secondary special,Married,Sales staff,-9672,-3017,3,1,185400.0,True,3,0.588,0,True,0
901241,0,Cash loans,M,0,85000.0,354700.0,23866.2,Secondary / secondary special,Single / not married,Laborers,-9964,-657,0,0,0.0,False,4,0.884,0,True,0
901242,0,Cash loans,M,0,145900.0,512200.0,40469.6,Secondary / secondary special,Married,Drivers,-13145,-146,4,1,1337400.0,True,3,0.813,0,True,0
901243,1,Cash loans,F,0,134300.0,471100.0,12500.5,Secondary / secondary special,Married,Laborers,-25041,-1521,4,2,137600.0,True,4,0.487,2,True,1
901244,0,Cash loans,M,0,126500.0,447600.0,16249.2,Incomplete higher,Married,Sales staff,-10420,-1642,6,2,244800.0,True,4,0.607,1,True,1
901245,0,Cash loans,M,0,135900.0,401000.0,16775.9,Higher education,Single / not married,,-12895,-1565,3,1,171900.0,True,5,0.299,3,True,0
901246,0,Cash loans,F,0,144300.0,565800.0,45928.6,Secondary / secondary special,Married,Laborers,-23796,-416,2,1,89700.0,True,4,0.473,0,True,0
901247,0,Cash loans,M,0,218200.0,363200.0,13834.5,Higher education,Married,,-24542,-2451,4,1,33500.0,True,4,0.472,1,True,0
901248,0,Revolving loans,M,0,104500.0,555800.0,30631.7,Secondary / secondary special,Civil marriage,Medicine staff,-11674,-2130,4,2,71900.0,True,3,0.805,1,True,0
901249,0,Cash loans,F,0,73800.0,408600.0,25872.5,Secondary / secondary special,Single / not married,,-23090,-4499,0,0,0.0,False,2,0.601,1,True,0
901250,0,Cash loans,F,0,196500.0,640300.0,29463.7,Secondary / secondary special,Married,Managers,-10098,-3528,0,0,0.0,False,3,0.805,2,True,0
901251,0,Revolving loans,F,1,214800.0,1239100.0,111926.4,Higher education,Married,Drivers,-21007,-6991,3,3,189600.0,True,1,0.52,0,True,1
901252,0,Cash loans,M,0,167400.0,835800.0,29918.5,Incomplete higher,Married,Laborers,-7892,-1322,2,1,80600.0,True,3,0.909,0,True,0
901253,0,Cash loans,M,0,79200.0,421000.0,14703.3,Secondary / secondary special,Married,,-14788,-864,4,1,66700.0,True,1,0.61,0,True,2
901254,0,Cash loans,M,0,131100.0,722500.0,23419.8,Secondary / secondary special,Married,,-11998,-1257,5,3,243500.0,True,1,0.389,0,True,0
901255,0,Cash loans,M,0,161400.0,489300.0,45791.7,Higher education,Married,,-19999,-183,1,1,106300.0,True,5,0.846,0,True,0
901256,0,Cash loans,F,0,82100.0,423400.0,27732.2,Secondary / secondary special,Married,Security staff,-7946,-1376,4,1,47100.0,True,1,0.463,1,True,0
901257,0,Cash loans,M,0,95500.0,205600.0,6198.3,Secondary / secondary special,Married,,-15810,-887,4,3,53900.0,True,3,0.714,1,True,0
901258,0,Cash loans,F,2,130100.0,767200.0,28164.1,Secondary / secondary special,Single / not married,Laborers,-19871,-5001,7,3,1043000.0,True,2,0.75,0,True,0
901259,0,Cash loans,M,0,252900.0,1056800.0,102885.2,Secondary / secondary special,Civil marriage,,-8483,-1913,3,2,130500.0,True,3,0.644,1,True,0
901260,0,Cash loans,F,0,156700.0,724500.0,22696.6,Secondary / secondary special,Married,Managers,-23387,-1445,0,0,0.0,False,1,0.55,0,True,1
901261,0,Cash loans,F,0,105100.0,302600.0,13450.0,Higher education,Married,Laborers,-13993,-1832,4,2,21500.0,True,2,0.706,0,True,0
901262,0,Cash loans,F,0,126600.0,208100.0,11630.8,Secondary / secondary special,Married,Laborers,-10560,-1210,2,0,550900.0,True,4,0.77,0,True,0
901263,0,Cash loans,F,0,100300.0,224100.0,6868.4,Secondary / secondary special,Married,,-11615,-60,7,1,353100.0,True,1,0.256,0,True,0
901264,0,Cash loans,F,0,113900.0,243700.0,11710.2,Secondary / secondary special,Married,Security staff,-13602,-3891,0,0,0.0,False,2,0.717,1,True,1
901265,0,Cash loans,F,0,200900.0,701300.0,29705.5,Secondary / secondary special,Married,Sales staff,-11140,-1852,3,1,25900.0,True,2,0.949,0,True,1
901266,0,Cash loans,F,0,53600.0,151000.0,4215.1,Higher education,Civil marriage,,-16610,-1214,4,0,155400.0,True,4,0.934,1,True,1
901267,0,Cash loans,M,0,270200.0,1553600.0,107213.4,Secondary / secondary special,Civil marriage,Drivers,-18753,-533,5,3,61000.0,True,5,0.491,1,True,0
901268,0,Cash loans,F,1,418300.0,2211500.0,81999.3,Higher education,Single / not married,Drivers,-15258,-727,0,0,0.0,False,3,0.917,0,True,1
901269,0,Cash loans,F,0,151900.0,596900.0,45500.7,Secondary / secondary special,Married,Laborers,-15146,-351,5,1,19000.0,True,0,0.0,0,False,0
901270,0,Cash loans,F,0,92400.0,493000.0,12533.1,Higher education,Single / not married,Low-skill Laborers,-21360,-4047,3,0,45900.0,True,3,0.779,0,True,2
901271,1,Cash loans,M,0,250400.0,1034900.0,53467.6,Secondary / secondary special,Married,,-12938,-57,0,0,0.0,False,0,0.0,0,False,0
901272,0,Cash loans,F,0,160900.0,907500.0,24325.3,Secondary / secondary special,Single / not married,High skill tech staff,-18575,-155,3,2,356000.0,True,8,0.615,1,True,0
901273,0,Cash loans,M,0,107600.0,522200.0,24854.5,Secondary / secondary special,Married,High skill tech staff,-23308,-364,6,3,76900.0,True,3,0.908,1,True,0
901274,0,Cash loans,F,0,86100.0,414000.0,11699.8,Higher education,Civil marriage,Sales staff,-11545,-1558,4,0,126400.0,True,5,0.755,1,True,0
901275,0,Cash loans,F,0,114300.0,312800.0,9496.6,Secondary / secondary special,Married,Sales staff,-18525,-1551,5,1,562200.0,True,2,0.637,2,True,0
901276,1,Cash loans,M,0,154200.0,782600.0,46099.1,Secondary / secondary special,Married,,-24273,-1609,3,2,162300.0,True,1,0.434,1,True,1
901277,0,Cash loans,F,1,219100.0,1090200.0,37072.0,Secondary / secondary special,Married,,-16947,-108,5,1,68200.0,True,4,0.671,0,True,0
901278,1,Cash loans,F,0,161400.0,300900.0,17699.7,Higher education,Married,Laborers,-24780,-1081,5,0,187800.0,True,2,0.938,0,True,0
901279,0,Cash loans,M,1,175700.0,309300.0,29264.0,Secondary / secondary special,Widow,Security staff,-13097,-6527,0,0,0.0,False,2,0.86,0,True,1
901280,0,Cash loans,F,1,118500.0,647700.0,34063.7,Secondary / secondary special,Single / not married,,-17551,-837,2,2,21700.0,True,1,0.813,0,True,0
901281,0,Revolving loans,F,0,214700.0,1267800.0,40483.1,Higher education,Separated,Laborers,-13114,-1759,3,1,226300.0,True,0,0.0,0,False,0
901282,0,Cash loans,F,0,126300.0,533100.0,34715.4,Secondary / secondary special,Widow,,-7730,-1160,3,2,305900.0,True,2,0.894,0,True,0
901283,0,Cash loans,M,0,350900.0,796000.0,27606.2,Secondary / secondary special,Married,,-25137,-4347,6,2,121200.0,True,0,0.0,0,False,0
901284,0,Cash loans,M,0,101000.0,342900.0,10407.8,Higher education,Civil marriage,Laborers,-11870,-2599,7,5,129900.0,True,3,0.397,0,True,0
901285,0,Revolving loans,F,0,170600.0,272100.0,14091.0,Secondary / secondary special,Separated,Cleaning staff,-24713,-622,0,0,0.0,False,1,0.562,0,True,0
901286,0,Cash loans,F,0,418400.0,2174700.0,166486.7,Secondary / secondary special,Married,,-19106,-1213,0,0,0.0,False,8,0.765,1,True,0
901287,0,Cash loans,F,0,235700.0,463000.0,16596.3,Secondary / secondary special,Married,,-23501,-3,4,1,208600.0,True,3,0.729,0,True,0
901288,0,Cash loans,F,1,203200.0,611300.0,43850.1,Secondary / secondary special,Married,,-24610,-797,4,2,130400.0,True,2,0.526,0,True,0
901289,0,Cash loans,M,0,162400.0,654800.0,64973.6,Higher education,Married,Sales staff,-17613,-4864,2,2,435400.0,True,2,0.673,0,True,1
901290,0,Cash loans,F,0,143700.0,667000.0,47909.7,Secondary / secondary special,Single / not married,Sales staff,-25179,-3812,6,2,480600.0,True,4,0.804,0,True,0
901291,0,Cash loans,M,2,128300.0,716200.0,39790.1,Secondary / secondary special,Married,,-21108,-548,2,0,244400.0,True,4,0.769,0,True,0
901292,0,Cash loans,M,0,105700.0,359200.0,11846.4,Secondary / secondary special,Civil marriage,,-16842,0,8,3,434500.0,True,1,0.988,0,True,0
901293,0,Revolving loans,F,0,65000.0,153400.0,7678.5,Secondary / secondary special,Single / not married,Laborers,-19139,-1171,5,3,276600.0,True,3,0.573,0,True,0
901294,0,Cash loans,M,0,192900.0,383900.0,10221.8,Secondary / secondary special,Married,,-11068,-198,4,2,158400.0,True,3,0.865,0,True,1
901295,0,Revolving loans,M,1,64900.0,289700.0,8978.0,Secondary / secondary special,Single / not married,High skill tech staff,-7858,-1288,2,1,447200.0,True,4,0.681,1,True,0
901296,0,Cash loans,F,1,193900.0,403200.0,10175.6,Academic degree,Civil marriage,Drivers,-12163,-567,3,1,53700.0,True,3,0.872,0,True,0
901297,0,Cash loans,F,1,119900.0,535000.0,17857.8,Secondary / secondary special,Married,Laborers,-15285,-1276,1,0,52500.0,True,0,0.0,0,False,0
901298,0,Cash loans,M,0,86800.0,308400.0,28980.4,Secondary / secondary special,Married,Sales staff,-11660,-543,5,1,258900.0,True,2,0.434,0,True,0
901299,0,Cash loans,M,0,282700.0,953900.0,65938.9,Higher education,Single / not married,Laborers,-16670,-1721,2,0,71100.0,True,4,0.782,1,True,0
901300,0,Cash loans,M,0,67800.0,181300.0,10023.3,Secondary / secondary special,Married,,-19192,-3516,2,0,370400.0,True,3,0.865,0,True,0
901301,0,Cash loans,F,1,100300.0,557500.0,17926.1,Secondary / secondary special,Married,Sales staff,-19154,-860,6,2,197600.0,True,2,0.568,0,True,1
901302,0,Revolving loans,M,1,105100.0,496400.0,16908.6,Higher education,Civil marriage,Managers,-23323,-509,2,0,1462700.0,True,3,0.673,1,True,0
901303,0,Cash loans,M,0,150900.0,582600.0,36059.3,Higher education,Married,Laborers,-24594,-234,4,0,50600.0,True,5,0.586,0,True,1
901304,0,Cash loans,F,0,103100.0,351300.0,11353.6,Secondary / secondary special,Married,,-23269,-547,4,2,418100.0,True,2,0.873,0,True,0
901305,1,Cash loans,F,0,290800.0,907900.0,49419.0,Secondary / secondary special,Civil marriage,,-18530,-5907,3,2,87000.0,True,4,0.776,0,True,1
901306,0,Cash loans,F,1,70500.0,232400.0,7732.8,Secondary / secondary special,Single / not married,Laborers,-11269,-213,0,0,0.0,False,3,0.949,0,True,2
901307,0,Cash loans,M,0,1079600.0,5766600.0,298422.0,Secondary / secondary special,Married,Laborers,-24194,-981,8,5,334200.0,True,0,0.0,0,False,0
901308,0,Revolving loans,F,0,82500.0,280200.0,17180.1,Secondary / secondary special,Married,Drivers,-10728,-33,4,1,231800.0,True,3,0.477,0,True,0
901309,0,Cash loans,M,2,613700.0,932700.0,37540.4,Secondary / secondary special,Married,,-10318,-2890,5,2,262000.0,True,3,0.583,0,True,0
901310,0,Cash loans,F,0,241800.0,1367300.0,34683.3,Higher education,Married,Managers,-13228,-442,0,0,0.0,False,3,0.858,1,True,0
901311,0,Cash loans,M,0,132500.0,552200.0,18783.8,Secondary / secondary special,Separated,Cleaning staff,-17714,-3387,3,1,115300.0,True,3,0.839,0,True,0
901312,0,Cash loans,F,0,156800.0,352100.0,17134.5,Higher education,Married,,-19604,-1665,0,0,0.0,False,2,0.843,0,True,0
901313,0,Cash loans,M,1,115800.0,239700.0,9380.4,Secondary / secondary special,Married,Sales staff,-7897,-1327,3,2,408500.0,True,2,0.922,0,True,0
901314,0,Cash loans,F,2,166500.0,531900.0,22968.1,Secondary / secondary special,Single / not married,Laborers,-21295,-3123,2,1,104100.0,True,3,0.548,1,True,0
901315,0,Cash loans,M,1,96800.0,411900.0,37649.7,Secondary / secondary special,Separated,Core staff,-10731,-2403,2,0,63500.0,True,3,0.714,0,True,3
901316,0,Cash loans,M,0,199600.0,1143000.0,37811.8,Secondary / secondary special,Single / not married,Medicine staff,-12859,-4442,6,2,203200.0,True,3,0.758,0,True,0
901317,0,Cash loans,F,0,153300.0,267500.0,16548.2,Secondary / secondary special,Married,Medicine staff,-13307,-657,3,1,189400.0,True,3,0.693,3,True,1
901318,0,Revolving loans,F,0,85400.0,263700.0,10131.9,Secondary / secondary special,Married,Laborers,-13489,-5501,5,3,25800.0,True,0,0.0,0,False,0
901319,0,Cash loans,F,1,173300.0,460500.0,37972.1,Higher education,Widow,Drivers,-20986,-3214,2,0,193300.0,True,2,0.628,1,True,0
901320,0,Cash loans,F,2,168100.0,570800.0,16933.2,Higher education,Single / not married,Sales staff,-8382,-698,5,2,62100.0,True,2,0.385,0,True,1
901321,0,Cash loans,M,0,97800.0,495300.0,47068.9,Secondary / secondary special,Civil marriage,Drivers,-11107,-2532,6,1,18200.0,True,2,0.737,0,True,0
901322,0,Cash loans,F,0,113000.0,250100.0,12731.7,Secondary / secondary special,Married,Medicine staff,-8056,-1486,2,2,231400.0,True,4,0.441,1,True,0
901323,0,Cash loans,M,0,180900.0,1032500.0,48024.3,Higher education,Single / not married,Managers,-21300,-1538,5,4,39700.0,True,5,0.823,0,True,1
901324,0,Cash loans,F,1,241500.0,640900.0,19321.0,Secondary / secondary special,Widow,,-24899,-1443,8,5,620000.0,True,3,0.889,0,True,1
901325,0,Cash loans,M,1,130400.0,637300.0,16254.5,Secondary / secondary special,Married,,-19220,-764,5,3,355900.0,True,2,0.361,0,True,0
901326,0,Cash loans,F,1,223000.0,976200.0,62020.5,Higher education,Married,Drivers,-18004,-102,0,0,0.0,False,2,0.624,0,True,0
901327,0,Cash loans,M,2,250900.0,994800.0,70196.0,Secondary / secondary special,Married,,-23574,-2377,4,3,693500.0,True,2,0.355,1,True,0
901328,1,Cash loans,F,0,268600.0,1422900.0,49663.1,Secondary / secondary special,Single / not married,Sales staff,-12131,-380,6,2,433500.0,True,0,0.0,0,False,0
901329,1,Cash loans,M,1,172500.0,730100.0,44197.8,Secondary / secondary special,Married,Core staff,-8829,-2259,6,2,56200.0,True,4,0.71,2,True,2
901330,0,Cash loans,F,0,89200.0,447900.0,41756.2,Secondary / secondary special,Married,High skill tech staff,-16599,-6641,3,0,457200.0,True,3,0.747,0,True,0
901331,0,Cash loans,F,0,218600.0,907500.0,53526.2,Secondary / secondary special,Married,Drivers,-12226,-2196,3,1,70700.0,True,4,0.907,2,True,0
901332,1,Cash loans,M,0,127200.0,603200.0,35407.9,Secondary / secondary special,Single / not married,,-15567,-2633,3,0,412500.0,True,2,0.862,2,True,1
901333,0,Cash loans,F,0,180300.0,309000.0,11640.2,Higher education,Married,Core staff,-15659,-1320,4,2,94500.0,True,6,0.962,0,True,0
901334,0,Cash loans,F,0,102200.0,450000.0,19148.2,Secondary / secondary special,Separated,Drivers,-13250,-261,0,0,0.0,False,6,0.841,0,True,0
901335,0,Cash loans,F,1,103700.0,570400.0,28515.2,Secondary / secondary special,Married,,-16185,-5180,0,0,0.0,False,3,0.397,1,True,0
901336,0,Cash loans,M,2,98600.0,436500.0,23376.3,Secondary / secondary special,Married,Laborers,-14325,-462,4,0,88300.0,True,1,0.891,0,True,1
901337,0,Cash loans,M,1,72200.0,374100.0,20741.7,Secondary / secondary special,Married,Core staff,-9645,-6,4,3,492300.0,True,4,0.864,0,True,1
901338,0,Cash loans,F,0,104400.0,622200.0,17354.3,Secondary / secondary special,Married,Laborers,-22850,-5698,3,2,631300.0,True,5,0.586,1,True,1
901339,0,Cash loans,M,2,83500.0,184000.0,7723.2,Secondary / secondary special,Single / not married,Laborers,-19951,-4504,0,0,0.0,False,1,0.928,1,True,0
901340,0,Cash loans,F,1,185800.0,854900.0,23981.9,Incomplete higher,Married,,-8388,-124,5,4,149900.0,True,3,0.445,0,True,1
901341,1,Cash loans,F,1,82200.0,455200.0,11416.4,Secondary / secondary special,Civil marriage,Drivers,-9693,-3123,3,0,306800.0,True,3,0.506,1,True,1
901342,1,Cash loans,F,0,100200.0,163300.0,6566.6,Higher education,Civil marriage,,-9355,-2568,3,2,172200.0,True,4,0.675,1,True,2
901343,0,Revolving loans,F,1,140200.0,319900.0,8450.7,Secondary / secondary special,Widow,Laborers,-8746,-2176,4,1,176100.0,True,3,0.647,0,True,1
901344,0,Cash loans,M,0,346500.0,909000.0,59655.2,Secondary / secondary special,Separated,Sales staff,-8699,-713,2,0,201900.0,True,1,0.711,0,True,0
901345,0,Cash loans,F,1,99000.0,540700.0,28024.9,Higher education,Married,,-10417,-1724,0,0,0.0,False,4,0.614,2,True,2
901346,0,Cash loans,F,0,70100.0,413400.0,13887.8,Secondary / secondary special,Single / not married,Laborers,-22519,-3115,6,3,869700.0,True,4,0.542,0,True,0
901347,0,Cash loans,F,1,72700.0,407900.0,23797.5,Higher education,Married,,-22175,-639,4,0,310400.0,True,3,0.836,0,True,0
901348,0,Cash loans,M,0,91000.0,330600.0,11912.2,Secondary / secondary special,Single / not married,,-21385,-1885,3,2,73400.0,True,1,0.432,0,True,0
901349,0,Cash loans,F,1,100800.0,454000.0,12280.7,Secondary / secondary special,Married,Laborers,-18434,-1914,3,2,65800.0,True,3,0.457,0,True,0
901350,1,Cash loans,F,0,443200.0,872100.0,22242.7,Secondary / secondary special,Married,Laborers,-20340,-3447,6,3,389100.0,True,3,0.471,0,True,2
901351,0,Cash loans,M,2,227000.0,1340600.0,51469.9,Secondary / secondary special,Separated,Laborers,-20603,-599,3,1,200200.0,True,0,0.0,0,False,1
901352,0,Cash loans,F,0,119600.0,687500.0,21416.4,Secondary / secondary special,Single / not married,,-23245,-6330,4,3,223900.0,True,3,0.923,0,True,0
901353,0,Cash loans,M,2,353600.0,1479300.0,52649.7,Higher education,Married,Laborers,-20495,-16,4,2,276000.0,True,2,0.72,0,True,0
901354,0,Cash loans,F,0,103100.0,221100.0,9784.4,Higher education,Married,,-20567,-125,2,0,192700.0,True,1,0.669,1,True,1
901355,0,Cash loans,F,0,114000.0,657000.0,31746.9,Higher education,Married,,-21752,-857,0,0,0.0,False,0,0.0,0,False,0
901356,0,Cash loans,F,0,110600.0,611700.0,21520.2,Secondary / secondary special,Civil marriage,,-17412,-952,1,0,95600.0,True,0,0.0,0,False,0
901357,0,Cash loans,F,0,233900.0,1393600.0,68418.3,Secondary / secondary special,Married,,-11397,-481,6,2,277400.0,True,3,0.917,0,True,0
901358,0,Revolving loans,F,0,135200.0,511800.0,15762.2,Higher education,Married,Sales staff,-9146,-2576,8,5,304800.0,True,3,0.362,0,True,1
901359,0,Revolving loans,M,2,297500.0,912400.0,66187.2,Secondary / secondary special,Single / not married,Security staff,-15006,-260,3,2,89100.0,True,2,0.494,0,True,0
901360,1,Cash loans,F,0,173900.0,556000.0,17618.5,Secondary / secondary special,Married,,-9271,-2701,1,0,144200.0,True,6,0.797,0,True,1
901361,0,Cash loans,F,0,220600.0,824400.0,32544.0,Secondary / secondary special,Married,Managers,-10631,-2298,4,0,539300.0,True,1,0.814,0,True,0
901362,0,Cash loans,F,0,56500.0,316700.0,25430.8,Higher education,Civil marriage,,-8082,-404,7,3,704200.0,True,2,0.756,0,True,1
901363,0,Cash loans,M,0,59900.0,124500.0,3538.2,Higher education,Civil marriage,Laborers,-12924,-819,5,2,215900.0,True,2,0.878,0,True,0
901364,0,Revolving loans,M,1,60900.0,269100.0,10156.4,Secondary / secondary special,Married,Laborers,-24659,-114,5,2,398700.0,True,0,0.0,0,False,0
901365,0,Cash loans,F,1,113000.0,634900.0,19812.3,Higher education,Married,,-14303,-493,5,4,221800.0,True,1,0.849,1,True,0
901366,0,Cash loans,M,0,64900.0,177300.0,12930.7,Higher education,Single / not married,Core staff,-11885,-3502,4,4,326000.0,True,0,0.0,0,False,0
901367,0,Cash loans,M,2,260300.0,1005700.0,68625.9,Secondary / secondary special,Married,,-14733,-2838,2,1,148400.0,True,3,0.682,2,True,0
901368,0,Cash loans,F,1,126700.0,643000.0,17684.7,Secondary / secondary special,Married,Drivers,-12944,-109,4,3,77300.0,True,4,0.773,1,True,1
901369,0,Cash loans,F,1,190400.0,726600.0,30269.0,Secondary / secondary special,Married,Core staff,-19471,-2609,2,0,1148000.0,True,2,0.871,0,True,0
901370,0,Cash loans,F,0,109500.0,424200.0,22472.1,Secondary / secondary special,Married,Managers,-18780,-72,4,1,1086000.0,True,2,0.597,0,True,1
901371,0,Cash loans,F,1,211500.0,1046900.0,40948.4,Secondary / secondary special,Civil marriage,,-8144,-247,5,2,154700.0,True,3,0.885,0,True,1
901372,1,Cash loans,M,1,52400.0,117400.0,5552.1,Secondary / secondary special,Widow,Laborers,-16623,-137,0,0,0.0,False,0,0.0,0,False,1
901373,0,Cash loans,M,1,136600.0,644400.0,16432.7,Secondary / secondary special,Single / not married,Managers,-8299,-1342,10,4,181200.0,True,1,0.572,0,True,0
901374,0,Revolving loans,F,0,179800.0,1009100.0,63426.9,Secondary / secondary special,Married,Laborers,-19532,-197,3,2,159100.0,True,4,0.759,0,True,0
901375,0,Cash loans,F,0,187600.0,367400.0,14184.2,Secondary / secondary special,Married,Core staff,-24060,-351,0,0,0.0,False,3,0.967,1,True,1
901376,0,Cash loans,M,0,119400.0,211400.0,10584.7,Higher education,Married,Laborers,-23564,-1602,4,0,545600.0,True,2,0.693,0,True,0
901377,0,Cash loans,F,0,59500.0,112700.0,7536.7,Secondary / secondary special,Single / not married,Core staff,-11269,-2848,6,2,46300.0,True,2,0.667,0,True,0
901378,0,Cash loans,F,1,232100.0,1116200.0,36663.2,Higher education,Married,Core staff,-20676,-1963,0,0,0.0,False,3,0.588,1,True,2
901379,0,Cash loans,M,0,115100.0,375300.0,26599.4,Academic degree,Widow,,-21559,-403,3,2,419200.0,True,5,0.702,2,True,2
901380,0,Cash loans,F,0,120200.0,431500.0,23662.3,Higher education,Married,Medicine staff,-22808,-14764,4,2,184200.0,True,3,0.609,1,True,0
901381,0,Cash loans,F,1,424600.0,2028600.0,82393.8,Secondary / secondary special,Married,Managers,-12213,-369,4,1,624100.0,True,4,0.742,0,True,1
901382,0,Cash loans,M,0,146900.0,566100.0,24923.8,Higher education,Married,,-15563,-1052,6,2,169400.0,True,2,0.748,0,True,1
901383,0,Revolving loans,F,0,108000.0,453700.0,12158.1,Higher education,Married,,-11545,-485,3,1,231900.0,True,4,0.791,0,True,0
901384,0,Cash loans,F,2,104800.0,558400.0,18910.1,Higher education,Married,Managers,-8090,-594,0,0,0.0,False,5,0.767,1,True,1
901385,0,Cash loans,M,1,193300.0,682500.0,56486.6,Secondary / secondary special,Married,Core staff,-19210,-1534,0,0,0.0,False,3,0.883,0,True,0
901386,0,Cash loans,F,1,92900.0,505100.0,35330.8,Secondary / secondary special,Married,Security staff,-15224,-5821,3,1,408800.0,True,5,0.657,1,True,1
901387,0,Cash loans,F,0,180800.0,696900.0,25262.2,Secondary / secondary special,Married,Core staff,-12012,-5442,5,2,45400.0,True,2,0.622,0,True,1
901388,0,Cash loans,F,0,242800.0,803300.0,47916.5,Secondary / secondary special,Married,,-22506,-1259,2,1,311200.0,True,1,0.779,0,True,0
901389,0,Cash loans,M,1,134000.0,358400.0,22581.7,Higher education,Civil marriage,,-16349,-617,0,0,0.0,False,1,0.917,0,True,0
901390,1,Cash loans,F,0,229400.0,1098000.0,27708.6,Secondary / secondary special,Civil marriage,Sales staff,-25091,-847,3,1,151300.0,True,0,0.0,0,False,3
901391,0,Revolving loans,F,0,135300.0,581600.0,18590.7,Higher education,Married,Sales staff,-21564,-2045,0,0,0.0,False,2,0.746,1,True,0
901392,0,Cash loans,F,1,99300.0,510100.0,26743.1,Secondary / secondary special,Married,Cooking staff,-22893,-147,6,1,657900.0,True,1,0.758,0,True,0
901393,0,Cash loans,F,1,60900.0,241200.0,22261.8,Secondary / secondary special,Civil marriage,Managers,-21213,-4549,3,0,141100.0,True,0,0.0,0,False,2
901394,0,Cash loans,M,1,160600.0,867400.0,25622.4,Secondary / secondary special,Widow,Medicine staff,-9520,-107,2,1,229600.0,True,1,0.722,0,True,1
901395,0,Cash loans,M,0,162300.0,453400.0,16597.6,Secondary / secondary special,Civil marriage,Drivers,-8804,-2234,5,3,93100.0,True,3,0.299,0,True,0
901396,0,Cash loans,F,0,228700.0,1094800.0,56608.1,Secondary / secondary special,Married,Core staff,-23697,-13072,3,2,284300.0,True,4,0.814,0,True,0
901397,0,Cash loans,M,0,217900.0,712500.0,27595.1,Higher education,Civil marriage,Sales staff,-10086,-778,4,2,56000.0,True,4,0.834,0,True,0
901398,0,Cash loans,M,0,393600.0,792200.0,21471.7,Secondary / secondary special,Single / not married,Sales staff,-14519,-3197,0,0,0.0,False,3,0.812,1,True,1
901399,0,Cash loans,M,1,104700.0,406000.0,34107.8,Secondary / secondary special,Married,Sales staff,-18350,-3101,2,1,858400.0,True,3,0.659,0,True,1
901400,0,Revolving loans,F,0,167300.0,425100.0,13301.1,Secondary / secondary special,Married,High skill tech staff,-11377,-1306,5,4,60100.0,True,4,0.59,1,True,1
901401,0,Cash loans,F,0,99300.0,176500.0,4918.8,Secondary / secondary special,Separated,,-11611,-185,1,1,691200.0,True,5,0.88,0,True,1
901402,0,Cash loans,F,0,222900.0,698700.0,27277.0,Secondary / secondary special,Separated,Security staff,-15833,-1271,1,1,156200.0,True,5,0.76,1,True,1
901403,0,Cash loans,F,1,88100.0,519700.0,13385.0,Lower secondary,Married,Sales staff,-13987,-1134,0,0,0.0,False,5,0.526,3,True,0
901404,0,Cash loans,F,0,221100.0,1221200.0,72046.1,Secondary / secondary special,Single / not married,Laborers,-19518,-1359,2,0,129100.0,True,3,0.758,1,True,0
901405,0,Cash loans,F,0,96900.0,572600.0,18099.3,Secondary / secondary special,Married,,-8980,-2410,2,1,168700.0,True,2,0.449,0,True,2
901406,0,Cash loans,F,1,205400.0,334500.0,14706.0,Higher education,Single / not married,,-16228,-423,7,4,105700.0,True,2,0.528,0,True,0
901407,0,Cash loans,F,1,255900.0,559900.0,26197.9,Secondary / secondary special,Married,Sales staff,-10718,-2664,0,0,0.0,False,1,0.793,0,True,0
901408,0,Cash loans,F,0,64400.0,164700.0,5661.9,Secondary / secondary special,Married,,-18294,-1661,3,0,120800.0,True,6,0.832,1,True,2
901409,0,Cash loans,F,0,71400.0,343800.0,12155.6,Higher education,Married,,-9701,-1282,0,0,0.0,False,4,0.398,0,True,0
901410,0,Cash loans,F,1,157400.0,928900.0,44201.1,Secondary / secondary special,Married,,-11127,-4557,3,1,1681100.0,True,1,0.765,1,True,0
901411,0,Cash loans,F,1,149300.0,497000.0,23371.8,Secondary / secondary special,Separated,,-21749,-3548,1,0,135300.0,True,1,0.963,0,True,1
901412,0,Cash loans,F,1,121000.0,499300.0,20465.8,Incomplete higher,Civil marriage,Cooking staff,-11785,-5215,0,0,0.0,False,2,0.249,0,True,1
901413,0,Cash loans,M,1,110300.0,209300.0,5260.7,Secondary / secondary special,Married,Sales staff,-20578,-4733,6,2,107600.0,True,3,0.726,0,True,0
901414,0,Revolving loans,F,1,91300.0,395500.0,11647.7,Secondary / secondary special,Married,Laborers,-12449,-2177,0,0,0.0,False,2,0.714,1,True,3
901415,0,Cash loans,F,0,165200.0,916900.0,43684.9,Secondary / secondary special,Married,Low-skill Laborers,-11782,-1593,4,1,146800.0,True,4,0.544,1,True,1
901416,0,Cash loans,M,1,86400.0,385900.0,18468.4,Secondary / secondary special,Married,Laborers,-12906,-6154,3,0,216900.0,True,4,0.847,3,True,0
901417,0,Cash loans,F,0,168100.0,746400.0,20226.2,Secondary / secondary special,Married,Cleaning staff,-23098,-1258,4,2,75100.0,True,4,0.76,1,True,0
901418,0,Cash loans,F,0,105100.0,388200.0,11630.5,Higher education,Married,Cooking staff,-14623,-2958,3,0,116800.0,True,0,0.0,0,False,1
901419,0,Cash loans,F,0,113300.0,399400.0,13490.3,Incomplete higher,Married,Managers,-11935,-2765,0,0,0.0,False,3,0.871,0,True,0
901420,0,Cash loans,F,0,257100.0,813500.0,25888.0,Secondary / secondary special,Widow,Sales staff,-17066,-502,0,0,0.0,False,4,0.73,0,True,0
901421,1,Revolving loans,F,0,225600.0,1171100.0,100009.9,Higher education,Single / not married,High skill tech staff,-14421,-323,5,4,22800.0,True,2,0.635,0,True,2
901422,1,Cash loans,F,0,85000.0,374100.0,29274.9,Secondary / secondary special,Married,Laborers,-21509,-794,2,0,92600.0,True,3,0.713,0,True,2
901423,0,Cash loans,F,0,90500.0,257800.0,13239.6,Secondary / secondary special,Single / not married,Laborers,-25017,-3516,2,1,103300.0,True,4,0.864,0,True,1
901424,0,Cash loans,F,0,206600.0,791400.0,32732.5,Secondary / secondary special,Married,,-16890,-5331,5,2,119000.0,True,3,0.336,1,True,0
901425,0,Cash loans,F,0,68400.0,138200.0,4411.1,Secondary / secondary special,Married,,-15579,-26,5,2,122600.0,True,0,0.0,0,False,0
901426,0,Revolving loans,M,1,289600.0,494000.0,14762.2,Secondary / secondary special,Married,,-13674,-2020,6,2,161800.0,True,2,0.815,2,True,0
901427,0,Cash loans,F,2,149800.0,316600.0,8663.6,Secondary / secondary special,Married,Accountants,-24717,-2037,3,3,101300.0,True,0,0.0,0,False,0
901428,0,Cash loans,F,1,104900.0,566900.0,31271.7,Higher education,Married,,-16132,-4826,6,3,711800.0,True,2,0.934,0,True,0
901429,0,Cash loans,F,0,140700.0,373900.0,11525.9,Secondary / secondary special,Widow,Laborers,-10783,-1577,3,0,394200.0,True,0,0.0,0,False,0
901430,0,Cash loans,M,0,276500.0,1613100.0,40488.9,Higher education,Single / not married,Laborers,-24645,-9474,5,3,139700.0,True,1,0.763,0,True,1
901431,0,Cash loans,F,0,48200.0,145700.0,8968.6,Secondary / secondary special,Married,Laborers,-24499,-1660,0,0,0.0,False,3,0.962,0,True,0
901432,0,Cash loans,M,0,233900.0,782100.0,64682.5,Secondary / secondary special,Civil marriage,High skill tech staff,-15298,-8728,3,1,9200.0,True,4,0.662,1,True,1
901433,0,Cash loans,F,0,254400.0,1311200.0,35538.2,Secondary / secondary special,Civil marriage,High skill tech staff,-13765,-152,4,0,230600.0,True,1,0.662,1,True,0
901434,0,Cash loans,M,0,119200.0,298900.0,21278.7,Secondary / secondary special,Civil marriage,Core staff,-19586,-1408,3,1,409200.0,True,3,0.954,0,True,0
901435,0,Cash loans,F,0,135100.0,755500.0,23913.3,Secondary / secondary special,Married,Managers,-22187,-1210,5,1,85500.0,True,4,0.7,0,True,0
901436,0,Cash loans,M,0,149900.0,665600.0,30786.6,Secondary / secondary special,Married,Drivers,-16399,-1808,0,0,0.0,False,3,0.701,1,True,0
901437,0,Cash loans,F,0,202000.0,359500.0,17396.1,Secondary / secondary special,Civil marriage,Laborers,-13460,-2552,1,0,79300.0,True,5,0.564,2,True,1
901438,0,Cash loans,F,0,97200.0,564200.0,14762.8,Secondary / secondary special,Widow,Laborers,-12945,-472,5,2,230100.0,True,3,0.637,1,True,2
901439,0,Cash loans,M,1,139000.0,388300.0,18909.9,Secondary / secondary special,Married,,-13387,-145,0,0,0.0,False,0,0.0,0,False,2
901440,0,Cash loans,M,0,133200.0,338800.0,15241.1,Secondary / secondary special,Widow,,-9732,-399,0,0,0.0,False,2,0.521,1,True,1
901441,0,Cash loans,M,0,196600.0,1089600.0,104060.2,Secondary / secondary special,Single / not married,Cooking staff,-21306,-1450,7,1,159600.0,True,5,0.721,0,True,0
901442,0,Cash loans,F,1,533400.0,1581100.0,101963.4,Higher education,Married,Drivers,-9503,-575,4,2,205300.0,True,5,0.858,2,True,1
901443,0,Cash loans,F,0,97000.0,460900.0,22111.2,Secondary / secondary special,Separated,Laborers,-14643,-4088,4,1,147000.0,True,3,0.956,1,True,1
901444,0,Cash loans,F,1,145600.0,240800.0,8032.5,Secondary / secondary special,Civil marriage,,-22293,-789,3,2,524400.0,True,1,0.732,1,True,0
901445,0,Cash loans,F,1,95700.0,540200.0,45326.4,Secondary / secondary special,Married,Managers,-14744,-2417,2,2,209900.0,True,0,0.0,0,False,0
901446,0,Cash loans,F,1,109600.0,366200.0,17876.3,Higher education,Single / not married,Cooking staff,-12829,-3560,1,0,448700.0,True,2,0.542,0,True,1
901447,0,Cash loans,F,0,81700.0,188200.0,8979.8,Secondary / secondary special,Married,Security staff,-24278,-1252,0,0,0.0,False,3,0.632,1,True,0
901448,0,Revolving loans,F,0,65100.0,385100.0,11417.0,Secondary / secondary special,Married,Managers,-9882,-1003,2,0,296200.0,True,3,0.687,1,True,0
901449,0,Cash loans,M,0,252900.0,1223500.0,67042.8,Secondary / secondary special,Married,Core staff,-23167,-80,5,0,897400.0,True,4,0.773,0,True,0
901450,0,Cash loans,F,0,167300.0,848300.0,23078.3,Secondary / secondary special,Married,,-8752,-2182,3,1,940900.0,True,3,0.419,0,True,1
901451,0,Cash loans,F,2,146700.0,550700.0,14371.4,Secondary / secondary special,Married,,-14910,-1039,3,2,9500.0,True,2,0.906,0,True,1
901452,0,Cash loans,F,0,90400.0,415700.0,24970.7,Higher education,Married,,-18732,-1489,5,1,190000.0,True,2,0.601,0,True,0
901453,0,Revolving loans,F,1,134800.0,378600.0,17747.3,Secondary / secondary special,Married,Sales staff,-14148,-488,0,0,0.0,False,5,0.287,0,True,0
901454,0,Cash loans,F,0,78500.0,300800.0,9398.9,Secondary / secondary special,Married,Security staff,-17031,-2660,0,0,0.0,False,4,0.912,2,True,0
901455,0,Cash loans,M,0,138100.0,443700.0,24569.2,Secondary / secondary special,Married,Accountants,-11239,-778,2,0,86900.0,True,0,0.0,0,False,0
901456,0,Cash loans,F,0,165400.0,564500.0,16230.4,Secondary / secondary special,Married,,-17634,-2670,4,2,308200.0,True,4,0.922,1,True,1
901457,0,Cash loans,F,0,106700.0,162100.0,4133.5,Secondary / secondary special,Married,Laborers,-10022,-1,6,3,136200.0,True,3,0.875,0,True,0
901458,0,Cash loans,F,0,95900.0,493800.0,17062.4,Secondary / secondary special,Married,Laborers,-21612,-1796,5,1,70200.0,True,2,0.772,2,True,0
901459,0,Cash loans,F,0,109500.0,271600.0,18303.2,Secondary / secondary special,Married,Sales staff,-17892,-4945,0,0,0.0,False,2,0.713,0,True,1
901460,0,Cash loans,F,0,210400.0,764000.0,75959.1,Secondary / secondary special,Civil marriage,Drivers,-16108,-1324,5,1,50600.0,True,2,0.749,1,True,0
901461,0,Cash loans,F,0,154800.0,691200.0,31000.4,Secondary / secondary special,Single / not married,Drivers,-8622,-2052,5,0,67700.0,True,7,0.687,0,True,2
901462,1,Cash loans,M,1,62700.0,103800.0,6176.1,Secondary / secondary special,Single / not married,Medicine staff,-16421,-2074,7,0,104000.0,True,2,0.823,0,True,1
901463,0,Cash loans,F,1,201000.0,611200.0,18399.9,Secondary / secondary special,Married,Sales staff,-17538,-1117,8,3,126900.0,True,4,0.922,0,True,0
901464,0,Cash loans,F,3,183700.0,493600.0,20486.3,Higher education,Single / not married,Core staff,-12319,-1986,2,0,192300.0,True,3,0.875,0,True,1
901465,0,Revolving loans,F,0,153700.0,322400.0,11130.0,Secondary / secondary special,Married,Cleaning staff,-19536,-2433,4,1,194900.0,True,2,0.876,0,True,1
901466,0,Cash loans,F,0,318800.0,1645100.0,58362.1,Secondary / secondary special,Single / not married,Core staff,-9009,-2439,6,4,79800.0,True,4,0.861,0,True,0
901467,0,Cash loans,F,0,141700.0,557900.0,50312.3,Secondary / secondary special,Married,,-11321,-1166,6,1,205300.0,True,4,0.556,2,True,0
901468,0,Cash loans,F,1,173600.0,616800.0,19744.0,Higher education,Single / not married,Laborers,-20586,-2080,1,1,172400.0,True,2,0.262,0,True,1
901469,0,Cash loans,M,0,177000.0,371000.0,10669.7,Secondary / secondary special,Widow,,-10244,-309,5,2,158600.0,True,2,0.631,0,True,0
901470,0,Revolving loans,F,1,217100.0,827900.0,34300.3,Secondary / secondary special,Civil marriage,,-11967,-1854,5,2,29000.0,True,1,0.581,0,True,0
901471,0,Cash loans,F,1,125200.0,338400.0,12322.7,Secondary / secondary special,Separated,Sales staff,-19067,-9069,0,0,0.0,False,3,0.493,0,True,1
901472,0,Cash loans,F,0,101400.0,209900.0,14664.5,Higher education,Married,Managers,-20434,-2057,2,2,295600.0,True,3,0.743,2,True,1
901473,1,Cash loans,F,0,227700.0,881400.0,29615.4,Higher education,Married,,-8567,-219,4,2,353000.0,True,0,0.0,0,False,1
901474,0,Cash loans,F,0,221900.0,1013600.0,26541.8,Secondary / secondary special,Married,Laborers,-9882,-547,9,1,181100.0,True,1,0.68,0,True,0
901475,0,Cash loans,F,2,264800.0,464900.0,14825.2,Lower secondary,Married,Laborers,-15480,-2441,7,4,495600.0,True,1,0.736,0,True,1
901476,0,Cash loans,F,0,172300.0,302000.0,28943.4,Secondary / secondary special,Single / not married,High skill tech staff,-18050,-796,3,1,260300.0,True,3,0.937,2,True,0
901477,0,Cash loans,M,1,61400.0,296200.0,15360.9,Higher education,Single / not married,,-15615,-564,4,2,96900.0,True,3,0.636,0,True,0
901478,0,Cash loans,F,0,152000.0,369400.0,9565.5,Secondary / secondary special,Widow,,-19001,-2613,0,0,0.0,False,2,0.91,0,True,0
901479,0,Cash loans,F,0,142400.0,312100.0,10387.0,Higher education,Widow,Core staff,-20909,-2631,4,1,81200.0,True,4,0.775,1,True,1
901480,0,Cash loans,M,1,258900.0,1509300.0,76455.9,Higher education,Married,Sales staff,-24301,-12199,2,0,51300.0,True,0,0.0,0,False,0
901481,0,Cash loans,F,0,237700.0,549100.0,19601.2,Higher education,Separated,,-13794,-383,5,3,328500.0,True,6,0.854,1,True,0
901482,0,Cash loans,F,2,190200.0,871300.0,58481.2,Secondary / secondary special,Civil marriage,Drivers,-10522,-1620,4,1,114800.0,True,1,0.733,0,True,0
901483,0,Cash loans,F,1,49700.0,256800.0,6804.6,Secondary / secondary special,Single / not married,Laborers,-12291,-472,3,1,325000.0,True,4,0.2,0,True,1
901484,0,Cash loans,F,0,92700.0,276200.0,12728.5,Secondary / secondary special,Married,Sales staff,-10260,-2151,6,3,1181200.0,True,3,0.566,0,True,0
901485,0,Revolving loans,F,1,116700.0,418200.0,26530.9,Secondary / secondary special,Married,Core staff,-14572,-1387,5,2,479200.0,True,1,0.556,0,True,0
901486,0,Cash loans,F,0,118000.0,471300.0,38481.4,Secondary / secondary special,Married,,-22952,-969,3,2,52600.0,True,0,0.0,0,False,0
901487,0,Cash loans,F,1,152200.0,365700.0,33096.9,Secondary / secondary special,Married,,-13745,-2770,0,0,0.0,False,2,0.507,1,True,2
901488,0,Cash loans,F,0,293500.0,831200.0,28318.4,Secondary / secondary special,Married,Laborers,-10272,-3092,4,1,284600.0,True,2,0.56,1,True,1
901489,0,Cash loans,F,0,206700.0,1205900.0,39611.7,Secondary / secondary special,Married,,-16821,-604,0,0,0.0,False,5,0.769,0,True,2
901490,0,Cash loans,F,1,88400.0,241400.0,8112.6,Higher education,Married,,-25043,-642,5,4,652400.0,True,6,0.903,1,True,1
901491,0,Cash loans,F,1,92500.0,476900.0,24552.3,Secondary / secondary special,Married,Laborers,-10961,-499,3,0,101500.0,True,4,0.846,1,True,1
901492,0,Cash loans,F,0,88400.0,345500.0,10229.2,Secondary / secondary special,Married,Laborers,-21293,-1002,4,2,37800.0,True,5,0.599,0,True,0
901493,0,Cash loans,M,3,132100.0,582000.0,16535.5,Secondary / secondary special,Civil marriage,High skill tech staff,-22090,-3273,4,4,54700.0,True,2,0.922,1,True,0
901494,0,Cash loans,M,0,209400.0,745000.0,26519.8,Secondary / secondary special,Married,Core staff,-14696,-416,2,1,561200.0,True,2,0.305,0,True,0
901495,0,Cash loans,M,1,226700.0,940200.0,33030.2,Secondary / secondary special,Married,Security staff,-18519,-48,2,1,181000.0,True,3,0.777,0,True,1
901496,0,Cash loans,F,0,116000.0,455900.0,28903.2,Secondary / secondary special,Married,Laborers,-15240,-7777,5,4,379800.0,True,5,0.972,0,True,0
901497,1,Cash loans,F,0,137900.0,505900.0,14153.9,Secondary / secondary special,Married,Laborers,-12260,-1110,6,1,104800.0,True,0,0.0,0,False,1
901498,0,Cash loans,M,0,323300.0,1653000.0,131837.6,Secondary / secondary special,Married,Laborers,-15130,-5,2,1,68000.0,True,1,0.663,0,True,2
901499,0,Cash loans,M,0,66600.0,363700.0,10675.1,Lower secondary,Single / not married,,-9334,-2764,3,2,313100.0,True,5,0.557,0,True,1
901500,0,Cash loans,F,0,192600.0,510400.0,22624.6,Secondary / secondary special,Married,,-20050,-272,2,1,35300.0,True,2,0.564,0,True,2
901501,0,Cash loans,M,0,182500.0,385300.0,29766.0,Secondary / secondary special,Married,,-22192,-3914,8,3,260200.0,True,2,0.811,0,True,0
901502,0,Cash loans,F,0,120700.0,621700.0,52499.5,Higher education,Married,Managers,-13050,-1829,0,0,0.0,False,2,0.274,1,True,0
901503,0,Cash loans,M,0,138700.0,340300.0,8581.6,Higher education,Married,Laborers,-17589,-2139,3,3,12600.0,True,2,0.608,0,True,0
901504,0,Revolving loans,M,0,172700.0,932200.0,34435.3,Secondary / secondary special,Widow,,-11732,-4209,2,1,54100.0,True,3,0.812,1,True,1
901505,0,Cash loans,M,1,120800.0,237000.0,10157.8,Secondary / secondary special,Married,Drivers,-9898,-1000,3,3,148100.0,True,5,0.6,0,True,0
901506,0,Cash loans,F,1,101800.0,194400.0,5147.9,Secondary / secondary special,Married,,-19291,-34,3,1,90800.0,True,6,0.407,0,True,0
901507,0,Cash loans,F,1,98000.0,227100.0,9505.7,Secondary / secondary special,Civil marriage,Medicine staff,-10014,-1012,3,0,132000.0,True,4,0.602,1,True,0
901508,0,Revolving loans,F,2,355200.0,551700.0,15580.4,Secondary / secondary special,Single / not married,High skill tech staff,-21365,-652,4,3,1727200.0,True,3,0.901,0,True,0
901509,0,Cash loans,F,0,112300.0,546300.0,15340.9,Secondary / secondary special,Married,,-12426,-1893,5,3,73900.0,True,3,0.72,0,True,0
901510,1,Cash loans,F,0,154800.0,508900.0,15657.5,Secondary / secondary special,Widow,,-22005,-2993,7,3,120000.0,True,3,0.825,1,True,0
901511,0,Cash loans,F,0,207300.0,1192800.0,92800.0,Secondary / secondary special,Married,Low-skill Laborers,-14121,-3795,5,1,51100.0,True,2,0.853,0,True,1
901512,0,Cash loans,F,2,126000.0,396100.0,10251.2,Higher education,Married,High skill tech staff,-14127,-2432,4,3,32300.0,True,2,0.672,0,True,1
901513,0,Cash loans,F,1,142500.0,664500.0,23057.5,Secondary / secondary special,Civil marriage,Security staff,-20815,-752,4,2,244800.0,True,1,0.753,0,True,0
901514,0,Cash loans,M,1,180000.0,823300.0,36993.9,Lower secondary,Separated,,-16604,-4331,1,0,25400.0,True,4,0.85,0,True,0
901515,0,Cash loans,M,0,91600.0,271200.0,8219.9,Secondary / secondary special,Married,Core staff,-11186,-4616,0,0,0.0,False,4,0.605,3,True,0
901516,0,Cash loans,F,1,64900.0,358000.0,29301.2,Lower secondary,Married,,-22564,-125,1,0,157700.0,True,0,0.0,0,False,1
901517,0,Cash loans,F,1,97200.0,319800.0,20827.7,Higher education,Married,Laborers,-13624,-4620,3,3,286300.0,True,3,0.946,0,True,0
901518,0,Cash loans,F,0,332200.0,1322600.0,43609.0,Secondary / secondary special,Single / not married,,-9465,-2214,0,0,0.0,False,3,0.517,0,True,0
901519,0,Cash loans,F,0,105000.0,345600.0,11964.0,Secondary / secondary special,Married,Managers,-14953,-1421,4,2,66500.0,True,3,0.571,0,True,0
901520,0,Cash loans,F,0,149500.0,517100.0,20095.7,Secondary / secondary special,Widow,Sales staff,-17720,-5910,6,3,24900.0,True,2,0.408,1,True,0
901521,0,Cash loans,M,0,72100.0,125900.0,4163.6,Higher education,Married,Drivers,-18350,-379,3,2,262800.0,True,4,0.69,1,True,1
901522,0,Cash loans,M,1,273900.0,793200.0,20604.2,Secondary / secondary special,Civil marriage,,-22304,-1974,5,2,155900.0,True,2,0.683,0,True,0
901523,1,Cash loans,F,0,120400.0,694400.0,49924.3,Higher education,Civil marriage,Low-skill Laborers,-17150,-1870,0,0,0.0,False,2,0.738,0,True,2
901524,0,Cash loans,M,0,111500.0,584400.0,28809.2,Higher education,Married,Laborers,-11584,-205,4,2,35400.0,True,4,0.505,0,True,0
901525,0,Cash loans,M,0,131000.0,715400.0,38046.2,Secondary / secondary special,Married,Cleaning staff,-12249,-1523,4,1,366300.0,True,2,0.95,0,True,2
901526,0,Cash loans,M,0,491800.0,2315300.0,60838.3,Secondary / secondary special,Married,Core staff,-9431,-638,3,1,86500.0,True,0,0.0,0,False,0
901527,0,Cash loans,M,0,174600.0,775200.0,49640.4,Higher education,Single / not married,,-20558,-651,4,3,399000.0,True,4,0.709,1,True,1
901528,0,Cash loans,F,0,129400.0,717300.0,34102.3,Higher education,Married,Drivers,-9521,-2951,6,2,72900.0,True,4,0.866,1,True,0
901529,0,Revolving loans,M,1,33100.0,129800.0,3491.5,Secondary / secondary special,Single / not married,Sales staff,-18278,-1678,3,1,214800.0,True,0,0.0,0,False,0
901530,0,Cash loans,M,0,275400.0,1548300.0,51436.5,Secondary / secondary special,Married,,-18123,-1315,4,0,65400.0,True,5,0.674,0,True,0
901531,0,Cash loans,F,0,98900.0,333100.0,30462.3,Secondary / secondary special,Married,,-21427,-8033,6,4,432100.0,True,4,0.599,1,True,0
901532,0,Cash loans,F,0,91400.0,382900.0,9866.9,Secondary / secondary special,Married,Cleaning staff,-8972,-299,8,2,39700.0,True,4,0.945,0,True,0
901533,0,Cash loans,F,0,95600.0,346300.0,29337.0,Secondary / secondary special,Married,Low-skill Laborers,-11220,-122,3,1,208900.0,True,3,0.669,1,True,2
901534,0,Cash loans,F,2,291200.0,461800.0,17999.1,Incomplete higher,Married,Sales staff,-23600,-5894,3,1,39200.0,True,3,0.579,0,True,0
901535,0,Revolving loans,M,0,137100.0,328400.0,19022.3,Secondary / secondary special,Separated,,-17690,-488,3,1,93700.0,True,3,0.648,1,True,1
901536,0,Cash loans,F,0,65400.0,371200.0,12819.4,Secondary / secondary special,Single / not married,Laborers,-15683,-2329,5,1,303000.0,True,3,0.837,1,True,0
901537,0,Cash loans,M,0,126400.0,529800.0,28624.4,Secondary / secondary special,Married,,-20764,-4871,8,7,42800.0,True,3,0.597,1,True,0
901538,0,Cash loans,M,1,92400.0,158000.0,4576.1,Higher education,Widow,Core staff,-23477,-1301,5,1,251200.0,True,4,0.882,0,True,0
901539,0,Cash loans,F,1,167600.0,980900.0,36389.4,Secondary / secondary special,Married,Laborers,-12272,-902,2,1,344300.0,True,4,0.695,0,True,0
901540,0,Cash loans,F,0,115400.0,655000.0,33785.3,Secondary / secondary special,Widow,Laborers,-23458,-593,6,1,16600.0,True,3,0.846,0,True,1
901541,0,Cash loans,M,1,63900.0,300600.0,8357.3,Secondary / secondary special,Married,Drivers,-9569,-250,3,1,253100.0,True,0,0.0,0,False,0
901542,0,Cash loans,F,1,134300.0,372600.0,11183.5,Secondary / secondary special,Married,Cleaning staff,-24794,-493,5,1,517400.0,True,1,0.863,0,True,1
901543,0,Cash loans,M,0,136100.0,384800.0,15519.8,Secondary / secondary special,Civil marriage,,-10553,-1791,4,2,65900.0,True,3,0.752,1,True,0
901544,0,Cash loans,M,0,74800.0,403400.0,16307.8,Secondary / secondary special,Married,Laborers,-12329,-1573,4,2,58300.0,True,4,0.753,0,True,0
901545,0,Cash loans,F,0,52500.0,93100.0,3873.3,Secondary / secondary special,Separated,Sales staff,-9357,-985,9,4,25100.0,True,2,0.427,0,True,0
901546,0,Cash loans,F,0,161200.0,414000.0,15800.2,Secondary / secondary special,Single / not married,,-21745,-848,3,0,52100.0,True,4,0.886,0,True,1
901547,0,Cash loans,M,0,121700.0,273700.0,7657.0,Secondary / secondary special,Married,Laborers,-24908,-106,4,2,460100.0,True,0,0.0,0,False,0
901548,0,Cash loans,M,0,125700.0,593700.0,48611.7,Higher education,Married,,-12868,-3106,1,0,94800.0,True,4,0.794,0,True,0
901549,0,Cash loans,F,0,203300.0,654200.0,30213.1,Secondary / secondary special,Married,,-13369,-328,4,3,260000.0,True,4,0.759,2,True,0
901550,0,Cash loans,M,1,53100.0,298500.0,9183.5,Academic degree,Married,Drivers,-12552,-5982,6,3,75500.0,True,2,0.602,0,True,0
901551,0,Cash loans,F,1,144300.0,737800.0,18956.0,Secondary / secondary special,Married,Laborers,-10377,-126,2,0,132600.0,True,1,0.942,1,True,0
901552,0,Cash loans,F,0,195000.0,1156500.0,79241.5,Secondary / secondary special,Married,Managers,-21461,-2207,3,1,590600.0,True,2,0.906,1,True,0
901553,0,Cash loans,F,0,127800.0,363700.0,32174.1,Secondary / secondary special,Married,,-8728,-470,5,4,659900.0,True,5,0.563,1,True,0
901554,0,Cash loans,M,1,69000.0,251000.0,7349.3,Secondary / secondary special,Married,Core staff,-24620,-256,5,1,177500.0,True,4,0.585,1,True,0
901555,0,Cash loans,M,1,100600.0,449600.0,11495.1,Secondary / secondary special,Married,Core staff,-23911,-275,6,1,119300.0,True,3,0.468,0,True,0
901556,1,Cash loans,F,1,111700.0,657500.0,20912.4,Secondary / secondary special,Married,High skill tech staff,-9740,-2174,4,1,62900.0,True,2,0.608,0,True,1
901557,0,Revolving loans,F,0,63600.0,194000.0,7287.3,Incomplete higher,Married,,-16942,-4333,0,0,0.0,False,3,0.564,1,True,0
901558,0,Cash loans,F,0,168600.0,500900.0,29462.3,Secondary / secondary special,Civil marriage,Sales staff,-25059,-7348,4,1,131500.0,True,4,0.926,0,True,0
901559,0,Cash loans,M,0,140200.0,605700.0,15630.6,Secondary / secondary special,Married,Medicine staff,-22602,-5372,2,1,623500.0,True,3,0.467,1,True,1
901560,0,Cash loans,M,0,101500.0,456100.0,14402.5,Secondary / secondary special,Married,,-20194,-2551,0,0,0.0,False,2,0.747,0,True,0
901561,0,Cash loans,F,0,229200.0,538700.0,17477.1,Secondary / secondary special,Single / not married,,-8058,-1488,0,0,0.0,False,0,0.0,0,False,0
901562,0,Cash loans,M,0,107800.0,382200.0,10483.1,Secondary / secondary special,Married,Laborers,-8862,-2292,4,3,127600.0,True,5,0.714,0,True,0
901563,1,Cash loans,M,0,293400.0,938300.0,25870.1,Higher education,Married,Cleaning staff,-21576,-4058,0,0,0.0,False,1,0.797,0,True,3
901564,0,Cash loans,M,2,122400.0,415600.0,33461.0,Incomplete higher,Married,,-14260,-2670,0,0,0.0,False,3,0.811,0,True,0
901565,0,Cash loans,M,1,86900.0,185300.0,17483.0,Higher education,Married,,-19375,-2464,3,1,129200.0,True,0,0.0,0,False,1
901566,0,Cash loans,F,1,88200.0,389500.0,23349.9,Secondary / secondary special,Civil marriage,Low-skill Laborers,-20615,-2149,4,4,438000.0,True,3,0.802,1,True,0
901567,0,Cash loans,M,2,146500.0,343400.0,9204.3,Secondary / secondary special,Married,Laborers,-15061,-3900,2,0,212100.0,True,3,0.73,0,True,0
901568,0,Cash loans,F,0,82000.0,132400.0,5090.5,Secondary / secondary special,Married,,-10177,-178,4,3,216700.0,True,5,0.547,0,True,0
901569,1,Cash loans,M,0,150500.0,561700.0,19088.7,Secondary / secondary special,Married,Sales staff,-14439,-273,2,0,61300.0,True,3,0.887,1,True,1
901570,0,Cash loans,F,0,114600.0,191800.0,9411.4,Secondary / secondary special,Married,,-22925,-3920,3,2,118100.0,True,5,0.696,0,True,0
901571,0,Cash loans,M,0,113300.0,509600.0,22404.5,Secondary / secondary special,Married,Laborers,-13465,-2472,3,2,48600.0,True,4,0.903,2,True,0
901572,0,Cash loans,F,0,137100.0,572300.0,30119.9,Secondary / secondary special,Married,,-8762,-834,4,1,457000.0,True,4,0.268,0,True,0
901573,0,Cash loans,F,0,231400.0,937200.0,24527.2,Higher education,Married,Sales staff,-24468,-2649,5,0,238900.0,True,1,0.539,1,True,0
901574,0,Cash loans,M,0,106700.0,205800.0,9203.3,Higher education,Married,Core staff,-19590,-1316,3,1,172700.0,True,4,0.451,0,True,0
901575,1,Cash loans,F,1,153500.0,315800.0,9003.1,Higher education,Married,,-17140,-136,3,1,182400.0,True,4,0.745,0,True,1
901576,0,Cash loans,F,1,174800.0,785600.0,53579.6,Secondary / secondary special,Separated,Sales staff,-22190,-1221,4,4,570300.0,True,2,0.843,2,True,0
901577,0,Cash loans,M,0,76500.0,125800.0,6445.6,Higher education,Single / not married,Cooking staff,-14868,-1630,6,3,1380500.0,True,0,0.0,0,False,0
901578,0,Cash loans,F,0,181800.0,367500.0,23796.3,Secondary / secondary special,Separated,Laborers,-24924,-2285,2,1,164200.0,True,5,0.641,2,True,0
901579,0,Cash loans,F,1,210500.0,1039200.0,55268.6,Secondary / secondary special,Separated,Cleaning staff,-22689,-4815,0,0,0.0,False,2,0.664,0,True,1
901580,1,Cash loans,M,1,226900.0,510800.0,17010.7,Secondary / secondary special,Married,Cleaning staff,-12580,-24,0,0,0.0,False,3,0.649,0,True,3
901581,0,Cash loans,F,0,80400.0,300000.0,21062.0,Secondary / secondary special,Civil marriage,,-14165,-2045,0,0,0.0,False,2,0.797,0,True,0
901582,1,Cash loans,F,0,83300.0,161900.0,6208.0,Secondary / secondary special,Widow,Sales staff,-12496,-152,8,4,352200.0,True,3,0.421,1,True,2
901583,0,Cash loans,M,0,136200.0,348400.0,34516.4,Higher education,Married,High skill tech staff,-19216,-744,5,2,232700.0,True,4,0.745,0,True,0
901584,0,Cash loans,M,0,132400.0,722500.0,18294.3,Secondary / secondary special,Married,Managers,-18866,-843,4,2,351000.0,True,1,0.717,0,True,1
901585,0,Cash loans,F,1,141400.0,691400.0,62470.5,Higher education,Married,Drivers,-16819,-9120,3,1,237400.0,True,3,0.713,0,True,0
901586,0,Cash loans,F,0,117100.0,275000.0,8427.4,Secondary / secondary special,Married,,-24586,-1523,0,0,0.0,False,0,0.0,0,False,1
901587,0,Cash loans,F,0,153600.0,378700.0,10496.8,Higher education,Married,Security staff,-15939,-766,4,2,486900.0,True,3,0.527,0,True,2
901588,0,Cash loans,F,1,39000.0,141600.0,3550.0,Higher education,Married,,-21395,-631,2,1,62500.0,True,5,0.652,2,True,1
901589,0,Cash loans,F,0,194500.0,845200.0,28647.2,Secondary / secondary special,Married,Core staff,-19194,-68,4,2,136500.0,True,9,0.485,0,True,1
901590,0,Cash loans,M,0,292200.0,1204000.0,42699.1,Higher education,Single / not married,Medicine staff,-16743,-926,4,1,64000.0,True,1,0.77,0,True,0
901591,0,Cash loans,F,1,106200.0,295300.0,11048.6,Secondary / secondary special,Married,Laborers,-8402,-837,6,3,112400.0,True,2,0.654,0,True,0
901592,0,Cash loans,F,1,154900.0,892300.0,27090.0,Secondary / secondary special,Married,Sales staff,-19184,-1050,5,1,195300.0,True,2,0.653,0,True,0
901593,0,Cash loans,M,0,324400.0,1705800.0,47223.4,Secondary / secondary special,Married,Managers,-18923,-1239,0,0,0.0,False,2,0.873,0,True,0
901594,0,Cash loans,F,0,142400.0,631200.0,24435.6,Secondary / secondary special,Widow,Security staff,-9852,-1231,3,1,94400.0,True,3,0.816,0,True,0
901595,0,Cash loans,M,0,163100.0,911000.0,28824.7,Secondary / secondary special,Civil marriage,Laborers,-21609,-506,3,2,750200.0,True,3,0.91,0,True,0
901596,0,Cash loans,M,0,351600.0,992600.0,25535.0,Secondary / secondary special,Married,Core staff,-15846,-340,5,2,25800.0,True,3,0.849,0,True,1
901597,0,Revolving loans,F,0,387600.0,1104300.0,82684.3,Secondary / secondary special,Civil marriage,,-13344,-708,4,0,38700.0,True,0,0.0,0,False,2
901598,0,Cash loans,F,0,82400.0,238200.0,8601.8,Secondary / secondary special,Civil marriage,,-22100,-6912,2,2,59100.0,True,2,0.307,1,True,1
901599,0,Cash loans,F,0,114000.0,253300.0,21071.5,Lower secondary,Civil marriage,,-13680,-3564,2,0,348000.0,True,5,0.577,0,True,0
901600,0,Cash loans,F,1,218900.0,466200.0,20208.6,Higher education,Civil marriage,Laborers,-18559,-827,3,1,53900.0,True,4,0.675,1,True,1
901601,0,Cash loans,F,0,179500.0,1003700.0,31578.3,Secondary / secondary special,Married,Sales staff,-18490,-3080,0,0,0.0,False,5,0.723,0,True,0
901602,0,Cash loans,F,0,199300.0,1068200.0,49894.6,Secondary / secondary special,Married,,-8590,-307,4,2,1082300.0,True,3,0.518,0,True,0
901603,0,Cash loans,F,0,37700.0,149700.0,11512.6,Secondary / secondary special,Civil marriage,,-15073,-887,2,1,129600.0,True,1,0.549,0,True,1
901604,0,Cash loans,M,0,52700.0,235700.0,6754.2,Secondary / secondary special,Civil marriage,,-11568,-4180,4,0,770500.0,True,0,0.0,0,False,0
901605,0,Cash loans,F,1,341600.0,879000.0,50751.1,Secondary / secondary special,Married,Medicine staff,-11161,-638,5,1,466600.0,True,5,0.737,0,True,1
901606,0,Cash loans,F,0,206100.0,330400.0,13179.0,Higher education,Married,,-19139,-3154,5,1,364200.0,True,6,0.764,2,True,0
901607,0,Revolving loans,F,1,167100.0,582700.0,40202.1,Secondary / secondary special,Married,Laborers,-7864,-1294,0,0,0.0,False,2,0.834,0,True,2
901608,0,Cash loans,F,0,75200.0,339400.0,8553.4,Secondary / secondary special,Married,Drivers,-24643,-1229,6,1,111600.0,True,2,0.817,0,True,1
901609,0,Cash loans,M,0,113800.0,518900.0,24156.0,Secondary / secondary special,Married,Accountants,-14592,-2236,5,1,42100.0,True,2,0.691,1,True,0
901610,0,Cash loans,M,0,186100.0,785200.0,22660.7,Higher education,Married,Managers,-12900,-6330,8,4,265200.0,True,4,0.666,0,True,0
901611,0,Cash loans,F,1,70100.0,397100.0,18438.4,Secondary / secondary special,Married,,-23782,-1978,5,1,101800.0,True,1,0.862,0,True,1
901612,0,Cash loans,F,1,98400.0,240300.0,11727.9,Secondary / secondary special,Married,,-16191,-2033,3,1,290600.0,True,3,0.408,1,True,0
901613,0,Revolving loans,F,1,168900.0,453700.0,26355.2,Secondary / secondary special,Married,,-18427,-3027,6,3,404700.0,True,6,0.881,1,True,0
901614,0,Cash loans,M,2,188000.0,349400.0,15784.1,Secondary / secondary special,Married,Drivers,-19856,-956,3,0,61800.0,True,6,0.804,0,True,0
901615,1,Cash loans,F,1,107800.0,616000.0,16989.5,Secondary / secondary special,Married,,-22932,-1730,6,2,78300.0,True,6,0.673,2,True,3
901616,0,Cash loans,M,0,228800.0,811300.0,27179.5,Secondary / secondary special,Married,Laborers,-9938,-731,4,1,136000.0,True,4,0.808,1,True,0
901617,1,Cash loans,F,0,225100.0,744500.0,64221.6,Secondary / secondary special,Married,,-9095,-1133,2,2,606400.0,True,5,0.657,1,True,3
901618,1,Cash loans,F,0,57100.0,338900.0,12919.1,Secondary / secondary special,Married,Laborers,-25074,-2738,4,0,63200.0,True,2,0.796,0,True,1
901619,0,Cash loans,F,0,317500.0,1087400.0,43612.8,Incomplete higher,Married,Laborers,-7820,-1193,0,0,0.0,False,5,0.324,2,True,2
901620,0,Revolving loans,F,1,250800.0,754100.0,24637.0,Higher education,Married,Laborers,-20072,-18,6,1,24600.0,True,4,0.57,0,True,0
901621,0,Cash loans,F,1,155200.0,378500.0,11589.3,Higher education,Single / not married,,-18370,-60,3,0,890200.0,True,4,0.879,1,True,0
901622,0,Revolving loans,F,1,130700.0,454800.0,16861.9,Secondary / secondary special,Married,Laborers,-17345,-6422,7,3,195300.0,True,1,0.843,0,True,0
901623,0,Cash loans,F,1,207700.0,952400.0,26253.6,Higher education,Married,,-21432,-1494,2,0,270000.0,True,3,0.692,0,True,0
901624,0,Cash loans,M,1,182800.0,1026100.0,35067.3,Higher education,Married,Sales staff,-25053,-2261,1,1,282500.0,True,1,0.957,0,True,0
901625,0,Cash loans,F,1,122200.0,288500.0,14324.4,Secondary / secondary special,Married,Core staff,-8486,-1916,4,2,11700.0,True,2,0.922,1,True,1
901626,0,Cash loans,M,0,312600.0,1442800.0,67769.6,Secondary / secondary special,Married,Sales staff,-18431,-1479,2,1,109800.0,True,4,0.918,1,True,1
901627,0,Cash loans,F,0,48900.0,74800.0,2092.0,Secondary / secondary special,Married,,-20222,-407,4,1,127600.0,True,2,0.984,1,True,0
901628,0,Cash loans,F,0,100400.0,512400.0,28795.0,Higher education,Single / not married,Core staff,-13025,-3037,2,1,569000.0,True,4,0.53,0,True,2
901629,0,Cash loans,F,0,175100.0,483400.0,33860.4,Secondary / secondary special,Married,Laborers,-23307,-2222,5,1,137000.0,True,2,0.918,0,True,0
901630,0,Cash loans,M,0,136400.0,228700.0,7021.9,Secondary / secondary special,Civil marriage,Laborers,-15671,-3743,1,1,719500.0,True,3,0.972,0,True,0
901631,0,Cash loans,M,0,198600.0,650200.0,28486.8,Higher education,Separated,,-10546,-3976,4,1,1112400.0,True,1,0.444,1,True,1
901632,0,Cash loans,M,1,69700.0,384500.0,22886.8,Higher education,Married,Low-skill Laborers,-22634,-149,0,0,0.0,False,4,0.733,1,True,0
901633,0,Cash loans,F,0,123300.0,314100.0,9003.2,Secondary / secondary special,Separated,Laborers,-24185,-60,5,3,185700.0,True,4,0.88,0,True,1
901634,0,Revolving loans,F,1,248800.0,694900.0,44691.2,Higher education,Single / not married,Laborers,-9408,-2838,8,6,48800.0,True,4,0.796,1,True,0
901635,0,Cash loans,M,1,66300.0,149500.0,4675.8,Secondary / secondary special,Married,,-20834,-3340,0,0,0.0,False,4,0.764,0,True,0
901636,1,Revolving loans,M,0,124100.0,734300.0,36341.6,Higher education,Married,Core staff,-11432,-4862,10,3,107500.0,True,1,0.69,0,True,1
901637,0,Revolving loans,F,0,107400.0,370200.0,11800.8,Secondary / secondary special,Married,,-7782,-254,2,2,708200.0,True,4,0.339,1,True,0
901638,0,Cash loans,M,1,167900.0,968000.0,29168.4,Secondary / secondary special,Married,Managers,-12230,-3243,0,0,0.0,False,2,0.83,0,True,0
901639,0,Cash loans,F,1,170400.0,326000.0,22149.4,Secondary / secondary special,Married,,-22643,-6117,4,3,73100.0,True,4,0.717,0,True,1
901640,0,Cash loans,F,1,147000.0,517300.0,14888.7,Higher education,Married,,-10138,-3568,6,3,427000.0,True,2,0.84,0,True,0
901641,0,Cash loans,F,1,121100.0,440100.0,15413.1,Secondary / secondary special,Married,Managers,-9954,-3384,3,2,1021100.0,True,3,0.828,1,True,0
901642,0,Cash loans,F,2,144500.0,383200.0,10712.2,Secondary / secondary special,Married,Laborers,-20613,-4582,4,1,341300.0,True,2,0.912,0,True,1
901643,0,Cash loans,F,1,128900.0,481800.0,44026.8,Secondary / secondary special,Married,,-14784,-2782,5,2,629300.0,True,2,0.901,0,True,1
901644,0,Cash loans,M,0,137700.0,423800.0,12958.2,Secondary / secondary special,Widow,Drivers,-10266,-345,3,1,189300.0,True,5,0.755,0,True,1
901645,0,Cash loans,M,0,290100.0,757000.0,19127.0,Secondary / secondary special,Married,Cleaning staff,-11694,-2392,5,5,1014200.0,True,1,0.674,1,True,0
901646,0,Cash loans,F,1,76700.0,241100.0,7755.7,Secondary / secondary special,Widow,Laborers,-21586,-1342,6,2,204700.0,True,4,0.864,1,True,0
901647,0,Cash loans,F,0,166100.0,723900.0,19286.5,Higher education,Married,Core staff,-18584,-1025,2,0,277200.0,True,4,0.892,1,True,1
901648,0,Revolving loans,F,1,87400.0,315200.0,14044.7,Secondary / secondary special,Married,Laborers,-20996,-1197,5,2,199100.0,True,4,0.938,0,True,1
901649,0,Cash loans,F,1,372100.0,1243500.0,40050.7,Secondary / secondary special,Married,Sales staff,-9377,-362,0,0,0.0,False,6,0.629,0,True,0
901650,0,Cash loans,F,0,146400.0,781900.0,28941.8,Secondary / secondary special,Married,Managers,-15690,-3085,5,3,255000.0,True,2,0.814,0,True,1
901651,0,Cash loans,F,1,74300.0,327100.0,16309.0,Secondary / secondary special,Married,Core staff,-21630,-111,4,3,210600.0,True,2,0.741,0,True,1
901652,0,Revolving loans,F,0,124700.0,544500.0,18974.7,Secondary / secondary special,Married,Laborers,-12321,-4191,4,0,263300.0,True,4,0.595,0,True,0
901653,0,Cash loans,M,0,67500.0,168800.0,8105.5,Secondary / secondary special,Civil marriage,,-10629,-126,2,1,13600.0,True,2,0.677,0,True,0
901654,0,Cash loans,F,1,102000.0,497300.0,12923.3,Secondary / secondary special,Married,Sales staff,-14353,-1016,4,2,61500.0,True,2,0.621,0,True,0
901655,0,Cash loans,F,2,190500.0,317400.0,9354.8,Secondary / secondary special,Married,Core staff,-13505,-1361,0,0,0.0,False,3,0.768,0,True,0
901656,0,Cash loans,M,0,276500.0,680500.0,18836.7,Secondary / secondary special,Married,Sales staff,-10914,-3623,4,2,30900.0,True,3,0.73,0,True,0
901657,0,Cash loans,F,0,240300.0,806800.0,27752.4,Secondary / secondary special,Single / not married,,-24378,-2965,3,1,57100.0,True,0,0.0,0,False,1
901658,1,Cash loans,F,0,132800.0,730600.0,20747.6,Secondary / secondary special,Widow,Laborers,-16128,-7130,3,1,346900.0,True,4,0.675,0,True,0
901659,0,Cash loans,F,0,186200.0,302800.0,14415.6,Secondary / secondary special,Married,Managers,-18318,-624,3,0,225500.0,True,2,0.731,0,True,0
901660,0,Cash loans,F,0,209700.0,734300.0,24605.5,Secondary / secondary special,Married,,-9786,-762,2,0,466300.0,True,2,0.816,0,True,0
901661,0,Cash loans,M,0,431200.0,879300.0,43935.8,Incomplete higher,Widow,Medicine staff,-18352,-495,5,2,432400.0,True,5,0.936,2,True,1
901662,0,Cash loans,M,1,103500.0,262400.0,9427.3,Lower secondary,Widow,Laborers,-17394,-660,5,0,471800.0,True,5,0.947,1,True,2
901663,0,Revolving loans,F,0,297800.0,989900.0,81520.5,Secondary / secondary special,Single / not married,Drivers,-23992,-3702,3,2,166400.0,True,6,0.565,0,True,1
901664,0,Cash loans,F,0,81100.0,157600.0,4668.1,Secondary / secondary special,Civil marriage,Laborers,-14888,-1388,5,2,700000.0,True,3,0.774,0,True,1
901665,1,Revolving loans,F,0,252600.0,1321800.0,58353.6,Secondary / secondary special,Married,Laborers,-21366,-3141,0,0,0.0,False,1,0.439,0,True,2
901666,0,Cash loans,M,0,102600.0,192200.0,4863.5,Secondary / secondary special,Married,Cleaning staff,-12994,-719,6,1,661500.0,True,2,0.916,1,True,0
901667,0,Cash loans,M,1,99500.0,411300.0,11505.8,Secondary / secondary special,Married,Sales staff,-17808,-314,2,2,420100.0,True,4,0.572,2,True,1
901668,0,Cash loans,F,0,121400.0,271300.0,9542.5,Lower secondary,Married,,-23905,-1674,6,1,324500.0,True,2,0.605,2,True,0
901669,0,Cash loans,F,1,95000.0,188000.0,10458.5,Secondary / secondary special,Civil marriage,Cleaning staff,-18616,-405,3,0,155000.0,True,4,0.879,0,True,0
901670,0,Revolving loans,M,1,173200.0,620400.0,21469.6,Secondary / secondary special,Married,Laborers,-20124,-2007,0,0,0.0,False,2,0.814,1,True,0
901671,0,Cash loans,M,3,258500.0,789600.0,24145.8,Secondary / secondary special,Married,Managers,-23012,-965,5,1,157900.0,True,2,0.799,0,True,0
901672,0,Cash loans,F,0,48700.0,83000.0,3434.5,Secondary / secondary special,Single / not married,,-23878,-1049,4,2,29600.0,True,8,0.892,3,True,2
901673,0,Revolving loans,F,1,128300.0,229900.0,8277.4,Secondary / secondary special,Married,Accountants,-11313,-3552,2,0,493800.0,True,3,0.818,0,True,0
901674,0,Cash loans,F,0,81300.0,231400.0,6376.6,Higher education,Married,Cleaning staff,-11096,-1586,7,4,92900.0,True,2,0.58,0,True,0
901675,0,Cash loans,F,0,220100.0,1105500.0,78316.1,Secondary / secondary special,Single / not married,Laborers,-17309,-276,6,3,99400.0,True,1,0.686,0,True,1
901676,0,Cash loans,F,0,284800.0,1518300.0,60770.1,Secondary / secondary special,Married,,-25106,-941,0,0,0.0,False,0,0.0,0,False,0
901677,0,Cash loans,F,0,128300.0,230800.0,6415.5,Secondary / secondary special,Married,Sales staff,-16252,-1211,5,1,49400.0,True,4,0.698,0,True,0
901678,0,Cash loans,M,0,98500.0,223900.0,10301.5,Higher education,Married,,-13462,-1904,6,3,2802300.0,True,2,0.57,0,True,2
901679,0,Cash loans,M,0,62400.0,188800.0,5169.4,Secondary / secondary special,Married,Laborers,-17077,-8842,0,0,0.0,False,3,0.889,1,True,1
901680,0,Cash loans,F,0,370900.0,1641400.0,61369.6,Secondary / secondary special,Married,Core staff,-8793,-150,5,4,480300.0,True,3,0.559,1,True,0
901681,0,Cash loans,F,0,270700.0,753400.0,34182.4,Higher education,Single / not married,,-10769,-2353,3,2,37600.0,True,3,0.571,0,True,1
901682,1,Cash loans,F,0,52100.0,130200.0,3275.7,Incomplete higher,Married,Cooking staff,-10274,-3704,4,1,35000.0,True,1,0.877,0,True,0
901683,0,Cash loans,F,1,194300.0,805800.0,54239.5,Secondary / secondary special,Married,Managers,-8154,-271,6,4,148400.0,True,1,0.882,0,True,1
901684,0,Cash loans,M,0,80300.0,366700.0,17959.0,Higher education,Married,Laborers,-20318,-4648,6,2,162600.0,True,1,0.477,0,True,0
901685,0,Cash loans,F,1,108600.0,401100.0,24171.7,Secondary / secondary special,Civil marriage,Laborers,-13367,-824,1,0,78100.0,True,3,0.558,0,True,0
901686,1,Cash loans,M,0,75000.0,338100.0,8561.3,Secondary / secondary special,Married,High skill tech staff,-10617,-54,4,2,150500.0,True,3,0.884,1,True,1
901687,0,Cash loans,M,0,51500.0,78200.0,5390.4,Secondary / secondary special,Single / not married,Laborers,-16639,-4482,5,3,64500.0,True,4,0.919,0,True,1
901688,0,Cash loans,M,0,136800.0,407000.0,29969.4,Secondary / secondary special,Married,Low-skill Laborers,-13331,-3017,2,1,575200.0,True,4,0.935,0,True,0
901689,0,Cash loans,F,0,361200.0,1532500.0,85531.5,Higher education,Civil marriage,,-14550,-556,7,3,1382800.0,True,2,0.733,1,True,0
901690,0,Cash loans,F,0,88100.0,390200.0,13808.7,Secondary / secondary special,Married,,-13193,-1353,4,1,478000.0,True,4,0.827,0,True,1
901691,0,Cash loans,M,1,218600.0,519200.0,28935.4,Secondary / secondary special,Widow,Sales staff,-7734,-600,4,1,33700.0,True,2,0.693,0,True,1
901692,0,Cash loans,F,0,236500.0,708100.0,35738.8,Secondary / secondary special,Married,,-19724,-2297,0,0,0.0,False,5,0.555,1,True,0
901693,0,Cash loans,M,0,200800.0,505700.0,19432.7,Secondary / secondary special,Civil marriage,Laborers,-9604,-1725,3,3,79800.0,True,5,0.712,0,True,0
901694,1,Cash loans,F,0,379900.0,2105900.0,72410.0,Higher education,Married,Sales staff,-11504,-453,8,3,79700.0,True,2,0.825,0,True,1
901695,0,Cash loans,F,0,225700.0,639200.0,23333.5,Higher education,Married,,-10999,-1390,4,2,329800.0,True,1,0.64,0,True,0
901696,0,Cash loans,F,1,345100.0,1887300.0,66339.7,Secondary / secondary special,Single / not married,,-13470,-3710,2,0,170000.0,True,3,0.669,0,True,0
901697,0,Cash loans,F,1,78900.0,432100.0,14342.5,Secondary / secondary special,Married,,-10471,-472,3,0,171200.0,True,1,0.816,0,True,2
901698,0,Cash loans,F,0,203200.0,785500.0,21628.5,Secondary / secondary special,Civil marriage,,-13743,-1171,7,1,158800.0,True,0,0.0,0,False,0
901699,0,Cash loans,M,0,298000.0,1614800.0,53377.4,Incomplete higher,Married,,-11926,-970,0,0,0.0,False,2,0.635,0,True,0
901700,0,Cash loans,M,0,95200.0,175600.0,5552.0,Secondary / secondary special,Single / not married,,-8737,-2167,2,1,49200.0,True,3,0.53,0,True,1
901701,1,Cash loans,F,0,25650.0,53000.0,2420.6,Secondary / secondary special,Married,Cleaning staff,-22917,-61,0,0,0.0,False,5,0.765,0,True,1
901702,0,Cash loans,F,0,74300.0,247400.0,6452.8,Secondary / secondary special,Married,,-13018,-3555,0,0,0.0,False,3,0.61,3,True,0
901703,0,Revolving loans,F,0,97400.0,449300.0,13119.2,Higher education,Single / not married,,-9334,-525,3,0,237100.0,True,3,0.67,1,True,0
901704,0,Cash loans,F,0,185300.0,1087200.0,39559.0,Secondary / secondary special,Single / not married,Cleaning staff,-16802,-87,3,1,398700.0,True,3,0.575,1,True,0
901705,0,Cash loans,M,0,105500.0,379900.0,16198.5,Higher education,Single / not married,Drivers,-9824,-961,5,1,123700.0,True,3,0.482,0,True,1
901706,0,Cash loans,M,0,140200.0,215000.0,20345.4,Secondary / secondary special,Single / not married,,-21209,-1322,0,0,0.0,False,1,0.9,0,True,1
901707,0,Cash loans,F,0,103500.0,239800.0,6056.3,Secondary / secondary special,Married,Accountants,-8743,-2173,1,0,412700.0,True,0,0.0,0,False,0
901708,0,Cash loans,M,0,131300.0,455700.0,31990.1,Secondary / secondary special,Civil marriage,Accountants,-15805,-394,3,2,113900.0,True,2,0.648,1,True,0
901709,0,Cash loans,F,0,135400.0,623500.0,24671.1,Higher education,Married,Managers,-24200,-8371,0,0,0.0,False,2,0.87,0,True,0
901710,0,Revolving loans,M,0,102000.0,422200.0,20845.2,Secondary / secondary special,Married,Core staff,-10450,-2722,5,2,190500.0,True,3,0.657,0,True,0
901711,0,Cash loans,M,0,211100.0,1148900.0,58079.4,Incomplete higher,Single / not married,Sales staff,-11192,-221,9,5,105600.0,True,1,0.782,1,True,1
901712,0,Cash loans,F,1,279200.0,752500.0,33320.3,Secondary / secondary special,Married,Cleaning staff,-18185,-3907,7,4,37100.0,True,3,0.778,0,True,0
901713,0,Cash loans,M,0,78800.0,309700.0,11397.2,Higher education,Separated,Laborers,-24832,-1536,0,0,0.0,False,0,0.0,0,False,0
901714,0,Cash loans,F,0,156100.0,335500.0,32572.5,Secondary / secondary special,Widow,Drivers,-14424,-7071,0,0,0.0,False,4,0.919,1,True,0
901715,1,Cash loans,F,0,68500.0,301600.0,20625.5,Secondary / secondary special,Civil marriage,,-19029,-280,5,1,25400.0,True,3,0.664,0,True,1
901716,0,Cash loans,F,0,58300.0,287500.0,10124.8,Secondary / secondary special,Married,Managers,-10333,-3763,7,1,1057900.0,True,4,0.635,0,True,1
901717,0,Revolving loans,F,0,235100.0,895800.0,27836.8,Higher education,Single / not married,Low-skill Laborers,-18902,-164,9,4,71300.0,True,2,0.635,1,True,1
901718,0,Cash loans,F,0,382000.0,1343300.0,44402.6,Secondary / secondary special,Married,,-12091,-835,2,0,21400.0,True,0,0.0,0,False,0
901719,0,Cash loans,F,2,118800.0,277600.0,6987.2,Secondary / secondary special,Married,,-18409,-431,4,1,82700.0,True,5,0.535,1,True,0
901720,1,Cash loans,F,0,350100.0,1996700.0,174661.6,Secondary / secondary special,Single / not married,Drivers,-9218,-2648,6,3,12600.0,True,2,0.788,0,True,2
901721,0,Cash loans,M,1,101200.0,427800.0,16805.6,Higher education,Single / not married,Managers,-16862,-1860,4,2,23000.0,True,4,0.335,1,True,0
901722,0,Cash loans,F,2,124500.0,643400.0,28526.3,Secondary / secondary special,Married,Managers,-11824,-1576,3,1,167300.0,True,2,0.563,2,True,1
901723,0,Cash loans,F,0,322300.0,518600.0,32478.5,Secondary / secondary special,Civil marriage,Low-skill Laborers,-19608,-596,2,1,26800.0,True,1,0.89,0,True,0
901724,0,Revolving loans,F,0,88700.0,233400.0,6357.1,Secondary / secondary special,Civil marriage,,-20764,-110,5,0,28300.0,True,1,0.918,0,True,0
901725,0,Cash loans,F,1,221400.0,812700.0,56809.5,Secondary / secondary special,Married,Core staff,-22524,-2683,5,3,159200.0,True,5,0.857,1,True,2
901726,0,Cash loans,M,1,117600.0,460200.0,18307.1,Secondary / secondary special,Married,Core staff,-25051,-2216,1,0,162500.0,True,3,0.861,0,True,0
901727,0,Cash loans,F,1,97600.0,324300.0,20572.2,Higher education,Civil marriage,,-15712,-9142,2,1,259300.0,True,3,0.73,0,True,1
901728,0,Cash loans,F,0,108600.0,327700.0,14189.6,Higher education,Married,,-19413,-1006,0,0,0.0,False,1,0.936,0,True,0
901729,0,Cash loans,F,0,47300.0,166800.0,4947.3,Secondary / secondary special,Married,Core staff,-7987,-1417,6,2,140800.0,True,0,0.0,0,False,1
901730,0,Cash loans,F,0,263000.0,827600.0,26681.4,Secondary / secondary special,Married,Core staff,-23522,-968,2,0,280700.0,True,4,0.795,1,True,2
901731,0,Cash loans,F,1,156800.0,263500.0,8496.6,Secondary / secondary special,Civil marriage,Core staff,-18452,-1803,0,0,0.0,False,3,0.702,0,True,1
901732,0,Cash loans,F,0,130000.0,600300.0,36487.6,Higher education,Single / not married,Laborers,-15046,-2297,5,0,160700.0,True,3,0.725,1,True,0
901733,0,Revolving loans,F,1,99000.0,492100.0,46052.2,Higher education,Single / not married,Managers,-15274,-1884,2,2,261800.0,True,1,0.729,0,True,0
901734,0,Revolving loans,M,0,163600.0,474500.0,15014.9,Secondary / secondary special,Civil marriage,Laborers,-20945,-2786,5,3,8400.0,True,5,0.446,2,True,1
901735,1,Cash loans,F,1,217800.0,1273400.0,96591.9,Higher education,Single / not married,,-22267,-5606,0,0,0.0,False,2,0.849,0,True,3
901736,0,Cash loans,F,1,122000.0,724800.0,33392.1,Secondary / secondary special,Married,Core staff,-21819,-1246,5,2,728300.0,True,0,0.0,0,False,2
901737,1,Cash loans,F,0,226700.0,920100.0,26052.1,Higher education,Married,Core staff,-16610,-416,0,0,0.0,False,2,0.883,0,True,0
901738,0,Cash loans,F,0,160600.0,814800.0,36563.7,Higher education,Married,High skill tech staff,-14167,-1695,5,2,260300.0,True,2,0.79,0,True,2
901739,0,Cash loans,M,0,133600.0,528400.0,22050.7,Secondary / secondary special,Married,Laborers,-24230,-2316,2,2,193400.0,True,0,0.0,0,False,0
901740,0,Cash loans,F,0,220900.0,590900.0,15253.7,Incomplete higher,Married,Drivers,-18776,-621,5,1,74900.0,True,2,0.983,0,True,0
901741,0,Cash loans,F,1,108600.0,197100.0,5288.2,Secondary / secondary special,Married,Security staff,-17189,-1083,9,4,246100.0,True,3,0.798,0,True,0
901742,0,Cash loans,F,0,74900.0,228400.0,17947.2,Secondary / secondary special,Married,Laborers,-18147,-2713,4,1,90500.0,True,2,0.868,1,True,0
901743,0,Cash loans,F,0,136300.0,318100.0,8834.8,Higher education,Married,Sales staff,-18700,-1894,3,0,87200.0,True,2,0.915,0,True,1
901744,0,Cash loans,F,0,142500.0,805200.0,32418.1,Secondary / secondary special,Married,Security staff,-20158,-2659,0,0,0.0,False,3,0.59,0,True,4
901745,0,Cash loans,F,0,125300.0,735600.0,21674.1,Secondary / secondary special,Married,,-17356,-245,2,0,57500.0,True,5,0.683,0,True,0
901746,0,Revolving loans,F,1,253800.0,988000.0,48045.9,Secondary / secondary special,Married,Managers,-23001,-1918,3,2,49600.0,True,6,0.952,0,True,0
901747,0,Cash loans,F,0,179800.0,725400.0,18736.1,Secondary / secondary special,Single / not married,Sales staff,-22727,-2004,3,2,87400.0,True,1,0.668,0,True,1
901748,0,Cash loans,F,0,132200.0,751800.0,22179.1,Secondary / secondary special,Civil marriage,Laborers,-15413,-3069,4,2,160900.0,True,0,0.0,0,False,1
901749,0,Cash loans,F,0,139600.0,679000.0,28915.5,Higher education,Single / not married,Accountants,-10617,-1024,2,1,98600.0,True,0,0.0,0,False,2
901750,0,Revolving loans,F,0,145800.0,325000.0,15608.8,Higher education,Married,,-17768,-837,7,2,91700.0,True,0,0.0,0,False,0
901751,0,Cash loans,M,1,182100.0,1053200.0,64489.3,Higher education,Married,,-18540,-2377,4,2,2518800.0,True,4,0.827,0,True,0
901752,0,Cash loans,F,1,143700.0,585000.0,32034.0,Secondary / secondary special,Single / not married,,-16834,-2704,6,3,331800.0,True,6,0.35,0,True,1
901753,0,Cash loans,F,1,129600.0,206500.0,8877.2,Higher education,Married,Accountants,-23267,-4239,0,0,0.0,False,4,0.688,0,True,0
901754,1,Cash loans,F,1,71800.0,171100.0,8295.1,Secondary / secondary special,Married,Laborers,-9294,-2466,5,2,197500.0,True,7,0.864,1,True,1
901755,0,Cash loans,F,0,98200.0,499400.0,17030.7,Higher education,Married,Managers,-12700,-2109,4,1,206300.0,True,2,0.786,0,True,0
901756,0,Cash loans,M,1,160800.0,333700.0,11480.7,Secondary / secondary special,Married,,-22833,-579,4,0,7116400.0,True,2,0.863,0,True,1
901757,0,Cash loans,F,0,153800.0,819900.0,51876.7,Secondary / secondary special,Married,Sales staff,-24123,-403,3,2,217600.0,True,2,0.649,0,True,0
901758,0,Cash loans,F,0,66600.0,335600.0,18829.8,Secondary / secondary special,Married,Sales staff,-15127,-2666,0,0,0.0,False,3,0.719,0,True,0
901759,1,Revolving loans,F,0,105700.0,175300.0,15436.9,Secondary / secondary special,Married,,-11040,-3223,0,0,0.0,False,2,0.385,0,True,1
901760,0,Cash loans,M,1,87900.0,262800.0,12238.2,Incomplete higher,Married,Laborers,-15029,-111,0,0,0.0,False,3,0.685,3,True,0
901761,0,Cash loans,M,0,277000.0,1047300.0,43270.6,Secondary / secondary special,Married,,-15657,-496,4,2,42000.0,True,4,0.842,0,True,0
901762,1,Cash loans,F,0,158700.0,292300.0,22223.4,Higher education,Widow,,-16767,-1482,3,1,396100.0,True,0,0.0,0,False,3
901763,0,Cash loans,F,0,173600.0,713200.0,56811.2,Secondary / secondary special,Married,Laborers,-12471,-1991,6,1,54800.0,True,3,0.524,0,True,0
901764,0,Cash loans,F,2,135400.0,800400.0,44381.9,Secondary / secondary special,Single / not married,Sales staff,-13142,-318,3,2,73600.0,True,0,0.0,0,False,0
901765,0,Cash loans,M,0,102400.0,430100.0,17382.9,Secondary / secondary special,Married,,-19150,-3854,3,1,264100.0,True,2,0.886,0,True,0
901766,0,Cash loans,M,0,112000.0,416800.0,10551.1,Incomplete higher,Single / not married,Laborers,-18558,-3795,2,1,104700.0,True,1,0.81,0,True,0
901767,0,Revolving loans,F,0,179100.0,967300.0,25827.6,Secondary / secondary special,Single / not married,Laborers,-19265,-1144,0,0,0.0,False,6,0.7,1,True,0
901768,0,Cash loans,F,0,122900.0,717500.0,32684.1,Secondary / secondary special,Married,Cooking staff,-14275,-4115,2,1,37600.0,True,1,0.929,0,True,0
901769,0,Cash loans,F,1,180000.0,1000000.0,37477.8,Incomplete higher,Married,Core staff,-13559,-1733,3,2,10900.0,True,2,0.866,0,True,0
901770,0,Cash loans,F,0,150400.0,250600.0,9354.3,Higher education,Single / not married,Cooking staff,-13823,-837,4,0,616500.0,True,3,0.74,0,True,0
901771,0,Cash loans,M,0,162300.0,316200.0,15582.1,Higher education,Single / not married,Sales staff,-24329,-197,4,2,536600.0,True,2,0.896,1,True,2
901772,0,Cash loans,F,0,166500.0,710900.0,19909.9,Secondary / secondary special,Married,Drivers,-14589,-986,3,2,114300.0,True,2,0.95,0,True,0
901773,0,Cash loans,F,0,107600.0,271200.0,14465.2,Secondary / secondary special,Married,,-18284,-1372,8,2,168400.0,True,2,0.955,0,True,0
901774,0,Cash loans,M,0,119800.0,460600.0,20190.1,Secondary / secondary special,Civil marriage,Sales staff,-16825,-1696,0,0,0.0,False,3,0.61,2,True,0
901775,0,Cash loans,M,0,220500.0,1162800.0,31252.2,Secondary / secondary special,Married,Laborers,-23016,-3373,3,2,112500.0,True,4,0.741,1,True,2
901776,0,Cash loans,F,0,348900.0,1996800.0,97989.7,Secondary / secondary special,Married,Managers,-14131,-578,5,1,2156100.0,True,2,0.814,0,True,0
901777,0,Cash loans,F,0,221500.0,664800.0,26242.8,Higher education,Widow,Accountants,-15271,-400,3,1,1077500.0,True,5,0.681,0,True,0
901778,0,Cash loans,M,1,34700.0,184600.0,5111.1,Incomplete higher,Widow,Managers,-22430,-1292,5,2,204400.0,True,3,0.556,0,True,0
901779,0,Cash loans,F,0,95800.0,361000.0,18209.2,Secondary / secondary special,Married,,-10484,-1083,9,5,18500.0,True,3,0.626,0,True,0
901780,0,Revolving loans,M,1,148300.0,662000.0,17039.4,Higher education,Married,Core staff,-18077,-661,5,4,266700.0,True,4,0.659,0,True,0
901781,0,Cash loans,F,0,80800.0,166800.0,10356.0,Secondary / secondary special,Married,Managers,-14671,-1771,6,6,112200.0,True,0,0.0,0,False,1
901782,0,Cash loans,M,1,79000.0,141000.0,4619.1,Secondary / secondary special,Married,,-24936,-482,6,3,95200.0,True,0,0.0,0,False,0
901783,0,Cash loans,F,1,113600.0,569300.0,48241.2,Higher education,Widow,,-20303,-4057,8,3,149100.0,True,1,0.98,0,True,2
901784,0,Cash loans,F,1,166400.0,697700.0,26718.7,Secondary / secondary special,Married,Managers,-7849,-1279,4,2,1251600.0,True,5,0.618,1,True,0
901785,0,Cash loans,M,0,190600.0,992500.0,67143.4,Secondary / secondary special,Married,Laborers,-22372,-1583,5,3,176600.0,True,5,0.367,0,True,1
901786,0,Cash loans,F,1,116500.0,235400.0,8158.2,Higher education,Separated,,-19984,-9,5,3,449600.0,True,2,0.857,1,True,0
901787,0,Cash loans,F,0,112100.0,254900.0,8942.4,Secondary / secondary special,Married,Medicine staff,-17493,-1989,3,1,240300.0,True,2,0.707,0,True,0
901788,0,Cash loans,F,0,91800.0,163700.0,7277.5,Secondary / secondary special,Widow,Cleaning staff,-11801,-2978,3,2,232100.0,True,2,0.946,0,True,0
901789,0,Cash loans,F,0,180400.0,798400.0,21152.5,Secondary / secondary special,Married,Laborers,-10281,-2670,4,1,313200.0,True,3,0.653,0,True,1
901790,0,Cash loans,F,0,174400.0,744700.0,20268.3,Secondary / secondary special,Married,Low-skill Laborers,-18674,-747,2,0,95100.0,True,4,0.826,0,True,0
901791,0,Cash loans,F,0,220300.0,752300.0,23473.1,Secondary / secondary special,Widow,Accountants,-15372,-855,7,4,33900.0,True,4,0.923,1,True,1
901792,0,Cash loans,F,0,149400.0,315100.0,9974.8,Secondary / secondary special,Married,Sales staff,-22760,-1778,1,0,871500.0,True,7,0.834,2,True,0
901793,1,Cash loans,F,2,72700.0,116900.0,9703.8,Secondary / secondary special,Single / not married,Managers,-12261,-1084,3,1,28200.0,True,4,0.542,0,True,1
901794,1,Cash loans,F,0,117600.0,313400.0,15903.2,Higher education,Married,Cooking staff,-18834,-2633,3,1,207000.0,True,3,0.689,0,True,0
901795,0,Cash loans,M,0,214900.0,325100.0,20199.0,Higher education,Single / not married,Managers,-12024,-4507,0,0,0.0,False,3,0.515,0,True,0
901796,0,Cash loans,F,0,58800.0,339200.0,15662.8,Secondary / secondary special,Married,Laborers,-18813,-2080,7,2,220300.0,True,5,0.176,1,True,1
901797,1,Cash loans,M,0,134200.0,304100.0,22907.5,Higher education,Civil marriage,,-8511,-834,5,2,292100.0,True,2,0.477,1,True,0
901798,0,Cash loans,F,0,161500.0,435200.0,22263.3,Secondary / secondary special,Widow,Laborers,-14527,-446,6,1,292200.0,True,0,0.0,0,False,0
901799,1,Cash loans,F,1,381300.0,1942200.0,71594.3,Secondary / secondary special,Married,,-10690,-456,4,2,543600.0,True,1,0.692,1,True,0
901800,0,Cash loans,F,0,103700.0,619800.0,41359.3,Secondary / secondary special,Married,,-18280,-1361,5,2,671500.0,True,3,0.912,1,True,0
901801,1,Cash loans,F,0,131700.0,565300.0,42914.7,Secondary / secondary special,Single / not married,Laborers,-13214,-6644,5,2,31200.0,True,3,0.884,0,True,3
901802,0,Cash loans,F,0,325500.0,859300.0,27541.2,Lower secondary,Widow,Laborers,-21182,-288,7,1,638900.0,True,2,0.925,1,True,0
901803,0,Cash loans,M,0,104300.0,369000.0,21197.4,Higher education,Married,,-9672,-1333,3,1,140500.0,True,4,0.786,1,True,0
901804,0,Cash loans,F,0,239600.0,423700.0,17403.0,Higher education,Widow,Accountants,-17409,-620,5,2,65400.0,True,7,0.641,1,True,0
901805,0,Cash loans,F,1,170400.0,339200.0,9649.2,Secondary / secondary special,Separated,,-18066,-2595,6,3,46000.0,True,4,0.746,0,True,0
901806,0,Cash loans,M,0,125400.0,588500.0,27556.0,Higher education,Single / not married,Core staff,-8052,-1482,5,3,199400.0,True,2,0.629,0,True,1
901807,0,Revolving loans,F,2,175500.0,918300.0,70871.9,Secondary / secondary special,Married,Sales staff,-8295,-11,3,2,81300.0,True,3,0.82,0,True,0
901808,1,Cash loans,M,0,130000.0,353000.0,10518.5,Secondary / secondary special,Married,Low-skill Laborers,-13065,-5115,2,1,163300.0,True,2,0.978,0,True,1
901809,0,Cash loans,F,0,432900.0,2087800.0,64928.8,Higher education,Single / not married,,-18336,-1502,6,3,149800.0,True,2,0.532,0,True,0
901810,0,Cash loans,F,0,49800.0,218200.0,7708.5,Higher education,Single / not married,,-24530,-3881,3,0,207100.0,True,1,0.741,1,True,1
901811,0,Cash loans,F,2,121600.0,461300.0,17649.0,Higher education,Married,Core staff,-9255,-326,8,3,360900.0,True,1,0.493,0,True,0
901812,0,Cash loans,F,0,123400.0,345700.0,10615.5,Higher education,Married,Sales staff,-19984,-5481,2,1,548500.0,True,3,0.424,0,True,1
901813,0,Cash loans,F,0,130900.0,776700.0,37707.5,Secondary / secondary special,Civil marriage,High skill tech staff,-19801,-1678,7,3,535800.0,True,3,0.711,1,True,0
901814,1,Cash loans,M,0,240300.0,628600.0,31602.7,Higher education,Married,,-19394,-293,4,3,797400.0,True,3,0.6,0,True,2
901815,0,Cash loans,F,0,112000.0,273200.0,9478.7,Higher education,Married,,-16707,-1328,4,2,112600.0,True,1,0.728,0,True,0
901816,0,Cash loans,M,0,179000.0,357100.0,23818.0,Secondary / secondary special,Married,,-24603,-7785,5,2,67100.0,True,1,0.938,0,True,1
901817,1,Cash loans,F,0,157200.0,702000.0,24209.7,Secondary / secondary special,Married,Managers,-16456,-1074,5,1,136700.0,True,2,0.782,0,True,2
901818,1,Revolving loans,F,0,212900.0,1182700.0,32841.9,Secondary / secondary special,Married,Laborers,-22351,-227,5,1,87600.0,True,3,0.931,0,True,1
901819,0,Cash loans,F,1,130700.0,275000.0,10804.0,Secondary / secondary special,Married,,-12264,-5694,7,1,35400.0,True,1,0.963,1,True,0
901820,0,Cash loans,M,0,164500.0,324000.0,25945.2,Secondary / secondary special,Married,Core staff,-21791,-6346,4,1,113100.0,True,5,0.617,0,True,1
901821,0,Cash loans,F,1,131600.0,733000.0,24526.6,Higher education,Single / not married,,-25124,-1851,0,0,0.0,False,3,0.707,1,True,0
901822,0,Cash loans,M,0,85500.0,382400.0,10598.8,Incomplete higher,Married,,-23609,-1492,3,2,568100.0,True,5,0.874,0,True,1
901823,0,Cash loans,F,1,311400.0,1825000.0,114741.0,Higher education,Married,,-12992,-2046,5,1,135300.0,True,3,0.853,0,True,0
901824,0,Cash loans,M,0,95600.0,449000.0,15829.1,Secondary / secondary special,Civil marriage,High skill tech staff,-22489,-1162,4,0,492700.0,True,3,0.8,0,True,0
901825,0,Cash loans,M,0,110200.0,548000.0,34436.0,Secondary / secondary special,Married,Core staff,-9333,-1837,3,1,151100.0,True,4,0.684,1,True,1
901826,1,Cash loans,M,0,91200.0,326300.0,9432.9,Secondary / secondary special,Widow,Laborers,-19538,-5748,6,4,10900.0,True,1,0.685,0,True,1
901827,0,Cash loans,F,0,171200.0,440400.0,25043.9,Secondary / secondary special,Married,Sales staff,-13659,-2043,4,0,33600.0,True,5,0.851,0,True,0
901828,0,Cash loans,F,1,110200.0,447500.0,15493.6,Secondary / secondary special,Separated,Low-skill Laborers,-19204,-629,4,2,234800.0,True,5,0.656,0,True,0
901829,0,Cash loans,M,0,298600.0,929200.0,33569.9,Higher education,Single / not married,,-14887,-29,0,0,0.0,False,3,0.915,1,True,0
901830,0,Cash loans,F,1,182800.0,660600.0,31097.1,Higher education,Widow,,-7823,-1253,2,0,34500.0,True,6,0.603,1,True,0
901831,0,Cash loans,F,0,121900.0,465700.0,12581.7,Higher education,Single / not married,Accountants,-11716,-2533,5,4,28000.0,True,5,0.6,1,True,0
901832,0,Cash loans,M,0,88800.0,143800.0,3882.4,Secondary / secondary special,Married,Sales staff,-8407,-1837,0,0,0.0,False,2,0.847,0,True,0
901833,0,Cash loans,M,0,132500.0,561600.0,27798.5,Secondary / secondary special,Civil marriage,Low-skill Laborers,-15150,-953,6,2,194600.0,True,3,0.71,1,True,0
901834,0,Cash loans,F,2,181600.0,565400.0,27657.8,Secondary / secondary special,Married,Managers,-22383,-2230,4,2,22900.0,True,4,0.807,0,True,0
901835,0,Cash loans,M,0,136800.0,705100.0,23784.5,Secondary / secondary special,Married,Managers,-20594,-795,6,2,344000.0,True,3,0.745,0,True,1
901836,1,Cash loans,F,0,130500.0,228800.0,12354.3,Higher education,Married,Sales staff,-21486,-1680,4,2,151500.0,True,6,0.216,0,True,1
901837,0,Cash loans,F,1,84000.0,336200.0,17588.5,Secondary / secondary special,Civil marriage,,-21807,-3314,5,2,35000.0,True,4,0.538,0,True,0
901838,0,Cash loans,F,1,429800.0,1341000.0,126303.4,Secondary / secondary special,Single / not married,Medicine staff,-14181,-2647,6,4,156300.0,True,4,0.66,2,True,1
901839,0,Cash loans,M,0,126600.0,243100.0,18965.1,Higher education,Civil marriage,Sales staff,-16530,-1339,2,0,65200.0,True,5,0.85,3,True,0
901840,0,Cash loans,M,2,70400.0,236700.0,7958.7,Secondary / secondary special,Married,,-16573,-2097,3,2,64200.0,True,3,0.859,0,True,1
901841,0,Cash loans,M,0,81800.0,273400.0,13931.9,Secondary / secondary special,Widow,,-9648,-2139,3,0,37200.0,True,4,0.653,1,True,0
901842,0,Cash loans,F,1,117900.0,576500.0,46352.9,Higher education,Civil marriage,Laborers,-18144,-694,6,1,146800.0,True,3,0.628,0,True,0
901843,0,Cash loans,M,0,370200.0,808500.0,21329.0,Higher education,Married,,-20282,-611,5,2,113600.0,True,3,0.526,0,True,0
901844,0,Cash loans,F,0,128600.0,673400.0,35684.2,Higher education,Married,,-18369,-2931,0,0,0.0,False,3,0.402,0,True,0
901845,0,Cash loans,F,1,116100.0,199200.0,12241.0,Secondary / secondary special,Married,,-20734,-4137,4,1,130200.0,True,3,0.794,0,True,0
901846,0,Cash loans,M,0,213600.0,816100.0,31791.9,Secondary / secondary special,Married,Medicine staff,-9747,-2621,4,0,194000.0,True,4,0.702,0,True,1
901847,0,Cash loans,F,0,221500.0,979100.0,28037.3,Secondary / secondary special,Married,Sales staff,-21004,-9282,4,1,120100.0,True,0,0.0,0,False,1
901848,0,Cash loans,M,1,194600.0,304500.0,8416.6,Secondary / secondary special,Married,Laborers,-11311,-3021,3,1,16800.0,True,2,0.614,0,True,0
901849,0,Cash loans,F,0,154700.0,280200.0,14629.9,Secondary / secondary special,Married,,-23027,-574,5,2,142000.0,True,1,0.852,0,True,0
901850,1,Cash loans,F,0,80600.0,220100.0,6821.7,Secondary / secondary special,Single / not married,Drivers,-11956,-5386,7,2,51600.0,True,4,0.644,0,True,1
901851,0,Cash loans,F,0,96200.0,309400.0,12041.2,Secondary / secondary special,Married,Managers,-16284,-2927,2,2,514900.0,True,0,0.0,0,False,0
901852,0,Cash loans,M,1,63200.0,193300.0,6938.4,Secondary / secondary special,Civil marriage,,-16201,-620,0,0,0.0,False,2,0.854,0,True,1
901853,0,Cash loans,F,1,125200.0,735000.0,31680.4,Secondary / secondary special,Married,Low-skill Laborers,-12375,-1191,3,1,443800.0,True,4,0.791,0,True,0
901854,0,Cash loans,M,0,113200.0,254800.0,16634.6,Secondary / secondary special,Married,,-14002,-818,6,5,82000.0,True,1,0.6,0,True,0
901855,0,Cash loans,F,0,107500.0,592100.0,17106.3,Higher education,Separated,,-10916,-149,3,1,399000.0,True,1,0.882,0,True,0
901856,1,Cash loans,F,0,161000.0,925800.0,35170.1,Secondary / secondary special,Married,,-17653,-6891,0,0,0.0,False,2,0.475,0,True,1
901857,0,Cash loans,M,1,100800.0,230800.0,10464.5,Secondary / secondary special,Married,Cleaning staff,-23661,-592,3,2,146400.0,True,2,0.945,0,True,0
901858,0,Cash loans,M,0,118100.0,580300.0,19177.1,Secondary / secondary special,Separated,High skill tech staff,-13211,-1487,3,2,55000.0,True,3,0.508,0,True,0
901859,0,Cash loans,F,0,109800.0,657900.0,28894.0,Higher education,Married,Core staff,-16566,-175,2,0,288300.0,True,1,0.742,0,True,2
901860,0,Cash loans,F,1,137800.0,360400.0,10159.8,Secondary / secondary special,Civil marriage,Sales staff,-22765,-1209,4,1,994500.0,True,4,0.811,1,True,0
901861,0,Revolving loans,F,1,168000.0,632100.0,44922.7,Secondary / secondary special,Separated,Laborers,-15592,-1768,6,1,220100.0,True,2,0.897,0,True,0
901862,0,Cash loans,F,0,71500.0,351400.0,32245.5,Secondary / secondary special,Married,Laborers,-22228,-2386,0,0,0.0,False,2,0.847,0,True,1
901863,1,Cash loans,M,0,175600.0,844000.0,31164.8,Secondary / secondary special,Single / not married,Laborers,-15485,-3918,0,0,0.0,False,3,0.936,1,True,1
901864,0,Cash loans,F,0,159800.0,838800.0,47375.6,Secondary / secondary special,Single / not married,Accountants,-15378,-210,4,3,4334500.0,True,3,0.601,1,True,0
901865,1,Cash loans,F,1,172600.0,529400.0,39080.5,Secondary / secondary special,Widow,Managers,-10419,-33,3,2,369200.0,True,2,0.818,0,True,2
901866,0,Cash loans,M,1,149600.0,305600.0,28011.3,Secondary / secondary special,Married,Laborers,-9854,-1660,0,0,0.0,False,3,0.587,0,True,0
901867,1,Revolving loans,M,1,167700.0,762000.0,23013.2,Secondary / secondary special,Civil marriage,Low-skill Laborers,-18378,-981,0,0,0.0,False,1,0.626,0,True,2
901868,0,Cash loans,F,0,113700.0,344300.0,8875.0,Secondary / secondary special,Married,,-22159,-6337,3,1,171700.0,True,4,0.848,0,True,0
901869,0,Cash loans,M,1,174700.0,770000.0,27043.7,Secondary / secondary special,Married,,-10037,-2456,9,3,2693500.0,True,2,0.67,0,True,0
901870,0,Cash loans,F,0,248100.0,900700.0,27146.9,Higher education,Single / not married,Laborers,-23609,-504,3,1,162000.0,True,2,0.937,0,True,1
901871,1,Cash loans,F,0,109300.0,389500.0,11079.8,Secondary / secondary special,Widow,Low-skill Laborers,-13952,-454,7,2,113200.0,True,1,0.856,0,True,3
901872,0,Revolving loans,M,0,111300.0,608500.0,17811.8,Secondary / secondary special,Married,,-15115,-4579,2,0,138500.0,True,3,0.908,0,True,0
901873,0,Cash loans,F,0,191900.0,840900.0,42463.7,Secondary / secondary special,Married,,-23335,-149,0,0,0.0,False,2,0.592,1,True,0
901874,0,Cash loans,M,0,106100.0,457300.0,45409.7,Secondary / secondary special,Widow,Laborers,-23368,-2920,0,0,0.0,False,3,0.745,0,True,2
901875,0,Revolving loans,F,0,97700.0,573400.0,19879.4,Secondary / secondary special,Married,Low-skill Laborers,-16860,-6176,0,0,0.0,False,4,0.476,0,True,0
901876,0,Cash loans,M,0,172900.0,469200.0,12210.0,Incomplete higher,Married,Laborers,-12513,-923,5,2,88500.0,True,2,0.798,0,True,0
901877,0,Cash loans,F,1,112900.0,519100.0,14173.1,Secondary / secondary special,Married,Core staff,-10677,-3263,4,2,349500.0,True,4,0.502,1,True,0
901878,0,Cash loans,F,0,257900.0,799500.0,78825.6,Secondary / secondary special,Separated,Accountants,-12423,-5190,4,1,113100.0,True,5,0.64,0,True,1
901879,0,Cash loans,M,3,110900.0,465200.0,12530.2,Higher education,Widow,Core staff,-21341,-3325,6,2,79500.0,True,5,0.477,0,True,1
901880,0,Cash loans,M,0,93000.0,481500.0,46630.9,Secondary / secondary special,Married,,-13351,-1595,2,0,34900.0,True,2,0.828,0,True,1
901881,0,Cash loans,M,0,139700.0,789700.0,30441.0,Secondary / secondary special,Single / not married,,-19833,-2010,3,1,325600.0,True,2,0.477,0,True,0
901882,0,Cash loans,F,1,174100.0,595800.0,16745.5,Higher education,Married,,-11084,-3579,4,1,880800.0,True,4,0.798,1,True,1
901883,0,Cash loans,F,1,164300.0,861700.0,38329.8,Secondary / secondary special,Married,Drivers,-16048,-3808,1,0,59000.0,True,4,0.357,0,True,0
901884,0,Cash loans,F,1,183300.0,551300.0,18066.2,Secondary / secondary special,Single / not married,Drivers,-13833,-1790,2,0,74400.0,True,0,0.0,0,False,0
901885,0,Cash loans,F,2,106200.0,475200.0,27994.5,Higher education,Married,,-16488,-336,5,2,54400.0,True,2,0.745,0,True,0
901886,0,Cash loans,F,1,247000.0,1346000.0,34421.1,Secondary / secondary special,Married,Laborers,-17650,-8819,3,2,369100.0,True,4,0.934,0,True,0
901887,0,Cash loans,M,0,61200.0,280600.0,24782.2,Higher education,Married,,-25026,-582,6,2,471800.0,True,4,0.682,0,True,1
901888,0,Cash loans,F,1,94700.0,442800.0,15285.8,Secondary / secondary special,Married,Laborers,-23431,-350,8,2,177500.0,True,5,0.803,1,True,0
901889,1,Cash loans,F,0,142700.0,751900.0,68087.3,Secondary / secondary special,Married,Laborers,-19856,-1854,4,2,40600.0,True,1,0.868,0,True,2
901890,0,Cash loans,M,1,98800.0,260400.0,23137.6,Secondary / secondary special,Widow,Low-skill Laborers,-10358,-120,5,2,230400.0,True,3,0.7,0,True,0
901891,0,Cash loans,M,0,119900.0,582800.0,32181.8,Higher education,Married,Laborers,-23766,-1454,6,2,194100.0,True,0,0.0,0,False,0
901892,0,Cash loans,F,0,85700.0,374500.0,35817.5,Secondary / secondary special,Single / not married,,-23303,-2983,2,2,216500.0,True,3,0.432,0,True,1
901893,1,Cash loans,M,0,126200.0,499300.0,30782.9,Secondary / secondary special,Married,Sales staff,-23200,-2078,6,3,47500.0,True,3,0.807,0,True,2
901894,0,Cash loans,M,0,176500.0,1039200.0,71088.1,Secondary / secondary special,Civil marriage,Medicine staff,-16057,-7350,5,3,44100.0,True,2,0.576,1,True,1
901895,0,Cash loans,F,0,107100.0,359500.0,9623.3,Secondary / secondary special,Married,Laborers,-10655,-4085,4,3,25100.0,True,4,0.952,0,True,2
901896,0,Cash loans,M,1,90200.0,230600.0,20509.8,Secondary / secondary special,Widow,High skill tech staff,-20882,-3985,6,3,533000.0,True,1,0.548,0,True,1
901897,0,Cash loans,M,0,111200.0,586800.0,20695.3,Higher education,Married,Laborers,-14471,-3782,8,2,552000.0,True,5,0.789,0,True,1
901898,0,Cash loans,M,0,243100.0,567200.0,18833.7,Secondary / secondary special,Married,Sales staff,-13701,-2351,7,3,25300.0,True,4,0.526,0,True,1
901899,0,Cash loans,F,0,242100.0,1175100.0,33932.2,Secondary / secondary special,Married,Sales staff,-14511,-652,2,1,62400.0,True,1,0.59,0,True,0
901900,0,Cash loans,F,0,110200.0,625600.0,29760.5,Secondary / secondary special,Married,Accountants,-17459,-88,2,0,62700.0,True,2,0.515,0,True,0
901901,0,Cash loans,M,0,180500.0,938100.0,60723.8,Secondary / secondary special,Married,Sales staff,-13508,-6938,2,0,407800.0,True,2,0.453,0,True,0
901902,0,Cash loans,F,0,138700.0,603200.0,44177.6,Secondary / secondary special,Civil marriage,Laborers,-19752,-1992,3,0,165000.0,True,5,0.773,1,True,0
901903,0,Revolving loans,F,0,266000.0,1504000.0,105352.6,Secondary / secondary special,Married,Drivers,-19013,-2677,2,1,818300.0,True,2,0.859,0,True,0
901904,0,Cash loans,F,0,154100.0,570200.0,22169.1,Higher education,Single / not married,,-16580,-4701,5,2,108900.0,True,3,0.596,0,True,1
901905,0,Cash loans,M,0,126600.0,233000.0,8350.1,Secondary / secondary special,Single / not married,,-8610,-2040,3,3,34400.0,True,5,0.832,1,True,1
901906,0,Cash loans,F,0,311600.0,1497900.0,44510.5,Secondary / secondary special,Married,,-24073,-2736,4,2,66700.0,True,2,0.6,0,True,0
901907,0,Cash loans,M,0,88200.0,416800.0,12210.8,Secondary / secondary special,Single / not married,Sales staff,-14877,-137,6,1,55100.0,True,1,0.648,0,True,0
901908,0,Cash loans,F,0,164200.0,885700.0,25102.5,Secondary / secondary special,Married,High skill tech staff,-15539,-1225,5,3,477000.0,True,1,0.879,1,True,0
901909,0,Cash loans,M,0,277200.0,922400.0,62364.6,Higher education,Separated,Sales staff,-15654,-1394,5,4,1243300.0,True,2,0.819,1,True,0
901910,0,Cash loans,F,1,195300.0,420400.0,12991.6,Higher education,Single / not married,Laborers,-14060,-3905,0,0,0.0,False,6,0.451,2,True,0
901911,0,Cash loans,M,0,95600.0,187600.0,15400.1,Secondary / secondary special,Civil marriage,,-19483,-1,5,2,69700.0,True,0,0.0,0,False,1
901912,0,Revolving loans,M,0,93100.0,284400.0,7809.6,Higher education,Married,Low-skill Laborers,-7908,-856,4,3,198900.0,True,3,0.564,0,True,1
901913,0,Cash loans,F,0,69200.0,350700.0,13613.7,Secondary / secondary special,Civil marriage,,-22968,-2160,0,0,0.0,False,5,0.836,1,True,0
901914,0,Cash loans,F,0,293900.0,1130400.0,38651.6,Secondary / secondary special,Widow,,-9459,-2082,4,2,120300.0,True,2,0.911,0,True,1
901915,0,Cash loans,M,0,79500.0,180200.0,6302.1,Secondary / secondary special,Married,High skill tech staff,-25179,-304,2,0,23800.0,True,4,0.935,1,True,0
901916,0,Cash loans,M,0,200000.0,517600.0,19357.2,Higher education,Married,Medicine staff,-18669,-325,7,0,254600.0,True,1,0.557,0,True,0
901917,0,Cash loans,F,0,68600.0,210500.0,8190.5,Secondary / secondary special,Civil marriage,,-8825,-1176,5,3,124900.0,True,2,0.623,0,True,0
901918,0,Cash loans,F,0,502800.0,1840900.0,48877.9,Secondary / secondary special,Married,Sales staff,-17518,-2595,7,5,369600.0,True,1,0.808,1,True,0
901919,0,Revolving loans,M,1,71200.0,375800.0,18375.5,Higher education,Married,Drivers,-13469,-4570,3,0,339200.0,True,5,0.55,0,True,0
901920,0,Cash loans,M,0,143000.0,853100.0,25569.6,Secondary / secondary special,Single / not married,,-24362,-315,0,0,0.0,False,3,0.949,0,True,0
901921,0,Cash loans,F,1,256600.0,1076900.0,51628.5,Secondary / secondary special,Civil marriage,Low-skill Laborers,-20900,-92,3,2,458000.0,True,1,0.679,0,True,1
901922,0,Revolving loans,F,0,98500.0,320300.0,28154.0,Secondary / secondary special,Married,Laborers,-16547,-4595,4,1,40800.0,True,4,0.786,1,True,1
901923,0,Cash loans,F,0,185600.0,431600.0,20224.8,Secondary / secondary special,Married,Laborers,-15194,-1101,5,2,2723000.0,True,5,0.628,1,True,0
901924,1,Cash loans,M,1,121600.0,462000.0,31803.7,Secondary / secondary special,Married,,-25112,-10738,6,3,34300.0,True,4,0.727,0,True,1
901925,0,Cash loans,M,1,170000.0,724000.0,31183.3,Secondary / secondary special,Married,,-19357,-3231,4,1,340500.0,True,2,0.967,0,True,0
901926,0,Cash loans,F,0,240300.0,714000.0,57302.5,Secondary / secondary special,Married,,-16669,-4094,4,0,589100.0,True,3,0.614,0,True,2
901927,0,Cash loans,F,0,113000.0,334200.0,9957.3,Secondary / secondary special,Single / not married,Laborers,-14636,-1647,5,1,182900.0,True,3,0.618,0,True,0
901928,1,Cash loans,F,0,295900.0,1547000.0,55796.8,Higher education,Civil marriage,Security staff,-13351,-101,4,1,48100.0,True,2,0.725,0,True,0
901929,0,Cash loans,F,1,167000.0,746500.0,67036.1,Higher education,Widow,Sales staff,-20023,-282,5,1,64000.0,True,3,0.703,1,True,1
901930,0,Cash loans,M,0,370900.0,1307900.0,44538.5,Secondary / secondary special,Widow,Laborers,-17964,-2091,3,2,48700.0,True,4,0.727,0,True,1
901931,1,Revolving loans,M,0,92400.0,370500.0,9588.7,Secondary / secondary special,Widow,Laborers,-22525,-2366,6,2,149200.0,True,0,0.0,0,False,1
901932,0,Cash loans,F,1,101600.0,383200.0,32204.9,Secondary / secondary special,Married,,-17363,-356,4,1,358500.0,True,6,0.518,2,True,1
901933,0,Cash loans,F,0,124600.0,284700.0,13752.7,Higher education,Married,Core staff,-17867,-173,3,1,255400.0,True,4,0.625,0,True,1
901934,0,Cash loans,F,0,76300.0,413300.0,11217.9,Higher education,Married,Sales staff,-16028,-324,3,2,159400.0,True,4,0.826,1,True,0
901935,0,Cash loans,M,0,222400.0,424700.0,38598.0,Higher education,Single / not married,Laborers,-21026,-506,4,3,32300.0,True,2,0.824,0,True,1
901936,0,Cash loans,F,0,134800.0,331400.0,8823.7,Higher education,Widow,Managers,-14935,-8365,3,2,974500.0,True,4,0.682,0,True,0
901937,0,Cash loans,F,0,78900.0,317800.0,8012.6,Higher education,Married,Laborers,-22590,-2209,4,1,123700.0,True,2,0.776,0,True,0
901938,0,Cash loans,M,1,92800.0,331800.0,15290.8,Secondary / secondary special,Married,Drivers,-13394,-3214,1,0,98700.0,True,3,0.513,1,True,0
901939,0,Cash loans,F,0,90600.0,378600.0,15808.0,Secondary / secondary special,Married,Core staff,-19799,-3379,5,3,193300.0,True,1,0.761,0,True,0
901940,0,Cash loans,M,0,222200.0,1252900.0,31602.9,Secondary / secondary special,Married,,-23309,-4665,6,2,24200.0,True,1,0.721,0,True,1
901941,0,Cash loans,F,0,176000.0,490500.0,41578.3,Secondary / secondary special,Civil marriage,,-21139,-1555,6,1,140700.0,True,4,0.678,1,True,0
901942,0,Cash loans,F,0,131000.0,285300.0,14597.7,Higher education,Married,,-13667,-863,5,3,119200.0,True,9,0.79,3,True,0
901943,0,Cash loans,M,1,116600.0,238500.0,20035.3,Secondary / secondary special,Married,Security staff,-20040,-3250,4,1,124200.0,True,1,0.595,0,True,0
901944,0,Cash loans,M,0,124200.0,219300.0,6770.6,Secondary / secondary special,Widow,High skill tech staff,-11291,-4721,6,2,574300.0,True,2,0.662,0,True,0
901945,0,Revolving loans,M,0,341100.0,1725400.0,58416.5,Secondary / secondary special,Married,Low-skill Laborers,-8684,-2114,7,3,37900.0,True,3,0.3,0,True,0
901946,1,Cash loans,F,0,124500.0,443000.0,12338.6,Secondary / secondary special,Married,Managers,-21530,-572,0,0,0.0,False,3,0.606,0,True,2
901947,0,Cash loans,F,2,215000.0,570000.0,36288.0,Secondary / secondary special,Single / not married,Security staff,-21821,-724,6,1,76200.0,True,3,0.523,0,True,0
901948,0,Cash loans,F,2,118700.0,538100.0,20418.8,Secondary / secondary special,Married,Laborers,-8066,-698,0,0,0.0,False,7,0.865,1,True,0
901949,0,Cash loans,F,0,324700.0,1622900.0,51700.4,Secondary / secondary special,Married,Core staff,-24270,-2801,3,1,374500.0,True,1,0.641,0,True,0
901950,0,Cash loans,F,1,76100.0,435100.0,23575.6,Secondary / secondary special,Married,Laborers,-15477,-1757,0,0,0.0,False,5,0.742,0,True,2
901951,1,Cash loans,F,0,209600.0,691100.0,18836.2,Secondary / secondary special,Married,Accountants,-23525,-6387,0,0,0.0,False,4,0.834,2,True,0
901952,0,Cash loans,F,1,95800.0,440900.0,27666.0,Secondary / secondary special,Married,Low-skill Laborers,-21473,-645,5,3,11300.0,True,2,0.854,0,True,1
901953,0,Cash loans,F,0,423400.0,1150700.0,84946.6,Secondary / secondary special,Civil marriage,Managers,-23444,-7635,5,1,355500.0,True,7,0.661,1,True,1
901954,0,Cash loans,F,0,198400.0,1070300.0,58075.3,Incomplete higher,Married,Drivers,-22265,-450,0,0,0.0,False,3,0.875,0,True,0
901955,0,Cash loans,F,0,59700.0,333700.0,9835.0,Secondary / secondary special,Widow,Medicine staff,-24729,-1,0,0,0.0,False,3,0.689,1,True,1
901956,0,Cash loans,M,0,87900.0,381100.0,12127.2,Secondary / secondary special,Married,,-18686,-3597,0,0,0.0,False,2,0.462,1,True,0
901957,0,Cash loans,M,0,197200.0,880600.0,23971.8,Higher education,Civil marriage,Laborers,-11646,-4274,3,0,12200.0,True,7,0.742,0,True,0
901958,0,Cash loans,F,0,194500.0,869100.0,30490.8,Higher education,Separated,Managers,-14490,-1686,7,1,174800.0,True,2,0.846,0,True,0
901959,0,Cash loans,F,0,187400.0,780000.0,20775.0,Secondary / secondary special,Married,Core staff,-20837,-718,6,2,94300.0,True,5,0.825,0,True,0
901960,0,Cash loans,M,0,151400.0,526000.0,20003.0,Secondary / secondary special,Married,Sales staff,-10415,-66,4,4,263900.0,True,2,0.846,2,True,0
901961,0,Cash loans,F,0,119400.0,576900.0,15363.3,Higher education,Single / not married,Laborers,-23955,-3118,6,2,273000.0,True,3,0.588,1,True,1
901962,0,Cash loans,M,0,241100.0,1421200.0,39362.5,Secondary / secondary special,Married,,-11261,-548,5,4,295100.0,True,3,0.693,0,True,0
901963,0,Cash loans,F,0,90900.0,441400.0,18237.2,Higher education,Civil marriage,Security staff,-23012,-1046,2,2,262000.0,True,4,0.717,1,True,0
901964,0,Cash loans,F,0,143800.0,416000.0,40807.7,Secondary / secondary special,Married,Managers,-16139,-2682,5,3,258000.0,True,3,0.575,0,True,0
901965,1,Cash loans,F,0,102700.0,385300.0,9736.5,Higher education,Separated,Core staff,-22392,-459,3,1,428800.0,True,3,0.855,0,True,2
901966,1,Cash loans,M,1,98700.0,413200.0,16585.9,Higher education,Married,,-24454,-35,4,2,222600.0,True,5,0.712,0,True,0
901967,0,Cash loans,F,0,111300.0,208100.0,6457.0,Higher education,Married,,-15061,-435,4,2,189900.0,True,2,0.867,0,True,0
901968,0,Cash loans,F,0,96900.0,359900.0,15270.4,Higher education,Married,Laborers,-19869,-3429,2,0,124800.0,True,2,0.615,0,True,0
901969,0,Cash loans,F,0,184300.0,361400.0,17323.0,Secondary / secondary special,Married,,-11637,-1050,1,0,199200.0,True,3,0.921,1,True,0
901970,0,Cash loans,F,0,66900.0,254000.0,12242.8,Secondary / secondary special,Married,,-21694,-4142,2,2,265700.0,True,1,0.306,1,True,2
901971,0,Cash loans,M,1,173700.0,328500.0,15900.6,Secondary / secondary special,Married,,-22030,-278,3,1,257300.0,True,1,0.383,0,True,1
901972,1,Cash loans,F,1,102000.0,318900.0,11645.9,Secondary / secondary special,Civil marriage,,-12837,-1780,0,0,0.0,False,2,0.656,0,True,0
901973,0,Cash loans,F,2,142100.0,823500.0,24055.5,Secondary / secondary special,Married,,-8087,-401,5,3,1548100.0,True,2,0.766,1,True,0
901974,0,Cash loans,F,0,128800.0,197500.0,7295.5,Secondary / secondary special,Married,Managers,-15219,-742,4,0,808400.0,True,0,0.0,0,False,0
901975,0,Cash loans,F,0,109100.0,298300.0,11571.1,Secondary / secondary special,Separated,Core staff,-10643,-522,3,1,60900.0,True,0,0.0,0,False,1
901976,0,Revolving loans,M,0,256800.0,814800.0,42439.6,Secondary / secondary special,Separated,Sales staff,-22006,-3094,3,0,148600.0,True,3,0.84,1,True,1
901977,0,Cash loans,M,0,116300.0,483200.0,20230.6,Higher education,Single / not married,Low-skill Laborers,-12239,-5137,2,1,882300.0,True,1,0.822,0,True,0
901978,0,Cash loans,F,0,199000.0,1163100.0,75555.9,Higher education,Married,Laborers,-24198,-772,0,0,0.0,False,1,0.749,1,True,0
901979,0,Cash loans,F,1,200300.0,877100.0,27120.9,Secondary / secondary special,Separated,Accountants,-24691,-7575,5,1,38500.0,True,4,0.492,2,True,0
901980,0,Cash loans,M,1,122200.0,674800.0,20146.1,Higher education,Married,,-23587,-78,4,2,2847000.0,True,2,0.887,0,True,1
901981,0,Cash loans,F,0,74600.0,166500.0,9705.7,Secondary / secondary special,Married,,-18170,-8351,0,0,0.0,False,4,0.421,0,True,0
901982,1,Cash loans,F,1,90100.0,252200.0,9337.2,Secondary / secondary special,Separated,Laborers,-12350,-4622,3,2,16300.0,True,2,0.799,0,True,3
901983,0,Cash loans,F,1,265300.0,1457000.0,78570.2,Higher education,Married,Low-skill Laborers,-21808,-1900,3,0,60700.0,True,1,0.792,1,True,0
901984,0,Cash loans,F,0,179100.0,272800.0,6937.6,Secondary / secondary special,Married,Medicine staff,-19956,-4730,7,2,93600.0,True,3,0.722,0,True,0
901985,0,Cash loans,F,0,150100.0,531700.0,28035.7,Secondary / secondary special,Married,Laborers,-24784,-1196,4,2,365200.0,True,5,0.519,2,True,0
901986,0,Cash loans,F,0,105400.0,372900.0,10381.0,Incomplete higher,Married,High skill tech staff,-14274,-1641,0,0,0.0,False,4,0.847,0,True,1
901987,0,Revolving loans,M,0,332800.0,1916300.0,61796.9,Secondary / secondary special,Married,,-8694,-2124,6,3,31800.0,True,1,0.71,0,True,1
901988,0,Cash loans,F,2,90700.0,319400.0,8196.5,Secondary / secondary special,Civil marriage,Core staff,-25156,-255,2,1,5900.0,True,2,0.948,1,True,0
901989,0,Cash loans,M,1,150100.0,837300.0,26510.3,Secondary / secondary special,Separated,,-22351,-4820,0,0,0.0,False,0,0.0,0,False,1
901990,0,Revolving loans,F,0,179900.0,743700.0,26302.3,Secondary / secondary special,Widow,Sales staff,-11545,-869,3,1,160100.0,True,5,0.784,1,True,1
901991,0,Cash loans,M,0,72900.0,207800.0,8726.2,Secondary / secondary special,Married,,-20378,-1643,2,1,564400.0,True,3,0.703,0,True,1
901992,0,Cash loans,F,1,95800.0,207600.0,8602.0,Higher education,Single / not married,Sales staff,-7677,-761,7,5,74300.0,True,2,0.93,1,True,0
901993,0,Cash loans,F,0,111400.0,412800.0,41126.7,Secondary / secondary special,Civil marriage,Laborers,-17437,-4043,4,1,111000.0,True,0,0.0,0,False,1
901994,0,Cash loans,F,0,215400.0,340200.0,8524.7,Secondary / secondary special,Married,Sales staff,-14021,-2474,4,1,82400.0,True,0,0.0,0,False,0
901995,0,Cash loans,F,0,112500.0,338400.0,12520.0,Secondary / secondary special,Married,,-14345,-1386,4,1,76000.0,True,3,0.658,1,True,0
901996,0,Cash loans,F,0,68300.0,263200.0,9533.1,Secondary / secondary special,Married,Sales staff,-11948,-5378,5,2,227400.0,True,5,0.874,0,True,2
901997,0,Cash loans,F,0,65100.0,261200.0,16946.4,Secondary / secondary special,Married,Laborers,-12480,-2233,5,1,90100.0,True,1,0.718,0,True,2
901998,0,Cash loans,F,0,95400.0,333700.0,14534.0,Lower secondary,Married,,-15630,-2735,3,2,23400.0,True,1,0.621,1,True,0
901999,0,Cash loans,F,1,66500.0,388200.0,23424.3,Higher education,Single / not married,Sales staff,-12012,-5442,6,2,631400.0,True,2,0.624,0,True,1
902000,0,Cash loans,F,1,205600.0,445600.0,26900.6,Secondary / secondary special,Married,,-15837,-3444,4,2,189900.0,True,2,0.432,0,True,1
902001,0,Cash loans,F,0,209700.0,1255800.0,47521.0,Secondary / secondary special,Married,Laborers,-17780,-5786,3,3,307400.0,True,3,0.906,0,True,2
902002,0,Cash loans,M,0,140500.0,647900.0,37609.8,Higher education,Married,Laborers,-20123,-235,2,1,630000.0,True,2,0.473,0,True,1
902003,0,Cash loans,M,0,122700.0,639600.0,21321.4,Secondary / secondary special,Married,Sales staff,-19528,-1519,0,0,0.0,False,3,0.717,0,True,0
902004,1,Cash loans,M,1,202800.0,883100.0,41461.9,Secondary / secondary special,Married,Laborers,-11904,-2490,2,1,119100.0,True,3,0.888,0,True,1
902005,0,Cash loans,M,0,198700.0,490200.0,23013.1,Secondary / secondary special,Separated,,-8351,-1781,1,1,45500.0,True,2,0.612,0,True,0
902006,0,Cash loans,F,2,85500.0,417100.0,13426.2,Secondary / secondary special,Married,,-22253,-1191,0,0,0.0,False,1,0.691,0,True,0
902007,0,Cash loans,F,0,91600.0,487000.0,16167.8,Incomplete higher,Single / not married,Sales staff,-22947,-5276,3,1,27000.0,True,1,0.928,0,True,0
902008,0,Cash loans,F,0,199300.0,973300.0,44020.3,Secondary / secondary special,Married,High skill tech staff,-24815,-1975,3,0,185900.0,True,3,0.822,0,True,1
902009,0,Revolving loans,F,0,160300.0,870900.0,22977.3,Secondary / secondary special,Married,,-24479,-1737,4,0,264700.0,True,5,0.514,1,True,1
902010,0,Cash loans,M,1,189800.0,339000.0,17080.2,Secondary / secondary special,Civil marriage,,-18769,-3558,4,3,35000.0,True,3,0.504,0,True,0
902011,0,Cash loans,M,0,89500.0,521700.0,16535.1,Higher education,Married,Drivers,-23332,-358,3,3,579200.0,True,4,0.71,0,True,1
902012,0,Revolving loans,F,0,96100.0,550300.0,16275.9,Secondary / secondary special,Married,Laborers,-15514,-584,5,2,16900.0,True,3,0.664,1,True,1
902013,1,Cash loans,M,0,176500.0,977200.0,59052.6,Higher education,Single / not married,,-21459,-1212,3,1,34800.0,True,2,0.728,0,True,1
902014,0,Cash loans,M,0,99600.0,435100.0,17960.0,Higher education,Married,,-24402,-1590,6,1,144400.0,True,3,0.844,0,True,0
902015,0,Cash loans,F,0,65500.0,347800.0,32722.1,Higher education,Separated,Low-skill Laborers,-21615,-2630,5,3,328600.0,True,3,0.87,1,True,0
902016,0,Cash loans,F,1,100300.0,423500.0,21278.4,Secondary / secondary special,Widow,Sales staff,-14949,-2487,6,0,33300.0,True,3,0.825,1,True,2
902017,0,Cash loans,M,1,126400.0,469600.0,25945.8,Higher education,Married,,-14283,-1521,6,1,332500.0,True,1,0.672,0,True,0
902018,0,Cash loans,M,0,327800.0,1865000.0,56268.8,Secondary / secondary special,Married,Laborers,-12772,-1215,4,3,368700.0,True,6,0.787,0,True,0
902019,0,Cash loans,F,1,92100.0,224200.0,13488.4,Higher education,Married,,-14095,-520,4,1,97100.0,True,1,0.649,0,True,0
902020,0,Cash loans,F,0,135700.0,723600.0,67229.9,Secondary / secondary special,Married,,-22041,-1544,3,1,173200.0,True,0,0.0,0,False,0
902021,0,Cash loans,M,2,388800.0,1354000.0,126428.7,Secondary / secondary special,Married,Low-skill Laborers,-19955,-844,3,1,541900.0,True,0,0.0,0,False,0
902022,0,Cash loans,M,0,81000.0,227900.0,6924.6,Secondary / secondary special,Married,Laborers,-12042,-439,3,0,803900.0,True,3,0.5,0,True,0
902023,0,Cash loans,F,0,194800.0,735900.0,51457.5,Higher education,Civil marriage,Managers,-20131,-95,3,2,85000.0,True,5,0.526,1,True,1
902024,0,Cash loans,M,0,98100.0,428500.0,14614.0,Secondary / secondary special,Separated,Medicine staff,-14312,-1925,5,3,60000.0,True,2,0.851,1,True,0
902025,0,Cash loans,F,0,171100.0,397300.0,24758.8,Secondary / secondary special,Married,,-17437,-4249,1,0,125800.0,True,2,0.598,0,True,0
902026,0,Cash loans,M,0,449900.0,2195600.0,131878.4,Higher education,Married,,-14153,-3637,2,0,45700.0,True,3,0.575,0,True,0
902027,0,Cash loans,F,1,208000.0,681400.0,19928.0,Secondary / secondary special,Widow,,-16803,-3138,1,1,594000.0,True,2,0.563,0,True,0
902028,0,Cash loans,M,0,151000.0,704700.0,23134.4,Secondary / secondary special,Married,Managers,-20451,-1806,2,0,256800.0,True,5,0.638,3,True,0
902029,0,Cash loans,M,1,87000.0,192000.0,6478.7,Secondary / secondary special,Married,Laborers,-20474,-4502,8,4,149300.0,True,0,0.0,0,False,1
902030,0,Cash loans,M,0,128200.0,224600.0,5932.3,Higher education,Married,Laborers,-20860,-295,4,3,513200.0,True,4,0.661,0,True,0
902031,0,Cash loans,F,0,105500.0,234900.0,6505.8,Secondary / secondary special,Married,,-14515,-203,2,2,351200.0,True,1,0.705,0,True,0
902032,0,Cash loans,M,0,67800.0,156800.0,4428.8,Secondary / secondary special,Married,,-19762,-187,6,3,438100.0,True,4,0.553,1,True,1
902033,0,Cash loans,F,0,48300.0,238000.0,16898.8,Higher education,Married,Laborers,-11847,-1274,7,5,276200.0,True,4,0.866,2,True,0
902034,0,Cash loans,F,0,92400.0,343400.0,22924.9,Higher education,Married,,-16029,-294,5,3,711600.0,True,4,0.604,0,True,0
902035,0,Cash loans,M,0,137800.0,680500.0,17244.2,Secondary / secondary special,Civil marriage,Drivers,-17881,-1587,8,5,33200.0,True,0,0.0,0,False,1
902036,0,Cash loans,F,2,245000.0,1191000.0,43633.1,Secondary / secondary special,Married,Cleaning staff,-19692,-1362,3,1,266500.0,True,3,0.888,0,True,1
902037,0,Cash loans,F,0,96800.0,252000.0,9515.9,Secondary / secondary special,Civil marriage,Security staff,-23643,-2203,0,0,0.0,False,0,0.0,0,False,0
902038,0,Cash loans,F,0,154100.0,862800.0,34277.8,Secondary / secondary special,Single / not married,Laborers,-13004,-1858,5,1,105800.0,True,1,0.707,1,True,0
902039,0,Cash loans,F,3,59800.0,296700.0,9250.5,Secondary / secondary special,Married,,-22474,-2235,2,2,80000.0,True,2,0.322,0,True,1
902040,0,Revolving loans,F,0,93800.0,176700.0,6347.1,Higher education,Widow,Laborers,-13115,-609,5,1,99900.0,True,4,0.673,0,True,0
902041,1,Cash loans,M,0,41200.0,167900.0,11581.9,Secondary / secondary special,Married,,-17334,-916,2,1,150300.0,True,2,0.685,0,True,3
902042,0,Cash loans,F,0,427800.0,1436200.0,109854.3,Secondary / secondary special,Married,Cooking staff,-22173,-3262,2,1,492500.0,True,3,0.827,0,True,2
902043,0,Cash loans,F,0,154600.0,551600.0,28902.5,Secondary / secondary special,Married,Core staff,-20334,-1960,5,2,151000.0,True,5,0.856,1,True,0
902044,0,Cash loans,F,0,152100.0,479400.0,13279.2,Higher education,Married,,-22782,-1350,0,0,0.0,False,0,0.0,0,False,2
902045,0,Cash loans,F,0,183000.0,683200.0,30960.5,Secondary / secondary special,Married,Drivers,-21941,-5768,0,0,0.0,False,3,0.306,1,True,1
902046,0,Cash loans,F,0,496600.0,1539600.0,42567.6,Secondary / secondary special,Separated,,-12506,-381,4,1,420400.0,True,2,0.714,0,True,0
902047,0,Cash loans,F,1,112600.0,403400.0,14840.1,Secondary / secondary special,Separated,Drivers,-25061,-5828,3,0,158300.0,True,1,0.56,0,True,0
902048,0,Cash loans,M,1,85700.0,338600.0,8937.4,Lower secondary,Married,Laborers,-24081,-13,4,0,114800.0,True,3,0.468,0,True,1
902049,0,Cash loans,M,1,380600.0,1822200.0,49878.0,Secondary / secondary special,Married,Accountants,-15201,-754,4,4,34800.0,True,7,0.134,1,True,0
902050,0,Cash loans,F,0,75700.0,165200.0,7763.5,Secondary / secondary special,Married,Low-skill Laborers,-8492,-182,6,2,10300.0,True,2,0.916,0,True,0
902051,1,Cash loans,F,0,267900.0,562800.0,21210.1,Higher education,Married,Laborers,-12982,-4094,0,0,0.0,False,1,0.328,0,True,1
902052,1,Cash loans,F,0,134900.0,504600.0,16125.8,Secondary / secondary special,Married,Sales staff,-22314,-380,2,0,9300.0,True,3,0.861,0,True,1
902053,0,Cash loans,F,2,173900.0,632500.0,55630.6,Secondary / secondary special,Married,,-24324,-109,3,0,135300.0,True,2,0.908,2,True,1
902054,0,Cash loans,F,0,68300.0,275800.0,18638.8,Secondary / secondary special,Married,Drivers,-22235,-5973,4,1,310400.0,True,2,0.65,0,True,0
902055,0,Cash loans,F,0,512100.0,2181700.0,68388.9,Secondary / secondary special,Married,Sales staff,-14615,-3889,2,1,153900.0,True,1,0.785,0,True,0
902056,0,Cash loans,F,0,115600.0,316000.0,8441.0,Secondary / secondary special,Single / not married,Low-skill Laborers,-8655,-2085,4,1,6700.0,True,4,0.906,1,True,0
902057,1,Revolving loans,F,0,98600.0,435300.0,22779.3,Secondary / secondary special,Married,Medicine staff,-16733,-2084,0,0,0.0,False,1,0.741,0,True,3
902058,0,Revolving loans,M,1,184200.0,687200.0,31493.4,Secondary / secondary special,Married,,-14259,-2488,3,1,266200.0,True,4,0.717,0,True,0
902059,0,Cash loans,F,0,101400.0,378400.0,10443.6,Higher education,Separated,,-9819,-2763,5,4,592700.0,True,3,0.949,0,True,2
902060,0,Cash loans,F,0,173100.0,722300.0,40160.1,Higher education,Single / not married,Core staff,-9519,-1191,2,1,260600.0,True,3,0.615,0,True,0
902061,0,Cash loans,M,0,74500.0,317000.0,8390.1,Secondary / secondary special,Married,Laborers,-10346,-3776,0,0,0.0,False,2,0.489,0,True,1
902062,0,Cash loans,F,0,150600.0,644000.0,45246.4,Secondary / secondary special,Married,,-11271,-2635,3,0,245400.0,True,2,0.635,0,True,0
902063,0,Cash loans,F,0,103600.0,542600.0,30895.0,Secondary / secondary special,Single / not married,Sales staff,-20871,-1039,2,1,1113100.0,True,2,0.94,0,True,0
902064,1,Cash loans,F,0,94600.0,354500.0,32043.3,Academic degree,Single / not married,Sales staff,-14352,-2607,4,0,150800.0,True,3,0.937,0,True,3
902065,0,Revolving loans,M,0,87400.0,501200.0,39141.2,Secondary / secondary special,Married,Sales staff,-15320,-7447,6,2,28500.0,True,2,0.944,0,True,1
902066,0,Cash loans,F,0,218000.0,1255400.0,71115.4,Secondary / secondary special,Married,,-18148,-586,0,0,0.0,False,1,0.623,0,True,0
902067,0,Cash loans,F,1,117500.0,353600.0,11924.1,Higher education,Married,,-24486,-110,3,1,64400.0,True,2,0.878,0,True,0
902068,0,Cash loans,F,0,127700.0,698000.0,43554.1,Secondary / secondary special,Married,,-20918,-2089,0,0,0.0,False,4,0.552,0,True,0
902069,0,Cash loans,F,2,173300.0,588200.0,15406.3,Secondary / secondary special,Separated,Managers,-18977,-538,5,3,66900.0,True,3,0.51,0,True,0
902070,0,Revolving loans,F,0,247600.0,1457000.0,71212.3,Secondary / secondary special,Married,Laborers,-20696,-3273,4,0,3043400.0,True,2,0.824,0,True,0
902071,0,Cash loans,F,0,88200.0,500400.0,19577.6,Higher education,Married,Laborers,-20267,-3457,0,0,0.0,False,0,0.0,0,False,0
902072,0,Cash loans,F,1,156300.0,543600.0,18151.0,Higher education,Separated,Low-skill Laborers,-19758,-3152,4,2,83900.0,True,1,0.7,0,True,0
902073,0,Cash loans,F,0,88800.0,272800.0,19360.5,Secondary / secondary special,Married,Security staff,-16362,-618,5,2,3142700.0,True,4,0.692,0,True,0
902074,0,Cash loans,M,1,126100.0,578400.0,18882.7,Secondary / secondary special,Widow,,-17596,-4345,2,0,272400.0,True,3,0.742,0,True,0
902075,0,Cash loans,F,0,238500.0,752200.0,55239.8,Higher education,Civil marriage,Drivers,-15750,-4740,4,2,211400.0,True,1,0.569,0,True,0
902076,0,Cash loans,F,0,43300.0,193600.0,5565.1,Secondary / secondary special,Single / not married,,-14584,-6014,4,1,260900.0,True,1,0.6,0,True,0
902077,0,Cash loans,F,0,88300.0,299900.0,12170.1,Secondary / secondary special,Single / not married,Managers,-12408,-2959,0,0,0.0,False,1,0.546,0,True,1
902078,0,Cash loans,F,0,124700.0,468700.0,36958.3,Higher education,Civil marriage,,-13888,-3405,5,4,86300.0,True,3,0.806,1,True,0
902079,0,Cash loans,F,0,169300.0,542500.0,17371.6,Higher education,Married,,-15172,-92,3,2,205100.0,True,1,0.907,0,True,1
902080,0,Cash loans,F,1,257600.0,1309900.0,106518.7,Secondary / secondary special,Single / not married,Cooking staff,-17815,-7179,1,0,263200.0,True,3,0.826,0,True,1
902081,0,Cash loans,M,1,59900.0,252000.0,6422.7,Secondary / secondary special,Married,Sales staff,-16422,-1201,4,2,22400.0,True,2,0.654,0,True,0
902082,0,Cash loans,F,0,284100.0,1299600.0,55047.7,Higher education,Civil marriage,Laborers,-9556,-2649,6,2,86900.0,True,1,0.819,0,True,0
902083,0,Cash loans,F,0,181600.0,943300.0,43900.0,Secondary / secondary special,Married,Medicine staff,-13621,-1425,4,0,22200.0,True,1,0.851,0,True,2
902084,0,Cash loans,M,1,124100.0,630800.0,32453.0,Secondary / secondary special,Single / not married,,-14255,-959,7,1,53300.0,True,2,0.911,2,True,0
902085,0,Cash loans,F,0,67200.0,254900.0,10848.0,Secondary / secondary special,Married,,-20050,-6917,6,3,254800.0,True,2,0.791,0,True,0
902086,0,Cash loans,F,0,105200.0,278100.0,8317.7,Secondary / secondary special,Married,Laborers,-13497,-1062,3,0,89400.0,True,7,0.955,0,True,0
902087,0,Cash loans,M,1,233700.0,732700.0,28615.9,Secondary / secondary special,Civil marriage,Managers,-7804,-713,4,3,110200.0,True,6,0.657,1,True,0
902088,0,Revolving loans,F,0,141900.0,565400.0,19297.3,Higher education,Married,Core staff,-9142,-1607,3,0,7200.0,True,3,0.98,0,True,1
902089,0,Cash loans,F,0,127900.0,329300.0,28093.1,Higher education,Married,Laborers,-16372,-194,2,1,32500.0,True,4,0.45,2,True,1
902090,0,Cash loans,F,1,86100.0,431700.0,12143.3,Secondary / secondary special,Single / not married,Sales staff,-10967,-167,4,2,39900.0,True,4,0.735,1,True,2
902091,0,Cash loans,F,0,202100.0,511700.0,19793.4,Secondary / secondary special,Married,Sales staff,-16330,-1609,4,4,21700.0,True,3,0.76,0,True,0
902092,0,Cash loans,F,1,129900.0,390800.0,15196.3,Academic degree,Married,Laborers,-17725,-2050,2,0,176800.0,True,4,0.909,1,True,0
902093,0,Cash loans,M,0,124400.0,540800.0,30778.8,Secondary / secondary special,Married,,-24018,-4126,3,1,157300.0,True,4,0.897,0,True,1
902094,0,Cash loans,M,0,133500.0,619400.0,50282.6,Secondary / secondary special,Separated,,-19150,-1371,2,1,362000.0,True,4,0.91,1,True,0
902095,0,Cash loans,F,1,101400.0,332200.0,16542.2,Secondary / secondary special,Married,Managers,-8208,-1638,0,0,0.0,False,0,0.0,0,False,0
902096,0,Cash loans,M,2,93100.0,456200.0,13202.2,Secondary / secondary special,Married,High skill tech staff,-14335,-4808,2,1,678900.0,True,1,0.689,0,True,0
902097,1,Cash loans,M,0,65500.0,364100.0,13785.9,Secondary / secondary special,Widow,Laborers,-21566,-5022,3,1,221300.0,True,4,0.587,1,True,0
902098,0,Revolving loans,F,0,102700.0,230000.0,12843.1,Higher education,Civil marriage,Laborers,-12230,-538,5,0,184900.0,True,4,0.595,0,True,0
902099,0,Cash loans,F,0,56900.0,319900.0,11510.2,Secondary / secondary special,Single / not married,Core staff,-23870,-1881,5,3,204500.0,True,3,0.616,1,True,0
902100,0,Cash loans,F,0,178500.0,700000.0,34081.6,Secondary / secondary special,Married,,-16933,-1524,6,3,49200.0,True,1,0.885,0,True,0
902101,0,Cash loans,F,0,100300.0,353000.0,21124.1,Higher education,Civil marriage,Sales staff,-9284,-1376,6,1,202100.0,True,6,0.607,0,True,0
902102,0,Cash loans,M,0,115100.0,584900.0,18166.5,Secondary / secondary special,Separated,Laborers,-11899,-1195,6,3,85100.0,True,3,0.935,0,True,0
902103,0,Revolving loans,M,0,137400.0,690900.0,46006.3,Secondary / secondary special,Separated,Laborers,-23543,-425,6,2,38800.0,True,3,0.577,0,True,0
902104,0,Cash loans,M,0,93700.0,428300.0,15548.4,Higher education,Married,,-25035,-4851,0,0,0.0,False,1,0.823,0,True,0
902105,0,Cash loans,F,0,77800.0,259700.0,8113.0,Secondary / secondary special,Single / not married,Cooking staff,-22785,-457,5,1,10400.0,True,1,0.634,0,True,1
902106,0,Cash loans,F,0,156400.0,422700.0,35673.1,Secondary / secondary special,Single / not married,,-13283,-703,4,1,113100.0,True,0,0.0,0,False,0
902107,0,Cash loans,F,0,360000.0,1123800.0,36402.3,Secondary / secondary special,Civil marriage,,-21134,-141,3,0,70800.0,True,0,0.0,0,False,1
902108,0,Cash loans,F,1,220700.0,900400.0,87049.2,Secondary / secondary special,Single / not married,Laborers,-11558,-1401,0,0,0.0,False,4,0.648,0,True,0
902109,0,Cash loans,F,1,265500.0,1072100.0,31207.2,Secondary / secondary special,Married,Drivers,-14401,-3651,3,1,42000.0,True,2,0.357,0,True,2
902110,0,Revolving loans,F,0,73100.0,413600.0,22547.8,Higher education,Single / not married,Drivers,-19879,-66,9,2,80700.0,True,2,0.635,0,True,0
902111,0,Cash loans,F,1,127200.0,452200.0,30951.1,Secondary / secondary special,Married,Sales staff,-24640,-109,7,2,44800.0,True,4,0.938,0,True,1
902112,0,Cash loans,F,0,126800.0,570600.0,41018.7,Secondary / secondary special,Married,Sales staff,-15359,-2097,7,2,166000.0,True,2,0.489,1,True,0
902113,0,Cash loans,F,1,286000.0,1278500.0,55415.6,Higher education,Married,Laborers,-16352,-326,5,0,337300.0,True,5,0.893,0,True,1
902114,0,Cash loans,F,0,221400.0,1061100.0,56913.1,Secondary / secondary special,Married,,-11522,-749,2,1,87600.0,True,0,0.0,0,False,0
902115,1,Cash loans,M,2,129000.0,769000.0,31957.0,Higher education,Married,,-14729,-1243,2,1,496600.0,True,5,0.605,2,True,4
902116,0,Cash loans,F,0,44600.0,227900.0,6443.9,Higher education,Married,Laborers,-8769,-899,0,0,0.0,False,2,0.355,0,True,1
902117,0,Cash loans,F,0,78400.0,131600.0,10008.3,Secondary / secondary special,Single / not married,Sales staff,-22707,-374,6,3,17900.0,True,2,0.93,2,True,0
902118,0,Cash loans,F,1,192100.0,989700.0,55551.5,Secondary / secondary special,Widow,Core staff,-8073,-42,4,3,671000.0,True,2,0.768,1,True,1
902119,0,Revolving loans,F,0,119300.0,715700.0,53412.7,Secondary / secondary special,Married,Low-skill Laborers,-19640,-3223,6,2,15800.0,True,3,0.918,1,True,1
902120,0,Cash loans,F,0,132500.0,221400.0,7605.0,Higher education,Married,Sales staff,-12451,-2723,3,1,81000.0,True,2,0.601,1,True,1
902121,1,Cash loans,M,1,190300.0,796900.0,27774.4,Secondary / secondary special,Married,Core staff,-16006,-2367,2,1,355000.0,True,5,0.459,1,True,1
902122,0,Cash loans,F,1,246500.0,1034600.0,29180.9,Higher education,Civil marriage,Cleaning staff,-12597,-242,8,3,586100.0,True,1,0.641,0,True,0
902123,0,Cash loans,F,0,94800.0,366100.0,11481.6,Higher education,Married,,-14674,-191,2,1,125400.0,True,3,0.557,2,True,1
902124,0,Cash loans,F,0,188200.0,1023600.0,33036.7,Secondary / secondary special,Married,Laborers,-17244,-262,5,2,79800.0,True,2,0.721,0,True,1
902125,0,Cash loans,F,0,313400.0,1618500.0,109244.3,Incomplete higher,Married,Managers,-18893,-7273,2,0,1510800.0,True,3,0.359,1,True,2
902126,0,Cash loans,M,0,285900.0,650200.0,18805.3,Secondary / secondary special,Married,Sales staff,-24138,-272,3,1,412300.0,True,4,0.519,0,True,1
902127,1,Cash loans,M,0,107400.0,210900.0,20637.5,Secondary / secondary special,Single / not married,Medicine staff,-13485,-2690,3,1,489900.0,True,2,0.858,0,True,0
902128,0,Cash loans,F,0,162200.0,364900.0,11603.3,Secondary / secondary special,Single / not married,Sales staff,-17911,-1870,2,0,252700.0,True,1,0.436,0,True,0
902129,0,Cash loans,F,0,203800.0,1118900.0,32491.1,Secondary / secondary special,Married,Security staff,-23463,-6177,4,2,291500.0,True,2,0.66,0,True,0
902130,0,Revolving loans,F,1,141400.0,274700.0,16353.3,Secondary / secondary special,Married,,-12749,-5127,4,3,199100.0,True,4,0.712,1,True,0
902131,0,Cash loans,F,0,123600.0,544800.0,28149.6,Secondary / secondary special,Married,Drivers,-22820,-685,4,2,129700.0,True,5,0.821,1,True,0
902132,0,Cash loans,F,1,58900.0,269500.0,15611.4,Secondary / secondary special,Widow,,-24441,-908,5,2,19500.0,True,3,0.887,0,True,2
902133,0,Cash loans,M,0,90800.0,225300.0,6514.2,Higher education,Single / not married,,-22513,-1699,0,0,0.0,False,2,0.692,1,True,2
902134,0,Cash loans,M,1,98900.0,250600.0,11075.7,Higher education,Civil marriage,,-17648,-9531,0,0,0.0,False,1,0.379,0,True,0
902135,0,Revolving loans,F,0,74500.0,391900.0,18747.7,Secondary / secondary special,Widow,Sales staff,-20316,-11855,4,0,562100.0,True,2,0.654,1,True,1
902136,0,Cash loans,M,2,147900.0,501400.0,20001.7,Lower secondary,Married,,-16093,-543,4,2,182700.0,True,4,0.845,1,True,1
902137,0,Cash loans,F,0,215900.0,809100.0,25350.9,Higher education,Married,,-18128,-638,5,4,44600.0,True,0,0.0,0,False,1
902138,0,Cash loans,F,0,113500.0,373100.0,12514.0,Higher education,Single / not married,Core staff,-24737,-7035,5,3,187000.0,True,2,0.888,0,True,1
902139,0,Cash loans,F,0,46500.0,108100.0,3461.1,Secondary / secondary special,Married,Laborers,-12064,-1989,3,2,227100.0,True,4,0.971,0,True,0
902140,1,Cash loans,F,0,132000.0,458900.0,11943.2,Secondary / secondary special,Married,Laborers,-21550,-190,4,2,18400.0,True,1,0.809,0,True,1
902141,1,Revolving loans,F,0,160600.0,435500.0,24668.6,Secondary / secondary special,Single / not married,Sales staff,-16534,-1279,0,0,0.0,False,2,0.897,0,True,3
902142,0,Cash loans,M,1,155200.0,442400.0,27297.1,Secondary / secondary special,Married,Accountants,-10763,-125,4,2,386800.0,True,3,0.63,0,True,0
902143,0,Cash loans,F,2,97600.0,235000.0,7967.2,Secondary / secondary special,Married,Managers,-18939,-3497,3,1,46600.0,True,3,0.832,1,True,0
902144,0,Cash loans,F,0,76600.0,330900.0,23008.5,Secondary / secondary special,Married,Sales staff,-21548,-372,6,3,136600.0,True,5,0.802,1,True,0
902145,0,Cash loans,F,1,218100.0,608700.0,20772.0,Secondary / secondary special,Married,High skill tech staff,-17629,-3744,2,1,103900.0,True,3,0.746,2,True,0
902146,0,Cash loans,F,1,166900.0,374800.0,9689.6,Secondary / secondary special,Married,Accountants,-22336,-5318,0,0,0.0,False,1,0.786,0,True,3
902147,1,Cash loans,F,0,99600.0,511700.0,21542.0,Secondary / secondary special,Married,Laborers,-14075,-3174,3,1,80200.0,True,2,0.589,1,True,3
902148,1,Cash loans,F,0,66100.0,270400.0,16446.5,Secondary / secondary special,Married,,-23674,-2814,0,0,0.0,False,3,0.698,0,True,0
902149,0,Cash loans,F,0,156500.0,839600.0,21071.0,Secondary / secondary special,Widow,,-19023,-904,3,1,131500.0,True,0,0.0,0,False,0
902150,0,Cash loans,F,1,89400.0,448500.0,20872.3,Higher education,Married,Core staff,-21736,-2603,3,2,47400.0,True,5,0.709,1,True,0
902151,0,Cash loans,F,0,169500.0,537900.0,40093.6,Higher education,Civil marriage,Cooking staff,-12447,-2058,5,1,432400.0,True,3,0.745,0,True,0
902152,0,Cash loans,F,1,151500.0,610200.0,27139.9,Higher education,Widow,,-15481,-3267,4,1,134800.0,True,3,0.756,0,True,1
902153,1,Cash loans,M,0,395500.0,2349900.0,186059.6,Higher education,Married,Sales staff,-23601,-23,5,1,40400.0,True,1,0.92,0,True,2
902154,0,Cash loans,F,1,134700.0,419100.0,33538.9,Secondary / secondary special,Married,,-8556,-1845,4,2,66600.0,True,4,0.458,0,True,0
902155,0,Cash loans,M,1,380700.0,981400.0,85895.8,Secondary / secondary special,Separated,Sales staff,-14742,-152,7,4,89100.0,True,4,0.664,2,True,0
902156,0,Cash loans,F,1,145900.0,326000.0,13798.1,Secondary / secondary special,Married,Accountants,-21336,-1639,2,1,104900.0,True,3,0.83,1,True,1
902157,0,Cash loans,F,1,100300.0,574700.0,24177.3,Higher education,Married,Drivers,-20696,-943,5,2,24300.0,True,2,0.488,0,True,0
902158,0,Revolving loans,M,1,82600.0,216700.0,6771.3,Secondary / secondary special,Married,Low-skill Laborers,-22585,-930,5,2,41000.0,True,1,0.781,0,True,0
902159,0,Cash loans,F,0,90300.0,512400.0,19464.7,Secondary / secondary special,Single / not married,Laborers,-20619,-2244,1,0,198100.0,True,2,0.573,0,True,0
902160,0,Cash loans,M,2,173500.0,722300.0,20173.3,Higher education,Civil marriage,Core staff,-24258,-972,1,0,601300.0,True,0,0.0,0,False,0
902161,0,Cash loans,F,0,149300.0,620400.0,17144.3,Secondary / secondary special,Married,Medicine staff,-16394,-2868,3,2,83200.0,True,2,0.819,1,True,0
902162,0,Cash loans,F,1,55800.0,184200.0,12176.4,Secondary / secondary special,Married,Managers,-18602,-2207,3,2,162700.0,True,3,0.834,0,True,0
902163,0,Cash loans,F,1,233200.0,765300.0,68098.9,Higher education,Married,Cleaning staff,-22516,-243,6,3,1913100.0,True,1,0.748,0,True,1
902164,0,Cash loans,M,0,293000.0,862400.0,27650.0,Secondary / secondary special,Married,,-19958,-1904,8,5,191400.0,True,1,0.462,0,True,2
902165,0,Cash loans,F,0,55500.0,265400.0,25768.3,Higher education,Married,,-9453,-172,0,0,0.0,False,2,0.868,0,True,0
902166,0,Cash loans,M,1,232200.0,1120200.0,51347.0,Secondary / secondary special,Separated,,-14094,-1831,4,1,272400.0,True,2,0.77,0,True,0
902167,0,Cash loans,F,2,324800.0,1263600.0,108742.9,Secondary / secondary special,Married,Accountants,-17346,-2129,0,0,0.0,False,2,0.963,0,True,0
902168,0,Cash loans,M,1,57000.0,200700.0,8444.7,Secondary / secondary special,Married,,-20887,-4047,5,1,90900.0,True,5,0.781,0,True,0
902169,0,Cash loans,M,0,110800.0,483100.0,20565.8,Secondary / secondary special,Married,Drivers,-17188,-953,3,1,42200.0,True,3,0.837,1,True,0
902170,0,Cash loans,M,0,91500.0,339600.0,9600.7,Secondary / secondary special,Single / not married,Laborers,-21287,-952,3,3,361800.0,True,2,0.589,0,True,1
902171,0,Cash loans,F,0,227800.0,1186600.0,40404.6,Secondary / secondary special,Separated,Managers,-22339,-2997,5,3,7400.0,True,0,0.0,0,False,2
902172,0,Cash loans,M,0,113800.0,204100.0,9245.7,Secondary / secondary special,Married,Managers,-12310,-2328,1,1,91700.0,True,2,0.75,1,True,1
902173,0,Cash loans,F,0,111500.0,620100.0,24528.7,Secondary / secondary special,Married,Laborers,-18459,-4491,5,2,99000.0,True,2,0.593,0,True,0
902174,0,Cash loans,M,0,172800.0,667000.0,25194.6,Secondary / secondary special,Widow,,-17425,-1536,10,7,67400.0,True,4,0.638,0,True,0
902175,0,Cash loans,M,0,305300.0,1157500.0,68961.5,Secondary / secondary special,Married,Core staff,-11647,-619,2,1,130400.0,True,3,0.592,0,True,1
902176,0,Cash loans,F,1,135800.0,442600.0,13306.5,Secondary / secondary special,Civil marriage,Cleaning staff,-16247,-569,5,2,37300.0,True,0,0.0,0,False,1
902177,0,Revolving loans,F,2,110600.0,430800.0,17938.0,Secondary / secondary special,Widow,,-17275,-783,6,3,270300.0,True,2,0.813,1,True,0
902178,0,Revolving loans,F,0,121400.0,302500.0,10382.6,Secondary / secondary special,Civil marriage,,-21984,-4482,3,1,3652000.0,True,4,0.853,2,True,0
902179,0,Cash loans,F,0,194600.0,727400.0,66396.3,Incomplete higher,Married,Accountants,-15741,-2949,1,1,54400.0,True,1,0.699,1,True,0
902180,0,Cash loans,F,1,71900.0,236700.0,17761.8,Secondary / secondary special,Single / not married,,-9082,-943,0,0,0.0,False,3,0.332,0,True,0
902181,0,Cash loans,M,1,138900.0,392100.0,14162.1,Higher education,Married,,-16202,-4025,7,2,175800.0,True,2,0.876,0,True,0
902182,0,Cash loans,M,0,87600.0,215000.0,6650.8,Secondary / secondary special,Married,Accountants,-22345,-417,0,0,0.0,False,1,0.856,0,True,1
902183,0,Cash loans,M,0,76700.0,412000.0,20994.7,Secondary / secondary special,Married,Drivers,-17673,-5765,4,3,89000.0,True,1,0.761,0,True,0
902184,1,Revolving loans,F,0,52900.0,281700.0,7341.3,Secondary / secondary special,Married,,-13251,-241,2,2,150500.0,True,6,0.787,1,True,1
902185,1,Cash loans,M,1,108200.0,398500.0,11232.0,Secondary / secondary special,Widow,Cleaning staff,-23800,-4751,3,2,188200.0,True,8,0.682,3,True,1
902186,0,Cash loans,M,0,240100.0,610200.0,23711.2,Higher education,Single / not married,Managers,-10392,-631,5,0,360400.0,True,2,0.895,0,True,1
902187,0,Revolving loans,M,0,51900.0,183000.0,6267.8,Higher education,Married,,-13391,-2993,8,2,333600.0,True,1,0.876,0,True,0
902188,0,Cash loans,F,0,183600.0,1040200.0,37424.0,Secondary / secondary special,Married,Laborers,-15323,-216,6,4,613100.0,True,3,0.775,0,True,1
902189,0,Cash loans,M,0,101200.0,506700.0,26432.2,Secondary / secondary special,Married,Accountants,-20594,-853,6,3,66500.0,True,3,0.851,0,True,0
902190,0,Cash loans,F,0,82300.0,422500.0,35568.4,Higher education,Married,Core staff,-22307,-428,0,0,0.0,False,3,0.526,0,True,0
902191,0,Cash loans,F,0,166300.0,775300.0,22711.4,Secondary / secondary special,Married,Sales staff,-8690,-2120,6,2,126100.0,True,4,0.667,1,True,0
902192,0,Cash loans,F,1,269600.0,1282800.0,53861.3,Secondary / secondary special,Married,Laborers,-21541,-480,3,1,383300.0,True,6,0.61,1,True,1
902193,0,Cash loans,M,0,296100.0,643500.0,18252.4,Secondary / secondary special,Civil marriage,,-20288,-1047,4,0,26800.0,True,1,0.544,1,True,1
902194,0,Cash loans,F,0,161300.0,493700.0,23248.2,Secondary / secondary special,Married,Core staff,-23339,-186,2,1,498800.0,True,1,0.839,0,True,1
902195,1,Cash loans,M,1,135200.0,709000.0,67986.6,Secondary / secondary special,Civil marriage,,-23440,-1649,2,1,212300.0,True,3,0.897,0,True,0
902196,0,Cash loans,M,0,170300.0,391300.0,28339.7,Secondary / secondary special,Married,Drivers,-21287,-10680,4,2,561200.0,True,3,0.718,0,True,0
902197,0,Cash loans,F,0,483100.0,888000.0,60338.7,Secondary / secondary special,Married,,-10997,-826,4,1,157800.0,True,2,0.558,0,True,0
902198,0,Cash loans,F,1,120900.0,641800.0,20100.7,Secondary / secondary special,Married,,-13164,-6594,9,1,122800.0,True,2,0.81,2,True,3
902199,0,Revolving loans,F,1,246900.0,1237800.0,112916.6,Secondary / secondary special,Married,,-24069,-2059,3,3,72500.0,True,3,0.808,1,True,1
902200,0,Revolving loans,F,0,104100.0,230200.0,6657.1,Secondary / secondary special,Married,High skill tech staff,-18144,-903,3,2,95800.0,True,0,0.0,0,False,1
902201,0,Cash loans,M,0,92400.0,358200.0,11660.0,Secondary / secondary special,Married,Laborers,-17104,-2815,1,0,16100.0,True,2,0.852,0,True,0
902202,0,Cash loans,F,1,339000.0,572100.0,29040.3,Secondary / secondary special,Civil marriage,Laborers,-23708,-104,0,0,0.0,False,2,0.627,0,True,0
902203,0,Revolving loans,F,0,140200.0,304000.0,11847.7,Secondary / secondary special,Married,Sales staff,-22980,-3187,0,0,0.0,False,3,0.689,1,True,0
902204,0,Cash loans,F,1,156600.0,416200.0,10962.7,Secondary / secondary special,Married,Sales staff,-20410,-1748,6,0,165500.0,True,1,0.709,0,True,1
902205,0,Cash loans,F,0,184000.0,858900.0,71028.8,Secondary / secondary special,Married,Medicine staff,-23122,-1218,2,1,69000.0,True,3,0.664,0,True,1
902206,0,Cash loans,F,1,89600.0,257400.0,12315.5,Secondary / secondary special,Married,Laborers,-9659,-2728,4,3,219800.0,True,2,0.537,0,True,0
902207,0,Cash loans,F,0,112400.0,578500.0,26622.1,Secondary / secondary special,Separated,,-20937,-882,2,1,128900.0,True,5,0.881,2,True,0
902208,0,Cash loans,F,1,101600.0,163200.0,4195.9,Secondary / secondary special,Married,Accountants,-24583,-2655,5,2,20000.0,True,4,0.696,0,True,0
902209,0,Cash loans,F,0,165300.0,251200.0,6398.9,Secondary / secondary special,Married,Laborers,-8523,-1953,4,3,157400.0,True,5,0.727,1,True,1
902210,0,Cash loans,M,0,168200.0,479200.0,13597.9,Secondary / secondary special,Single / not married,Sales staff,-11572,-410,5,2,369000.0,True,2,0.683,0,True,0
902211,1,Cash loans,F,0,103700.0,496600.0,23140.8,Secondary / secondary special,Married,,-21575,-1041,0,0,0.0,False,3,0.714,2,True,0
902212,0,Cash loans,F,0,385900.0,2231200.0,60825.5,Secondary / secondary special,Married,Accountants,-16776,-3223,4,2,56000.0,True,3,0.757,0,True,0
902213,1,Cash loans,F,0,138100.0,403200.0,16442.4,Secondary / secondary special,Single / not married,Cooking staff,-9182,-244,0,0,0.0,False,4,0.589,1,True,0
902214,0,Cash loans,M,0,147400.0,590500.0,20138.7,Lower secondary,Civil marriage,Laborers,-12359,-571,4,1,495600.0,True,1,0.824,0,True,0
902215,0,Cash loans,F,0,274100.0,462200.0,12215.6,Secondary / secondary special,Single / not married,,-13342,-1068,0,0,0.0,False,7,0.588,2,True,0
902216,0,Cash loans,F,0,90400.0,136100.0,7802.9,Secondary / secondary special,Married,,-13290,-639,6,0,51400.0,True,3,0.416,0,True,2
902217,0,Cash loans,F,0,107900.0,169500.0,4731.5,Secondary / secondary special,Married,,-23041,-1323,4,3,59600.0,True,3,0.661,0,True,0
902218,1,Cash loans,F,0,161500.0,313000.0,14241.9,Higher education,Married,Sales staff,-19263,-3025,0,0,0.0,False,2,0.602,0,True,1
902219,1,Cash loans,M,1,66900.0,363600.0,10061.7,Secondary / secondary special,Married,Laborers,-20540,-3419,0,0,0.0,False,2,0.558,1,True,2
902220,0,Cash loans,M,0,124300.0,545200.0,20610.4,Secondary / secondary special,Separated,Sales staff,-7902,-1332,1,1,103200.0,True,3,0.693,0,True,0
902221,0,Cash loans,F,1,390400.0,2163800.0,124219.4,Higher education,Married,,-15155,-936,4,0,28900.0,True,2,0.747,1,True,0
902222,0,Cash loans,M,1,349400.0,1836800.0,55718.5,Secondary / secondary special,Married,,-13233,-584,3,2,18300.0,True,2,0.372,1,True,0
902223,0,Cash loans,F,0,219300.0,1084000.0,80567.6,Higher education,Married,Low-skill Laborers,-22590,-448,4,2,60700.0,True,3,0.64,1,True,1
902224,0,Revolving loans,F,0,252900.0,781900.0,54674.3,Secondary / secondary special,Married,,-24376,-1067,4,3,59600.0,True,4,0.815,0,True,1
902225,0,Cash loans,F,0,179200.0,376900.0,26092.1,Higher education,Married,Cooking staff,-15081,-1218,0,0,0.0,False,4,0.686,0,True,1
902226,0,Cash loans,F,1,112800.0,221700.0,6296.5,Incomplete higher,Married,Sales staff,-24713,-4486,2,1,706100.0,True,2,0.836,0,True,0
902227,0,Cash loans,M,1,318400.0,513400.0,14206.8,Secondary / secondary special,Civil marriage,,-7916,-1139,4,3,26600.0,True,2,0.624,0,True,1
902228,1,Cash loans,F,1,87100.0,200300.0,7369.9,Higher education,Married,Core staff,-13371,-312,6,3,66000.0,True,3,0.532,0,True,3
902229,1,Cash loans,F,1,227200.0,360400.0,19607.0,Secondary / secondary special,Married,Low-skill Laborers,-21241,-672,1,0,1581400.0,True,3,0.776,0,True,2
902230,0,Cash loans,M,0,108500.0,498600.0,22844.0,Secondary / secondary special,Married,High skill tech staff,-13973,-27,2,0,61800.0,True,3,0.755,0,True,1
902231,0,Revolving loans,F,1,111800.0,363300.0,23426.5,Secondary / secondary special,Married,,-23800,-3017,6,4,146900.0,True,0,0.0,0,False,1
902232,0,Cash loans,F,1,183300.0,710600.0,70256.0,Secondary / secondary special,Married,,-11492,-562,3,3,707900.0,True,4,0.833,1,True,0
902233,0,Cash loans,F,0,387100.0,1414800.0,40205.7,Secondary / secondary special,Married,Laborers,-21605,-28,4,0,131300.0,True,1,0.802,1,True,0
902234,0,Revolving loans,M,1,286000.0,793800.0,50117.0,Secondary / secondary special,Civil marriage,,-11198,-527,0,0,0.0,False,2,0.651,0,True,0
902235,0,Cash loans,M,0,165800.0,334200.0,27010.8,Secondary / secondary special,Married,,-11118,-1731,3,2,71600.0,True,1,0.739,0,True,0
902236,0,Cash loans,F,0,144500.0,569400.0,40804.9,Secondary / secondary special,Married,Security staff,-15474,-978,0,0,0.0,False,6,0.793,0,True,0
902237,0,Cash loans,F,1,206900.0,1114500.0,29498.3,Secondary / secondary special,Married,Core staff,-24220,-2071,4,0,25500.0,True,6,0.563,2,True,1
902238,0,Cash loans,F,0,277100.0,1350500.0,64626.9,Secondary / secondary special,Married,Drivers,-17922,-1238,3,2,118100.0,True,3,0.507,0,True,0
902239,0,Cash loans,M,0,58100.0,330700.0,11232.0,Secondary / secondary special,Single / not married,Sales staff,-18790,-938,2,0,226700.0,True,2,0.644,1,True,0
902240,0,Cash loans,F,0,131400.0,407600.0,37262.6,Secondary / secondary special,Married,,-7835,-1265,5,4,1261400.0,True,3,0.742,0,True,0
902241,0,Cash loans,F,0,82700.0,438800.0,16959.4,Secondary / secondary special,Married,,-8656,-2086,4,2,82600.0,True,2,0.904,0,True,0
902242,1,Cash loans,F,0,125500.0,596300.0,18404.3,Incomplete higher,Separated,Drivers,-8837,-226,3,2,557800.0,True,1,0.592,0,True,1
902243,0,Cash loans,F,3,74600.0,428500.0,35805.1,Lower secondary,Married,Laborers,-22025,-895,3,1,418900.0,True,2,0.728,0,True,2
902244,0,Cash loans,F,2,56700.0,158500.0,8356.3,Secondary / secondary special,Married,Sales staff,-11814,-434,5,1,66400.0,True,3,0.78,0,True,0
902245,0,Cash loans,M,1,72400.0,370400.0,18839.7,Secondary / secondary special,Single / not married,,-13426,-4128,3,1,154800.0,True,6,0.769,0,True,0
902246,0,Cash loans,M,0,106200.0,402100.0,10980.8,Secondary / secondary special,Married,Laborers,-18351,-914,2,0,156900.0,True,2,0.617,2,True,0
902247,1,Cash loans,F,0,187700.0,650400.0,21712.7,Secondary / secondary special,Married,,-17895,-1936,5,1,32600.0,True,0,0.0,0,False,2
902248,0,Cash loans,M,0,93200.0,335100.0,9318.5,Secondary / secondary special,Married,,-14857,-749,3,2,113700.0,True,0,0.0,0,False,1
902249,1,Cash loans,F,0,90800.0,313000.0,14718.1,Lower secondary,Married,Medicine staff,-7740,-402,4,1,59400.0,True,3,0.629,0,True,3
902250,0,Cash loans,M,0,170600.0,929200.0,33504.1,Secondary / secondary special,Married,Managers,-15542,-382,6,2,116300.0,True,3,0.856,0,True,1
902251,0,Cash loans,M,0,161600.0,929200.0,36393.2,Secondary / secondary special,Single / not married,Accountants,-20610,-1589,5,3,125300.0,True,4,0.626,0,True,0
902252,0,Cash loans,F,1,327900.0,1470100.0,80407.6,Secondary / secondary special,Married,Accountants,-11786,-630,6,3,141600.0,True,3,0.935,2,True,1
902253,0,Revolving loans,F,0,223400.0,528900.0,23327.7,Higher education,Separated,Sales staff,-20075,-1489,4,1,77100.0,True,3,0.721,0,True,0
902254,0,Cash loans,F,1,83800.0,284300.0,16386.9,Higher education,Married,,-7930,-1360,3,2,46700.0,True,3,0.196,0,True,0
902255,0,Cash loans,F,1,100100.0,310300.0,29592.2,Secondary / secondary special,Married,Sales staff,-23573,-1159,0,0,0.0,False,0,0.0,0,False,0
902256,0,Cash loans,F,0,203300.0,918800.0,23531.8,Higher education,Married,,-24309,-664,2,0,416700.0,True,0,0.0,0,False,0
902257,0,Cash loans,F,1,89900.0,163300.0,4215.0,Higher education,Married,High skill tech staff,-7708,-1138,0,0,0.0,False,3,0.643,0,True,0
902258,0,Cash loans,F,1,119000.0,528800.0,15227.6,Higher education,Married,Drivers,-15685,-616,2,0,460700.0,True,2,0.793,0,True,3
902259,0,Cash loans,M,0,59500.0,214200.0,14057.8,Secondary / secondary special,Married,Sales staff,-14915,-3184,4,1,125900.0,True,2,0.592,0,True,0
902260,0,Cash loans,M,1,72800.0,194700.0,18359.3,Secondary / secondary special,Married,Laborers,-22414,-543,2,0,146300.0,True,3,0.752,0,True,0
902261,0,Cash loans,F,0,262800.0,469300.0,29555.5,Higher education,Married,,-17138,-1970,2,2,110500.0,True,3,0.545,0,True,0
902262,0,Cash loans,F,1,152200.0,264600.0,7320.1,Secondary / secondary special,Married,,-18376,-2815,0,0,0.0,False,3,0.894,1,True,0
902263,1,Cash loans,M,0,102200.0,563600.0,38613.8,Secondary / secondary special,Married,Laborers,-11212,-4642,4,3,193700.0,True,4,0.728,0,True,1
902264,0,Revolving loans,F,0,109700.0,449300.0,26420.8,Secondary / secondary special,Married,Cooking staff,-9015,-1313,3,0,106900.0,True,2,0.428,0,True,0
902265,0,Cash loans,M,0,330100.0,1314500.0,42765.1,Secondary / secondary special,Married,,-19794,-4201,6,4,429900.0,True,2,0.88,0,True,1
902266,0,Cash loans,F,0,100800.0,159100.0,6541.1,Secondary / secondary special,Married,Cooking staff,-18539,-797,6,4,686400.0,True,2,0.458,1,True,1
902267,0,Cash loans,F,0,177400.0,881600.0,29763.5,Secondary / secondary special,Widow,Sales staff,-22247,-29,7,2,625300.0,True,1,0.758,0,True,0
902268,0,Cash loans,F,0,216500.0,530000.0,19708.6,Secondary / secondary special,Single / not married,Laborers,-22463,-55,4,1,816600.0,True,2,0.838,0,True,1
902269,0,Cash loans,F,0,288300.0,929900.0,34219.9,Secondary / secondary special,Married,,-18720,-1309,3,1,42400.0,True,2,0.621,0,True,1
902270,0,Cash loans,F,1,91500.0,403500.0,11152.0,Secondary / secondary special,Married,,-17097,-1570,0,0,0.0,False,3,0.887,0,True,1
902271,0,Revolving loans,M,1,69500.0,146300.0,8849.2,Secondary / secondary special,Married,Sales staff,-23678,-1173,6,1,165000.0,True,2,0.717,1,True,0
902272,0,Cash loans,F,0,80600.0,409900.0,28914.3,Secondary / secondary special,Married,Core staff,-21703,-672,5,2,167500.0,True,4,0.837,1,True,2
902273,0,Revolving loans,F,1,201800.0,1061200.0,47916.4,Secondary / secondary special,Separated,Laborers,-23125,-1897,2,0,67900.0,True,2,0.445,0,True,0
902274,0,Cash loans,F,0,379000.0,1454500.0,55859.6,Lower secondary,Married,,-25112,-325,3,1,99000.0,True,3,0.823,1,True,1
902275,0,Cash loans,F,2,205300.0,645500.0,26120.0,Secondary / secondary special,Civil marriage,,-14734,-4915,0,0,0.0,False,3,0.427,0,True,0
902276,0,Cash loans,F,1,100700.0,265200.0,10123.9,Secondary / secondary special,Civil marriage,,-20225,-464,5,2,276500.0,True,1,0.937,0,True,0
902277,0,Cash loans,F,1,253500.0,1206100.0,49057.5,Secondary / secondary special,Single / not married,Managers,-19719,-5075,2,1,119800.0,True,5,0.807,0,True,0
902278,0,Cash loans,F,0,110700.0,335700.0,13146.1,Secondary / secondary special,Married,Core staff,-10715,-2523,4,2,84800.0,True,2,0.703,0,True,1
902279,1,Cash loans,M,0,92400.0,475200.0,12519.2,Secondary / secondary special,Married,,-18817,-1468,0,0,0.0,False,3,0.584,1,True,1
902280,0,Cash loans,M,0,118600.0,568800.0,49476.1,Higher education,Civil marriage,Drivers,-15165,-81,3,1,151600.0,True,2,0.633,1,True,0
902281,0,Cash loans,F,1,104700.0,323300.0,8452.4,Secondary / secondary special,Civil marriage,,-15560,-2386,6,1,54300.0,True,4,0.669,0,True,2
902282,0,Cash loans,M,0,98600.0,249500.0,9034.5,Secondary / secondary special,Married,Drivers,-10821,-2222,3,0,147100.0,True,2,0.355,0,True,0
902283,0,Cash loans,M,1,257900.0,802000.0,70135.9,Secondary / secondary special,Married,Sales staff,-20712,-159,5,2,986900.0,True,3,0.839,0,True,0
902284,0,Cash loans,F,1,108200.0,329000.0,28353.0,Secondary / secondary special,Married,Managers,-19892,-6168,3,1,129900.0,True,4,0.65,2,True,1
902285,0,Cash loans,F,0,63300.0,367500.0,13538.1,Secondary / secondary special,Married,,-16990,-1145,3,0,364600.0,True,3,0.605,0,True,0
902286,0,Cash loans,F,0,187600.0,811000.0,26440.8,Secondary / secondary special,Married,Managers,-10410,-30,7,2,67800.0,True,3,0.879,1,True,1
902287,0,Cash loans,F,0,86900.0,387500.0,15131.7,Secondary / secondary special,Married,Managers,-17421,-1694,0,0,0.0,False,2,0.621,0,True,0
902288,0,Cash loans,F,0,88300.0,245100.0,10444.9,Secondary / secondary special,Civil marriage,,-9419,-2345,4,4,188100.0,True,0,0.0,0,False,0
902289,0,Cash loans,F,1,198800.0,624100.0,34082.1,Secondary / secondary special,Single / not married,,-13610,-4078,2,1,150200.0,True,5,0.788,1,True,1
902290,0,Cash loans,F,1,97400.0,350400.0,12426.6,Higher education,Married,Managers,-14188,-3220,2,1,87600.0,True,3,0.531,0,True,0
902291,0,Cash loans,F,1,111600.0,657900.0,17815.9,Secondary / secondary special,Single / not married,Laborers,-23142,-2278,0,0,0.0,False,4,0.768,1,True,0
902292,0,Revolving loans,F,0,143000.0,644100.0,28409.0,Higher education,Married,Core staff,-14945,-768,3,2,18800.0,True,0,0.0,0,False,0
902293,0,Cash loans,F,0,121300.0,266000.0,8616.6,Secondary / secondary special,Married,,-18150,-18,1,1,25400.0,True,0,0.0,0,False,2
902294,0,Cash loans,F,0,113000.0,673400.0,64004.4,Higher education,Civil marriage,,-22991,-693,4,1,27000.0,True,0,0.0,0,False,0
902295,1,Cash loans,F,0,43400.0,117700.0,5008.9,Secondary / secondary special,Married,Managers,-15124,-946,5,3,28000.0,True,2,0.798,0,True,1
902296,0,Cash loans,F,0,128400.0,551800.0,16796.7,Higher education,Separated,,-23147,-965,7,2,109700.0,True,2,0.891,0,True,1
902297,0,Cash loans,F,0,313700.0,1706000.0,48387.1,Secondary / secondary special,Married,,-10055,-2500,4,1,86100.0,True,3,0.711,0,True,0
902298,0,Revolving loans,M,1,191800.0,819200.0,31372.6,Secondary / secondary special,Married,,-14057,-7487,4,1,46900.0,True,3,0.67,1,True,0
902299,0,Cash loans,F,0,116000.0,657300.0,24348.6,Secondary / secondary special,Married,High skill tech staff,-9324,-567,7,2,560700.0,True,4,0.758,1,True,0
902300,0,Cash loans,F,0,177100.0,941500.0,66522.3,Higher education,Married,Laborers,-17492,-10922,2,1,110900.0,True,0,0.0,0,False,0
902301,0,Cash loans,M,0,191600.0,317600.0,16835.7,Secondary / secondary special,Married,Sales staff,-24436,-4709,0,0,0.0,False,1,0.763,0,True,0
902302,0,Cash loans,F,0,91900.0,421900.0,14053.1,Higher education,Married,Sales staff,-19174,-272,6,1,29500.0,True,6,0.773,3,True,0
902303,0,Cash loans,F,0,262500.0,1245300.0,37729.6,Higher education,Single / not married,Laborers,-18633,-4429,3,1,236900.0,True,1,0.769,0,True,0
902304,0,Revolving loans,F,0,151900.0,482000.0,38691.6,Secondary / secondary special,Married,,-12538,-823,8,4,440800.0,True,3,0.746,2,True,0
902305,0,Cash loans,F,1,119800.0,670000.0,17255.4,Higher education,Married,,-23977,-2564,4,3,231200.0,True,2,0.41,0,True,0
902306,0,Revolving loans,M,0,310100.0,1582800.0,40997.7,Secondary / secondary special,Civil marriage,,-15926,-2189,4,1,91400.0,True,7,0.717,0,True,0
902307,0,Cash loans,M,1,49800.0,157000.0,10046.1,Secondary / secondary special,Married,Medicine staff,-12342,-5088,3,1,109000.0,True,2,0.801,0,True,0
902308,0,Cash loans,F,0,77800.0,194800.0,17153.8,Secondary / secondary special,Civil marriage,Managers,-24969,-3440,6,3,216500.0,True,2,0.466,1,True,0
902309,0,Cash loans,F,0,193000.0,474100.0,23434.2,Higher education,Married,High skill tech staff,-15078,-1502,4,1,158800.0,True,4,0.793,1,True,0
902310,0,Cash loans,M,1,196100.0,488800.0,12610.7,Secondary / secondary special,Married,High skill tech staff,-14173,-1224,0,0,0.0,False,2,0.655,2,True,0
902311,1,Cash loans,F,1,319000.0,1324300.0,56860.4,Secondary / secondary special,Married,,-8277,-760,0,0,0.0,False,3,0.536,0,True,3
902312,0,Cash loans,F,1,45300.0,199000.0,10252.0,Secondary / secondary special,Civil marriage,Managers,-10788,-1338,4,1,429800.0,True,4,0.393,1,True,0
902313,0,Cash loans,M,1,215100.0,466800.0,12670.8,Higher education,Single / not married,Laborers,-21842,-2242,3,0,206300.0,True,0,0.0,0,False,1
902314,0,Cash loans,F,1,75100.0,298000.0,21243.0,Secondary / secondary special,Civil marriage,Drivers,-16121,-454,4,0,185600.0,True,1,0.739,0,True,0
902315,0,Cash loans,M,1,172600.0,453300.0,11856.3,Secondary / secondary special,Married,Cleaning staff,-24394,-245,2,1,122200.0,True,1,0.888,1,True,0
902316,0,Cash loans,M,0,135500.0,758400.0,22130.2,Secondary / secondary special,Married,Laborers,-9134,-1627,7,4,479600.0,True,4,0.733,1,True,1
902317,0,Cash loans,F,0,214100.0,1146200.0,53293.4,Secondary / secondary special,Married,Core staff,-18456,-5524,3,1,56300.0,True,3,0.806,1,True,2
902318,0,Cash loans,F,0,124500.0,251500.0,7480.4,Secondary / secondary special,Married,,-20279,-1051,4,2,42100.0,True,2,0.973,0,True,0
902319,0,Cash loans,F,2,232100.0,611700.0,18715.9,Higher education,Married,Medicine staff,-18548,-1321,6,2,153400.0,True,5,0.718,1,True,0
902320,0,Cash loans,M,0,92500.0,531900.0,19415.3,Secondary / secondary special,Married,,-16948,-276,0,0,0.0,False,3,0.975,1,True,1
902321,0,Cash loans,F,0,134400.0,382400.0,11434.2,Secondary / secondary special,Civil marriage,Laborers,-17796,-746,5,2,205900.0,True,4,0.71,1,True,1
902322,0,Cash loans,F,0,154200.0,797400.0,31892.4,Higher education,Married,Medicine staff,-19745,-3005,4,2,1203300.0,True,3,0.914,0,True,0
902323,0,Cash loans,F,0,323800.0,559200.0,15853.8,Secondary / secondary special,Single / not married,,-22789,-5299,4,3,162400.0,True,1,0.954,0,True,1
902324,0,Cash loans,F,1,212300.0,688900.0,20382.5,Higher education,Married,Sales staff,-13557,-1283,3,1,185600.0,True,4,0.868,0,True,1
902325,0,Cash loans,F,2,155100.0,661700.0,17792.5,Secondary / secondary special,Married,Sales staff,-15718,-117,2,2,849400.0,True,4,0.758,0,True,0
902326,1,Cash loans,M,0,192800.0,635800.0,18740.8,Secondary / secondary special,Married,Sales staff,-18806,-373,0,0,0.0,False,2,0.68,0,True,1
902327,0,Cash loans,F,0,241000.0,1219000.0,32395.8,Higher education,Married,,-13170,-147,4,1,478100.0,True,2,0.911,0,True,0
902328,0,Cash loans,F,0,168800.0,997500.0,65004.0,Higher education,Single / not married,,-10797,-1669,5,1,110600.0,True,3,0.583,0,True,1
902329,0,Cash loans,F,1,83800.0,319400.0,17435.1,Secondary / secondary special,Married,Laborers,-24592,-7301,4,0,140000.0,True,4,0.806,0,True,0
902330,0,Cash loans,F,0,191700.0,687500.0,29163.5,Secondary / secondary special,Married,Laborers,-11076,-1041,4,2,71300.0,True,2,0.485,1,True,1
902331,0,Cash loans,F,1,138000.0,644500.0,37287.7,Secondary / secondary special,Married,Cooking staff,-11742,-2058,5,3,245600.0,True,2,0.675,0,True,1
902332,0,Cash loans,F,0,117300.0,573800.0,15549.7,Higher education,Single / not married,Drivers,-18504,-107,4,2,252700.0,True,0,0.0,0,False,0
902333,0,Cash loans,M,1,94500.0,167200.0,10862.1,Secondary / secondary special,Married,Core staff,-9020,-1054,3,2,326300.0,True,5,0.902,0,True,0
902334,1,Cash loans,F,0,187000.0,648700.0,27294.5,Secondary / secondary special,Single / not married,,-8261,-1293,1,0,238700.0,True,2,0.453,0,True,0
902335,0,Cash loans,F,0,180800.0,677800.0,26425.9,Secondary / secondary special,Married,Medicine staff,-8786,-1005,4,2,127600.0,True,1,0.833,1,True,1
902336,0,Cash loans,M,0,86800.0,250300.0,6916.0,Secondary / secondary special,Single / not married,,-9824,-72,9,4,272700.0,True,2,0.588,0,True,2
902337,0,Cash loans,F,0,80500.0,395700.0,22262.5,Secondary / secondary special,Married,Cooking staff,-15184,-2658,0,0,0.0,False,3,0.676,0,True,2
902338,0,Cash loans,M,1,360500.0,1979700.0,50647.3,Higher education,Married,Cooking staff,-22193,-7022,4,1,171900.0,True,2,0.763,0,True,0
902339,0,Revolving loans,F,0,215300.0,1142000.0,60878.4,Secondary / secondary special,Married,Low-skill Laborers,-13656,-2076,4,2,34600.0,True,4,0.775,1,True,1
902340,0,Cash loans,F,0,146200.0,636300.0,42734.1,Secondary / secondary special,Single / not married,,-15155,-1558,6,3,50500.0,True,3,0.51,0,True,0
902341,0,Cash loans,F,0,189600.0,962000.0,54635.9,Higher education,Separated,,-18181,-672,3,2,194800.0,True,1,0.818,1,True,1
902342,0,Cash loans,F,2,110800.0,282200.0,7745.9,Academic degree,Widow,Core staff,-12958,-3183,6,3,57900.0,True,0,0.0,0,False,0
902343,1,Cash loans,M,0,128400.0,207400.0,14232.4,Higher education,Married,Laborers,-15243,-2079,8,4,86200.0,True,3,0.891,0,True,0
902344,0,Cash loans,M,0,141500.0,539200.0,49207.8,Higher education,Married,Laborers,-14433,-3736,3,2,83600.0,True,3,0.693,0,True,0
902345,0,Cash loans,F,2,226700.0,758300.0,40447.6,Incomplete higher,Married,Sales staff,-13654,-3333,4,2,231600.0,True,4,0.789,0,True,1
902346,0,Cash loans,F,0,69100.0,377800.0,14345.1,Secondary / secondary special,Married,Managers,-14469,-3156,4,1,858000.0,True,3,0.508,1,True,0
902347,0,Cash loans,F,0,84100.0,424800.0,20522.2,Higher education,Married,Laborers,-7859,-393,0,0,0.0,False,0,0.0,0,False,0
902348,0,Cash loans,F,0,75900.0,244300.0,16482.8,Secondary / secondary special,Single / not married,Laborers,-23192,-4864,5,3,462200.0,True,4,0.914,0,True,0
902349,0,Cash loans,F,0,214500.0,338600.0,16181.2,Secondary / secondary special,Widow,Core staff,-24788,-928,3,0,440500.0,True,3,0.625,1,True,0
902350,0,Cash loans,F,0,133100.0,364300.0,11836.7,Secondary / secondary special,Married,,-22775,-613,3,0,201100.0,True,4,0.982,2,True,0
902351,0,Cash loans,F,0,88500.0,276300.0,11969.8,Secondary / secondary special,Married,Managers,-7765,-1195,3,3,119300.0,True,4,0.835,1,True,1
902352,0,Cash loans,F,0,125300.0,569000.0,20933.2,Higher education,Married,Drivers,-20820,-828,2,0,346500.0,True,0,0.0,0,False,0
902353,0,Cash loans,M,0,102100.0,568200.0,14792.4,Higher education,Married,Accountants,-17705,-942,4,3,159700.0,True,5,0.42,2,True,0
902354,0,Cash loans,F,0,68300.0,170400.0,5251.6,Secondary / secondary special,Married,Drivers,-9314,-2744,4,2,125600.0,True,4,0.941,0,True,0
902355,0,Cash loans,F,0,262900.0,1324100.0,38812.9,Higher education,Married,Sales staff,-24008,-265,5,3,20500.0,True,1,0.739,0,True,0
902356,0,Cash loans,F,0,129900.0,620700.0,33298.7,Higher education,Married,Accountants,-21264,-4266,2,1,248600.0,True,3,0.536,0,True,0
902357,0,Revolving loans,M,0,266000.0,821700.0,32425.0,Secondary / secondary special,Civil marriage,Sales staff,-10210,-449,4,2,695800.0,True,4,0.568,1,True,0
902358,0,Cash loans,M,1,67800.0,106600.0,5241.4,Higher education,Married,Drivers,-24555,-2864,3,3,32300.0,True,0,0.0,0,False,0
902359,0,Cash loans,F,1,180100.0,296700.0,12092.5,Secondary / secondary special,Single / not married,,-9876,-1790,0,0,0.0,False,2,0.622,0,True,0
902360,0,Revolving loans,M,0,68100.0,291900.0,21854.9,Secondary / secondary special,Civil marriage,Managers,-15630,-402,5,3,89400.0,True,1,0.61,0,True,0
902361,0,Cash loans,M,0,475500.0,2525900.0,98845.1,Secondary / secondary special,Married,,-10450,-1654,3,1,110200.0,True,4,0.572,0,True,0
902362,0,Cash loans,F,1,59000.0,256300.0,9944.0,Higher education,Married,,-10296,-1854,8,5,68100.0,True,5,0.82,2,True,1
902363,0,Cash loans,F,0,343700.0,1712200.0,62834.6,Secondary / secondary special,Separated,Sales staff,-24620,-2913,3,1,604000.0,True,7,0.41,2,True,0
902364,0,Cash loans,M,1,138600.0,521500.0,30607.5,Secondary / secondary special,Married,,-17688,-6860,0,0,0.0,False,1,0.72,0,True,0
902365,1,Cash loans,F,1,127800.0,342900.0,20602.6,Secondary / secondary special,Married,Laborers,-12205,-2608,4,1,190900.0,True,1,0.678,0,True,2
902366,0,Revolving loans,F,0,188000.0,315600.0,15005.9,Higher education,Married,Drivers,-21267,-247,4,3,72100.0,True,4,0.867,0,True,1
902367,0,Cash loans,F,1,87600.0,453600.0,17358.7,Higher education,Separated,Sales staff,-22999,-1497,2,1,178500.0,True,3,0.413,0,True,1
902368,0,Cash loans,F,1,207300.0,753300.0,37471.5,Secondary / secondary special,Married,Managers,-23741,-725,3,1,43600.0,True,3,0.502,0,True,0
902369,0,Cash loans,M,1,215000.0,1170500.0,37535.0,Higher education,Married,Drivers,-24010,-4574,6,3,118500.0,True,1,0.48,0,True,1
902370,0,Cash loans,M,1,140800.0,445800.0,16179.3,Secondary / secondary special,Single / not married,Laborers,-23530,-661,2,2,272700.0,True,2,0.738,0,True,0
902371,0,Cash loans,M,0,158600.0,434900.0,32490.5,Secondary / secondary special,Married,Low-skill Laborers,-18859,-4013,6,4,306900.0,True,1,0.6,1,True,0
902372,1,Revolving loans,F,1,367400.0,1653900.0,98935.2,Secondary / secondary special,Single / not married,,-13665,-799,4,1,275900.0,True,4,0.627,0,True,2
902373,0,Cash loans,M,0,193900.0,818200.0,29077.9,Secondary / secondary special,Married,,-23880,-661,2,1,89100.0,True,0,0.0,0,False,1
902374,0,Cash loans,F,0,94700.0,442200.0,17034.8,Secondary / secondary special,Single / not married,Laborers,-9811,-2812,2,0,172600.0,True,2,0.661,1,True,0
902375,0,Cash loans,M,1,203800.0,389200.0,19290.3,Secondary / secondary special,Married,Drivers,-10622,-3454,3,1,101500.0,True,4,0.536,0,True,0
902376,0,Cash loans,F,0,107000.0,200600.0,13235.3,Secondary / secondary special,Married,,-15265,-867,5,1,392500.0,True,4,0.84,1,True,0
902377,0,Cash loans,F,0,97100.0,395100.0,10504.4,Higher education,Married,Laborers,-12634,-1821,0,0,0.0,False,4,0.708,0,True,0
902378,0,Cash loans,M,1,180900.0,717700.0,30562.3,Higher education,Married,Sales staff,-18452,-572,4,1,925700.0,True,2,0.594,1,True,0
902379,0,Cash loans,M,0,84500.0,162100.0,9898.4,Secondary / secondary special,Married,Drivers,-23525,-3643,2,2,214400.0,True,3,0.761,0,True,1
902380,1,Cash loans,F,0,143300.0,492400.0,15569.0,Higher education,Married,High skill tech staff,-16267,-2160,3,1,58400.0,True,1,0.575,1,True,2
902381,0,Cash loans,F,0,196100.0,853300.0,48270.1,Lower secondary,Married,,-17368,-970,3,2,39500.0,True,3,0.207,0,True,0
902382,0,Cash loans,F,0,363800.0,1433100.0,79753.2,Secondary / secondary special,Married,,-15078,-3472,5,2,178200.0,True,3,0.899,0,True,0
902383,1,Cash loans,F,1,192600.0,450500.0,12941.1,Secondary / secondary special,Married,Managers,-20061,-3794,3,0,11500.0,True,8,0.659,0,True,1
902384,0,Cash loans,F,0,67100.0,380800.0,10226.8,Secondary / secondary special,Married,Accountants,-9429,-299,4,2,95700.0,True,1,0.695,0,True,0
902385,0,Cash loans,F,1,72600.0,120100.0,4995.3,Higher education,Civil marriage,,-8516,-1925,1,0,78600.0,True,2,0.746,0,True,0
902386,0,Cash loans,F,0,331900.0,905000.0,31240.6,Secondary / secondary special,Married,Managers,-18901,-1853,4,1,61800.0,True,2,0.381,1,True,0
902387,0,Cash loans,M,0,102000.0,184000.0,8833.3,Higher education,Single / not married,,-17036,-555,0,0,0.0,False,3,0.772,0,True,0
902388,0,Cash loans,M,0,65600.0,182100.0,6277.4,Secondary / secondary special,Married,,-14801,-2290,4,1,47800.0,True,4,0.765,2,True,0
902389,0,Cash loans,M,0,84700.0,388300.0,12195.2,Secondary / secondary special,Married,Laborers,-13516,-871,4,2,26200.0,True,0,0.0,0,False,1
902390,0,Cash loans,M,2,208200.0,334600.0,10578.5,Higher education,Married,Drivers,-8572,-2002,3,2,255600.0,True,2,0.681,0,True,0
902391,0,Revolving loans,F,1,148100.0,248000.0,22101.1,Secondary / secondary special,Married,Managers,-19588,-2617,5,2,99600.0,True,1,0.423,0,True,1
902392,0,Cash loans,F,1,193500.0,469500.0,36231.5,Higher education,Single / not married,Laborers,-15049,-4477,4,2,215400.0,True,2,0.955,0,True,0
902393,0,Cash loans,F,0,137700.0,223700.0,7161.0,Secondary / secondary special,Married,Managers,-15466,-2078,6,1,180500.0,True,2,0.828,0,True,1
902394,0,Cash loans,F,0,80700.0,262700.0,10121.3,Secondary / secondary special,Widow,Laborers,-23318,-3760,2,1,266900.0,True,2,0.783,0,True,0
902395,0,Cash loans,F,0,57300.0,145300.0,3793.7,Higher education,Single / not married,,-20586,-261,3,2,188300.0,True,1,0.957,0,True,0
902396,0,Cash loans,F,0,92200.0,272000.0,20752.5,Secondary / secondary special,Married,High skill tech staff,-11509,-642,0,0,0.0,False,3,0.852,2,True,0
902397,1,Cash loans,M,0,148800.0,783800.0,19747.9,Secondary / secondary special,Widow,,-19178,-1213,3,1,960500.0,True,4,0.839,1,True,0
902398,0,Cash loans,F,0,77500.0,267000.0,19063.4,Secondary / secondary special,Married,Medicine staff,-9982,-37,5,2,214700.0,True,4,0.797,0,True,0
902399,0,Cash loans,F,0,228900.0,358900.0,32797.0,Secondary / secondary special,Single / not married,Drivers,-11064,-4494,2,0,275700.0,True,5,0.563,0,True,0
902400,0,Cash loans,M,0,84900.0,336300.0,9096.6,Secondary / secondary special,Married,Managers,-20176,-1933,3,2,168500.0,True,3,0.623,1,True,0
902401,0,Cash loans,F,0,61300.0,122100.0,4860.4,Secondary / secondary special,Married,Sales staff,-9870,-3300,3,1,18600.0,True,2,0.965,0,True,0
902402,0,Cash loans,F,0,140000.0,247400.0,13300.7,Secondary / secondary special,Married,High skill tech staff,-12573,-246,5,1,128500.0,True,3,0.758,0,True,0
902403,0,Cash loans,M,0,204800.0,608900.0,22423.9,Secondary / secondary special,Civil marriage,,-23399,-1091,4,2,654500.0,True,1,0.763,0,True,0
902404,0,Revolving loans,F,0,295300.0,804500.0,37724.2,Higher education,Married,Core staff,-20600,-4662,0,0,0.0,False,1,0.523,1,True,2
902405,0,Cash loans,F,0,62500.0,125200.0,3157.0,Secondary / secondary special,Married,,-23949,-850,4,2,87800.0,True,2,0.858,1,True,2
902406,0,Cash loans,F,0,285300.0,811100.0,24416.4,Secondary / secondary special,Separated,Core staff,-23114,-318,4,1,224900.0,True,4,0.606,1,True,1
902407,0,Cash loans,M,0,153600.0,565000.0,19037.6,Secondary / secondary special,Married,Core staff,-13141,-2079,3,1,44000.0,True,0,0.0,0,False,0
902408,0,Cash loans,F,0,102600.0,269900.0,13726.4,Higher education,Widow,,-18744,-1449,4,1,319700.0,True,4,0.919,1,True,0
902409,0,Cash loans,F,0,196800.0,323800.0,30050.1,Secondary / secondary special,Married,,-14299,-405,2,1,87600.0,True,3,0.717,2,True,0
902410,0,Cash loans,F,1,275700.0,1521000.0,44839.4,Secondary / secondary special,Single / not married,Sales staff,-19878,-3827,0,0,0.0,False,2,0.892,0,True,0
902411,0,Cash loans,F,0,60500.0,268100.0,23447.3,Higher education,Married,Cooking staff,-13769,-2467,2,2,48800.0,True,4,0.578,1,True,0
902412,1,Cash loans,M,0,112900.0,528400.0,39450.3,Higher education,Civil marriage,Core staff,-7688,-1118,0,0,0.0,False,3,0.396,0,True,0
902413,0,Cash loans,F,1,106600.0,355700.0,12855.1,Higher education,Civil marriage,Laborers,-9310,-702,3,2,10700.0,True,4,0.647,1,True,0
902414,0,Cash loans,M,1,191500.0,781300.0,23887.4,Secondary / secondary special,Married,Cooking staff,-21173,-3321,1,1,93100.0,True,0,0.0,0,False,0
902415,0,Cash loans,M,0,290500.0,1354700.0,60835.3,Secondary / secondary special,Single / not married,High skill tech staff,-9136,-2566,4,2,64500.0,True,4,0.728,1,True,0
902416,0,Cash loans,F,0,145200.0,450900.0,16294.7,Secondary / secondary special,Widow,Managers,-18166,-3699,3,2,67100.0,True,2,0.92,0,True,0
902417,0,Cash loans,M,0,121000.0,634100.0,16172.2,Secondary / secondary special,Single / not married,Laborers,-22693,-1974,4,1,3400.0,True,2,0.706,1,True,0
902418,0,Revolving loans,M,0,174900.0,870200.0,47194.0,Secondary / secondary special,Widow,Sales staff,-20649,-3916,4,1,70000.0,True,2,0.63,0,True,0
902419,1,Cash loans,M,0,124500.0,347600.0,30709.0,Secondary / secondary special,Single / not married,,-14908,-1259,5,2,199100.0,True,6,0.519,2,True,1
902420,0,Cash loans,F,0,47300.0,141800.0,8513.3,Secondary / secondary special,Married,High skill tech staff,-11319,-1129,0,0,0.0,False,4,0.891,0,True,0
902421,0,Cash loans,F,0,181300.0,422000.0,18038.7,Secondary / secondary special,Civil marriage,,-23827,-714,1,0,248200.0,True,2,0.787,1,True,1
902422,0,Cash loans,F,2,229200.0,862200.0,25875.6,Higher education,Single / not married,Managers,-17588,-2687,3,0,400900.0,True,4,0.549,1,True,0
902423,0,Cash loans,F,2,239500.0,1233700.0,54642.6,Secondary / secondary special,Married,Accountants,-14767,-8197,4,2,206000.0,True,4,0.559,1,True,1
902424,0,Cash loans,F,1,78500.0,317000.0,11457.5,Higher education,Married,Sales staff,-24169,-1888,1,0,227500.0,True,1,0.645,0,True,0
902425,0,Cash loans,F,1,189700.0,587300.0,21772.6,Secondary / secondary special,Married,,-11432,-1099,0,0,0.0,False,5,0.949,1,True,0
902426,0,Revolving loans,M,1,301300.0,1008200.0,40925.8,Secondary / secondary special,Single / not married,,-15413,-81,1,0,271300.0,True,2,0.634,0,True,0
902427,0,Cash loans,M,0,496200.0,2290800.0,155092.9,Higher education,Civil marriage,Core staff,-9568,-977,9,3,71000.0,True,3,0.577,1,True,0
902428,0,Cash loans,F,0,177900.0,678500.0,56351.0,Secondary / secondary special,Civil marriage,,-9852,-711,4,3,57800.0,True,2,0.608,1,True,0
902429,0,Cash loans,M,0,229000.0,913100.0,56752.3,Higher education,Married,,-14648,-3853,3,0,59500.0,True,5,0.578,1,True,1
902430,0,Cash loans,F,0,85200.0,361500.0,19965.8,Higher education,Married,Laborers,-19923,-1925,2,1,311100.0,True,3,0.706,1,True,0
902431,1,Cash loans,F,1,79800.0,384900.0,24630.4,Lower secondary,Married,Sales staff,-13602,-351,7,3,58600.0,True,2,0.839,0,True,1
902432,0,Cash loans,M,0,229400.0,990000.0,62763.1,Secondary / secondary special,Single / not married,Sales staff,-19746,-2194,4,1,107100.0,True,7,0.922,3,True,0
902433,0,Cash loans,F,0,50600.0,231700.0,8201.3,Secondary / secondary special,Civil marriage,,-21771,-1828,3,0,92500.0,True,3,0.783,0,True,1
902434,0,Cash loans,F,0,151300.0,680500.0,28791.9,Secondary / secondary special,Civil marriage,Core staff,-23040,-75,4,0,179700.0,True,0,0.0,0,False,1
902435,0,Cash loans,M,0,286300.0,1623100.0,92715.8,Higher education,Married,Laborers,-8448,-217,6,5,293900.0,True,4,0.788,0,True,0
902436,0,Cash loans,M,2,199900.0,962300.0,56361.2,Secondary / secondary special,Single / not married,Laborers,-21220,-3900,0,0,0.0,False,2,0.539,0,True,0
902437,0,Cash loans,M,0,199300.0,789100.0,55193.2,Secondary / secondary special,Single / not married,Accountants,-10242,-182,5,0,20700.0,True,3,0.359,1,True,1
902438,0,Cash loans,F,1,136600.0,756900.0,24611.4,Lower secondary,Separated,,-19898,-321,2,1,216300.0,True,2,0.852,0,True,0
902439,0,Cash loans,F,1,114100.0,633500.0,26093.5,Secondary / secondary special,Single / not married,Sales staff,-14176,-1924,2,0,140500.0,True,2,0.63,0,True,1
902440,0,Cash loans,F,1,411200.0,1267200.0,42329.8,Secondary / secondary special,Married,,-20065,-5002,2,1,178900.0,True,1,0.778,0,True,0
902441,0,Cash loans,F,2,259400.0,1329100.0,62241.4,Higher education,Single / not married,,-11411,-666,0,0,0.0,False,2,0.696,0,True,1
902442,0,Cash loans,M,0,213700.0,1265300.0,100818.6,Secondary / secondary special,Married,Core staff,-18965,-1637,4,2,61300.0,True,0,0.0,0,False,0
902443,0,Cash loans,F,0,142000.0,345200.0,9950.7,Secondary / secondary special,Single / not married,Core staff,-9864,-2514,5,4,428200.0,True,4,0.743,1,True,1
902444,0,Cash loans,M,0,104500.0,343400.0,30531.6,Secondary / secondary special,Single / not married,Core staff,-10638,-828,6,4,118100.0,True,3,0.874,1,True,0
902445,0,Cash loans,F,1,240200.0,809400.0,38497.8,Secondary / secondary special,Civil marriage,Security staff,-18430,-3217,2,2,565600.0,True,3,0.475,0,True,0
902446,1,Cash loans,F,0,120100.0,510100.0,18512.8,Secondary / secondary special,Married,Drivers,-13565,-3746,4,0,142600.0,True,3,0.636,0,True,0
902447,0,Cash loans,F,0,145600.0,849100.0,28364.9,Higher education,Civil marriage,,-19995,-1837,2,1,146700.0,True,2,0.84,0,True,0
902448,0,Cash loans,F,0,190500.0,547700.0,22398.5,Secondary / secondary special,Married,Core staff,-19668,-6936,5,3,69000.0,True,2,0.724,1,True,0
902449,1,Cash loans,F,1,155500.0,760700.0,22395.2,Secondary / secondary special,Single / not married,Core staff,-18556,-328,3,0,145300.0,True,1,0.867,0,True,2
902450,0,Cash loans,M,0,303900.0,1520600.0,62351.3,Lower secondary,Separated,Core staff,-20464,-3287,4,1,408900.0,True,2,0.639,0,True,0
902451,0,Revolving loans,F,0,72400.0,335400.0,9562.5,Higher education,Married,Laborers,-21574,-726,3,1,128600.0,True,4,0.48,0,True,0
902452,0,Cash loans,F,1,144800.0,600500.0,34500.2,Secondary / secondary special,Married,Cooking staff,-23633,-4433,1,1,186500.0,True,3,0.926,0,True,2
902453,0,Cash loans,F,0,407800.0,1660900.0,68700.0,Higher education,Single / not married,Laborers,-9075,-1657,2,1,889300.0,True,6,0.558,2,True,0
902454,0,Revolving loans,M,0,219200.0,607000.0,55544.8,Secondary / secondary special,Civil marriage,Drivers,-17678,-2167,3,2,39800.0,True,2,0.809,0,True,1
902455,0,Cash loans,M,2,126900.0,268700.0,9826.4,Secondary / secondary special,Married,Laborers,-20783,-197,3,1,53400.0,True,3,0.268,0,True,0
902456,0,Cash loans,F,0,208700.0,626800.0,28391.9,Higher education,Separated,Drivers,-11465,-2337,2,1,208400.0,True,5,0.614,0,True,1
902457,0,Cash loans,M,0,136700.0,346300.0,11378.1,Secondary / secondary special,Widow,Laborers,-12283,-434,6,1,22700.0,True,3,0.777,0,True,1
902458,0,Cash loans,M,0,291400.0,1292900.0,40065.1,Secondary / secondary special,Single / not married,,-12342,-3792,6,4,262800.0,True,4,0.376,1,True,0
902459,0,Cash loans,M,0,211100.0,1127100.0,49025.0,Higher education,Married,Sales staff,-17692,-2190,3,1,62100.0,True,2,0.411,0,True,1
902460,0,Cash loans,M,1,90800.0,201000.0,7114.3,Secondary / secondary special,Married,Sales staff,-14080,-585,2,1,91100.0,True,2,0.602,0,True,0
902461,0,Cash loans,F,0,157700.0,704500.0,22042.5,Secondary / secondary special,Married,,-19334,-1683,0,0,0.0,False,1,0.922,0,True,0
902462,0,Cash loans,F,0,172600.0,353600.0,10073.1,Higher education,Single / not married,Core staff,-18356,-3567,2,2,37600.0,True,3,0.469,0,True,0
902463,1,Cash loans,F,0,176900.0,567900.0,43173.7,Secondary / secondary special,Married,Accountants,-19177,-1436,3,1,16700.0,True,4,0.691,2,True,1
902464,0,Cash loans,F,2,164200.0,374300.0,14158.0,Secondary / secondary special,Married,Accountants,-12085,-4983,5,1,14600.0,True,3,0.718,0,True,0
902465,0,Cash loans,F,1,185700.0,528900.0,14012.6,Secondary / secondary special,Married,Laborers,-21109,-1420,5,1,204400.0,True,3,0.663,0,True,0
902466,0,Cash loans,F,0,172600.0,925800.0,49986.8,Secondary / secondary special,Single / not married,Laborers,-19298,-21,4,0,377300.0,True,6,0.701,0,True,0
902467,0,Cash loans,M,0,97600.0,330700.0,11459.4,Secondary / secondary special,Married,Accountants,-9953,-2430,2,1,45900.0,True,4,0.649,1,True,0
902468,0,Cash loans,F,0,111400.0,221500.0,11992.8,Higher education,Single / not married,Low-skill Laborers,-11172,-653,2,2,481600.0,True,4,0.82,2,True,0
902469,0,Cash loans,F,1,123300.0,295300.0,8655.9,Secondary / secondary special,Married,,-12937,-3290,1,1,138800.0,True,0,0.0,0,False,0
902470,0,Revolving loans,M,0,146800.0,777500.0,24070.4,Higher education,Married,,-24064,-1010,3,3,155500.0,True,4,0.907,0,True,1
902471,0,Cash loans,F,0,123500.0,413200.0,10736.6,Secondary / secondary special,Married,,-13382,-5419,1,0,411100.0,True,1,0.942,0,True,0
902472,0,Cash loans,F,0,243000.0,1388000.0,44819.4,Secondary / secondary special,Married,Laborers,-8013,-697,0,0,0.0,False,5,0.527,1,True,0
902473,0,Cash loans,M,0,86600.0,348600.0,14128.5,Incomplete higher,Married,Drivers,-10146,-2959,2,0,301800.0,True,0,0.0,0,False,0
902474,0,Cash loans,F,1,58800.0,222400.0,8477.7,Secondary / secondary special,Single / not married,,-8228,-1658,2,0,19500.0,True,2,0.827,0,True,0
902475,0,Cash loans,F,1,374300.0,1329800.0,39835.3,Secondary / secondary special,Married,Managers,-14722,-698,3,1,24600.0,True,2,0.705,0,True,0
902476,1,Cash loans,M,0,93000.0,463200.0,14413.5,Lower secondary,Separated,,-21631,-2943,3,2,29300.0,True,3,0.833,1,True,2
902477,0,Cash loans,F,1,242700.0,1276800.0,94338.1,Secondary / secondary special,Married,,-15556,-207,3,2,278100.0,True,3,0.7,1,True,1
902478,0,Cash loans,F,0,189800.0,393200.0,20723.2,Secondary / secondary special,Married,Core staff,-22364,-942,6,0,296400.0,True,1,0.74,0,True,1
902479,0,Cash loans,M,1,94700.0,316100.0,10372.5,Secondary / secondary special,Married,Core staff,-8497,-1927,2,1,374800.0,True,2,0.852,0,True,0
902480,0,Cash loans,F,0,131000.0,363200.0,27881.7,Secondary / secondary special,Married,,-15894,-237,0,0,0.0,False,5,0.524,2,True,0
902481,0,Cash loans,F,1,121600.0,674500.0,22637.2,Secondary / secondary special,Married,Laborers,-21454,-2385,4,1,93100.0,True,6,0.76,1,True,0
902482,1,Cash loans,F,0,167300.0,804100.0,22396.3,Secondary / secondary special,Civil marriage,Laborers,-19486,-171,3,1,243500.0,True,4,0.738,1,True,2
902483,0,Cash loans,F,0,95400.0,268600.0,12770.8,Higher education,Single / not married,Security staff,-22606,-973,2,1,119000.0,True,4,0.973,1,True,1
902484,0,Cash loans,F,0,128200.0,427900.0,25870.5,Secondary / secondary special,Married,Accountants,-12462,-2536,2,2,175300.0,True,1,0.692,1,True,0
902485,0,Cash loans,F,0,137400.0,465300.0,13062.7,Secondary / secondary special,Civil marriage,Sales staff,-16439,-359,4,2,128500.0,True,0,0.0,0,False,2
902486,0,Cash loans,F,0,242900.0,1382900.0,56569.9,Secondary / secondary special,Married,Cleaning staff,-19523,-2245,6,0,130800.0,True,2,0.688,1,True,2
902487,0,Cash loans,M,0,114000.0,414000.0,11839.5,Higher education,Single / not married,Sales staff,-10616,-105,2,0,1301900.0,True,3,0.706,1,True,0
902488,1,Cash loans,F,1,86000.0,136100.0,11026.6,Higher education,Married,,-21957,-24,4,3,376000.0,True,3,0.947,0,True,4
902489,0,Cash loans,F,0,106600.0,510100.0,31192.0,Secondary / secondary special,Married,Laborers,-13121,-903,3,1,235600.0,True,2,0.904,0,True,1
902490,0,Cash loans,M,1,168200.0,325400.0,32438.7,Secondary / secondary special,Single / not married,Medicine staff,-9299,-20,2,1,91300.0,True,0,0.0,0,False,0
902491,0,Cash loans,F,1,57700.0,250300.0,10676.3,Secondary / secondary special,Married,Core staff,-21080,-1592,0,0,0.0,False,4,0.426,0,True,1
902492,0,Cash loans,M,0,254800.0,971000.0,26629.8,Higher education,Married,Cleaning staff,-20016,-1036,3,1,409600.0,True,4,0.487,1,True,0
902493,0,Cash loans,F,1,141400.0,697400.0,23754.8,Higher education,Single / not married,Sales staff,-23147,-582,3,1,170200.0,True,3,0.928,1,True,0
902494,0,Cash loans,M,0,173900.0,691400.0,65627.6,Secondary / secondary special,Single / not married,Security staff,-23294,-833,0,0,0.0,False,5,0.6,1,True,0
902495,0,Cash loans,M,0,156200.0,357500.0,33279.5,Secondary / secondary special,Separated,Drivers,-12544,-808,0,0,0.0,False,1,0.826,0,True,0
902496,0,Cash loans,F,1,100300.0,553900.0,17523.3,Higher education,Single / not married,High skill tech staff,-18901,-169,3,1,92900.0,True,3,0.62,0,True,0
902497,0,Cash loans,F,0,81500.0,453500.0,35474.0,Higher education,Married,Low-skill Laborers,-25169,-391,6,4,295700.0,True,4,0.609,0,True,0
902498,0,Cash loans,F,0,98600.0,334600.0,20147.5,Secondary / secondary special,Married,,-11936,-591,3,3,34800.0,True,4,0.802,2,True,1
902499,0,Revolving loans,F,1,65900.0,279600.0,9033.1,Secondary / secondary special,Civil marriage,Core staff,-15949,-1156,1,0,697700.0,True,6,0.646,0,True,1
902500,0,Cash loans,F,0,166600.0,664100.0,38025.3,Secondary / secondary special,Married,,-23611,-3058,4,3,182700.0,True,2,0.622,0,True,2
902501,0,Cash loans,M,1,129100.0,504000.0,20400.1,Secondary / secondary special,Married,Accountants,-9470,-2900,1,1,651200.0,True,0,0.0,0,False,0
902502,1,Cash loans,F,0,65000.0,123900.0,5668.1,Higher education,Single / not married,Sales staff,-23927,-1301,6,3,127600.0,True,5,0.776,0,True,1
902503,0,Cash loans,F,0,102900.0,383100.0,18859.6,Secondary / secondary special,Civil marriage,,-16217,-807,0,0,0.0,False,4,0.655,0,True,0
902504,0,Cash loans,M,0,194000.0,487600.0,27739.8,Higher education,Married,Laborers,-23311,-866,3,3,89700.0,True,3,0.793,0,True,0
902505,0,Cash loans,F,0,267200.0,1360100.0,61195.7,Secondary / secondary special,Single / not married,,-18551,-2237,6,1,66600.0,True,2,0.645,0,True,0
902506,0,Revolving loans,F,0,73700.0,392100.0,25323.6,Secondary / secondary special,Married,Laborers,-19428,-536,2,0,53700.0,True,3,0.795,1,True,0
902507,0,Cash loans,M,0,412500.0,653400.0,16909.8,Secondary / secondary special,Married,,-21207,-4753,0,0,0.0,False,0,0.0,0,False,0
902508,1,Cash loans,M,1,86700.0,417500.0,21418.6,Secondary / secondary special,Single / not married,Cleaning staff,-8841,-2271,0,0,0.0,False,3,0.893,1,True,2
902509,1,Cash loans,M,0,59700.0,120400.0,3777.9,Secondary / secondary special,Married,Core staff,-18663,-8621,2,0,28100.0,True,1,0.658,0,True,1
902510,0,Cash loans,F,1,337100.0,520600.0,27721.6,Secondary / secondary special,Married,Low-skill Laborers,-23852,-580,2,1,68100.0,True,2,0.703,1,True,0
902511,0,Cash loans,F,0,83200.0,129900.0,7270.9,Higher education,Married,,-24416,-3662,3,2,340200.0,True,3,0.763,0,True,1
902512,0,Cash loans,F,0,299900.0,1078800.0,44066.1,Incomplete higher,Married,Laborers,-24629,-10668,7,1,101500.0,True,5,0.837,0,True,1
902513,0,Cash loans,M,0,100400.0,518400.0,16212.5,Secondary / secondary special,Civil marriage,Cooking staff,-18979,-1475,3,1,50000.0,True,6,0.571,1,True,0
902514,0,Cash loans,M,2,120900.0,350800.0,34672.4,Secondary / secondary special,Widow,Managers,-18760,-1644,5,2,86300.0,True,2,0.936,1,True,1
902515,0,Cash loans,M,0,72900.0,412700.0,27271.0,Higher education,Single / not married,,-17344,-14,4,2,447600.0,True,3,0.521,0,True,1
902516,0,Cash loans,F,0,265200.0,900400.0,27096.3,Secondary / secondary special,Single / not married,Medicine staff,-18309,-7277,2,0,229300.0,True,1,0.624,0,True,0
902517,1,Cash loans,F,0,247600.0,581600.0,28248.1,Secondary / secondary special,Separated,,-18389,-1290,2,0,241400.0,True,5,0.729,0,True,4
902518,0,Cash loans,M,0,100600.0,358700.0,10058.4,Higher education,Single / not married,,-8407,-1837,8,1,225500.0,True,3,0.869,0,True,0
902519,0,Cash loans,F,0,134900.0,582900.0,41644.5,Secondary / secondary special,Single / not married,Managers,-9222,-164,3,0,21800.0,True,5,0.778,1,True,0
902520,0,Cash loans,F,0,194900.0,735900.0,21398.8,Secondary / secondary special,Married,Managers,-18517,-2850,7,0,117000.0,True,3,0.79,0,True,0
902521,0,Cash loans,M,2,110600.0,385200.0,13438.8,Secondary / secondary special,Civil marriage,Core staff,-13170,-149,5,2,404600.0,True,0,0.0,0,False,0
902522,0,Cash loans,M,1,276900.0,650200.0,43189.2,Higher education,Married,,-12945,-1069,9,4,12000.0,True,3,0.748,1,True,0
902523,1,Cash loans,F,0,132800.0,617100.0,59506.3,Secondary / secondary special,Married,,-11054,-2019,6,3,15700.0,True,3,0.628,0,True,0
902524,0,Revolving loans,M,1,108000.0,332300.0,9118.7,Secondary / secondary special,Married,Laborers,-21699,-2458,2,1,40700.0,True,3,0.585,2,True,1
902525,0,Cash loans,F,0,63400.0,372000.0,19928.8,Secondary / secondary special,Married,Laborers,-24560,-587,0,0,0.0,False,2,0.627,0,True,0
902526,0,Cash loans,F,0,73300.0,242100.0,14042.1,Secondary / secondary special,Married,,-18663,-1190,9,2,138800.0,True,0,0.0,0,False,0
902527,0,Cash loans,F,1,187900.0,469200.0,30240.8,Secondary / secondary special,Married,Core staff,-24228,-1741,0,0,0.0,False,2,0.46,0,True,0
902528,0,Cash loans,F,0,157500.0,845500.0,40943.7,Higher education,Married,Medicine staff,-23150,-1656,0,0,0.0,False,4,0.733,1,True,0
902529,0,Cash loans,F,0,210500.0,513400.0,19964.4,Higher education,Civil marriage,Low-skill Laborers,-11483,-1185,5,2,1546900.0,True,4,0.783,0,True,0
902530,0,Cash loans,F,0,105700.0,238500.0,9802.4,Higher education,Widow,Drivers,-10354,-221,4,1,70900.0,True,5,0.621,0,True,2
902531,0,Cash loans,F,0,61600.0,291600.0,8205.6,Secondary / secondary special,Single / not married,,-11372,-3934,1,1,28200.0,True,2,0.441,1,True,1
902532,1,Cash loans,F,1,109200.0,310300.0,19491.0,Secondary / secondary special,Married,Sales staff,-9350,-211,3,2,82900.0,True,0,0.0,0,False,2
902533,0,Revolving loans,F,0,387800.0,1310000.0,40437.2,Secondary / secondary special,Married,Security staff,-17877,-4725,3,1,241400.0,True,2,0.848,0,True,0
902534,0,Cash loans,M,0,86400.0,305000.0,8182.1,Secondary / secondary special,Married,,-12617,-6047,4,1,157000.0,True,4,0.797,1,True,1
902535,0,Cash loans,F,1,137500.0,691100.0,62228.0,Secondary / secondary special,Married,,-23659,-392,0,0,0.0,False,2,0.77,0,True,0
902536,0,Cash loans,F,0,41900.0,171100.0,5258.7,Secondary / secondary special,Married,,-18411,-1371,4,1,97900.0,True,2,0.869,0,True,1
902537,0,Cash loans,F,0,108000.0,522300.0,28643.7,Secondary / secondary special,Married,Core staff,-13965,-212,3,1,190700.0,True,2,0.631,0,True,1
902538,0,Cash loans,F,0,113800.0,676400.0,28868.0,Secondary / secondary special,Married,Cleaning staff,-24915,-2713,6,4,2236800.0,True,1,0.628,0,True,0
902539,0,Cash loans,F,0,165300.0,776800.0,65651.2,Higher education,Widow,Laborers,-24364,-1209,3,2,85700.0,True,3,0.879,0,True,0
902540,0,Cash loans,M,0,119400.0,328900.0,17466.4,Secondary / secondary special,Married,Sales staff,-21306,-3553,6,1,131500.0,True,3,0.713,0,True,0
902541,0,Revolving loans,F,0,65500.0,324300.0,24268.6,Higher education,Married,Core staff,-21535,-403,5,3,218500.0,True,2,0.911,0,True,3
902542,0,Cash loans,F,0,100500.0,535100.0,31502.7,Incomplete higher,Married,Accountants,-24786,-670,1,0,2077700.0,True,2,0.523,0,True,3
902543,0,Cash loans,F,0,126400.0,434600.0,39567.6,Higher education,Married,,-18184,-3146,4,1,341500.0,True,0,0.0,0,False,1
902544,0,Revolving loans,F,0,85100.0,380200.0,9961.6,Higher education,Separated,Core staff,-23082,-196,4,1,149400.0,True,3,0.601,0,True,0
902545,0,Cash loans,M,1,91500.0,339200.0,9202.5,Higher education,Married,Security staff,-8800,-886,7,3,80200.0,True,1,0.657,0,True,1
902546,0,Cash loans,F,0,231400.0,479900.0,16251.3,Secondary / secondary special,Married,Cooking staff,-17372,-1608,6,4,585800.0,True,2,0.468,0,True,0
902547,0,Cash loans,M,1,102400.0,489400.0,24772.1,Higher education,Married,Laborers,-16469,-979,0,0,0.0,False,3,0.522,0,True,1
902548,0,Cash loans,M,0,174400.0,609800.0,15922.1,Secondary / secondary special,Married,,-8325,-1755,7,2,712500.0,True,4,0.795,2,True,0
902549,0,Cash loans,F,0,128100.0,391800.0,10006.5,Lower secondary,Married,Security staff,-9188,-1108,5,2,99800.0,True,4,0.561,2,True,0
902550,0,Cash loans,F,1,75700.0,272900.0,8065.4,Secondary / secondary special,Civil marriage,Security staff,-8047,-1195,3,1,69100.0,True,4,0.694,0,True,0
902551,0,Cash loans,M,0,118500.0,488100.0,16030.5,Secondary / secondary special,Civil marriage,,-12816,-3269,5,2,26800.0,True,3,0.675,0,True,0
902552,0,Cash loans,M,1,161900.0,794300.0,39987.0,Higher education,Married,,-8602,-2032,4,0,234100.0,True,1,0.588,0,True,0
902553,0,Cash loans,F,0,333600.0,1864500.0,51084.3,Higher education,Separated,,-15078,-82,3,1,18100.0,True,2,0.415,0,True,0
902554,1,Cash loans,F,0,95200.0,435900.0,17437.8,Secondary / secondary special,Civil marriage,Core staff,-21904,-3777,0,0,0.0,False,5,0.887,0,True,1
902555,0,Cash loans,F,0,134200.0,801800.0,27676.5,Secondary / secondary special,Single / not married,,-18419,-2793,5,4,27400.0,True,2,0.614,1,True,0
902556,0,Cash loans,F,0,220600.0,487200.0,32058.3,Secondary / secondary special,Married,,-19469,-4833,5,1,17900.0,True,3,0.899,1,True,1
902557,0,Cash loans,M,0,262900.0,576900.0,54204.1,Secondary / secondary special,Single / not married,Drivers,-8216,-448,2,1,126500.0,True,4,0.641,0,True,1
902558,1,Cash loans,F,0,101200.0,511800.0,12915.9,Higher education,Married,,-22373,-2867,4,2,380500.0,True,2,0.928,0,True,1
902559,0,Cash loans,F,0,129500.0,563400.0,19668.8,Secondary / secondary special,Married,Cleaning staff,-10226,-1116,4,4,116800.0,True,6,0.637,0,True,1
902560,0,Cash loans,F,0,244200.0,1313700.0,42988.7,Higher education,Married,Laborers,-12967,-1786,2,0,308400.0,True,3,0.851,0,True,0
902561,0,Cash loans,F,1,180800.0,823600.0,71544.4,Secondary / secondary special,Married,Laborers,-16719,-423,5,3,189200.0,True,5,0.736,1,True,0
902562,0,Cash loans,M,0,234700.0,365400.0,16136.4,Secondary / secondary special,Married,Cooking staff,-23958,-1094,2,0,282400.0,True,3,0.468,0,True,0
902563,0,Cash loans,F,0,251500.0,1138600.0,61454.1,Secondary / secondary special,Married,,-25152,-4175,2,1,753900.0,True,2,0.958,0,True,0
902564,0,Cash loans,M,0,184700.0,453000.0,12917.3,Secondary / secondary special,Separated,,-21377,-3832,4,2,61300.0,True,0,0.0,0,False,1
902565,0,Revolving loans,F,0,150400.0,528100.0,21497.2,Higher education,Married,Laborers,-20442,-1172,3,2,157900.0,True,2,0.916,0,True,0
902566,0,Cash loans,F,1,100100.0,461600.0,21434.4,Secondary / secondary special,Married,Sales staff,-16909,-3887,4,1,15600.0,True,5,0.776,1,True,0
902567,0,Cash loans,F,0,123900.0,551800.0,38225.1,Secondary / secondary special,Married,Sales staff,-19326,-3213,1,0,600100.0,True,3,0.696,1,True,0
902568,0,Cash loans,F,1,128100.0,412700.0,19189.6,Secondary / secondary special,Single / not married,Cleaning staff,-10195,-1730,5,4,91600.0,True,3,0.87,0,True,1
902569,0,Cash loans,M,1,255000.0,1200700.0,57553.5,Academic degree,Married,Low-skill Laborers,-12381,-3365,4,2,141700.0,True,4,0.909,0,True,2
902570,0,Cash loans,F,0,152900.0,879000.0,26152.9,Secondary / secondary special,Single / not married,,-24915,-4226,0,0,0.0,False,3,0.758,0,True,0
902571,0,Cash loans,M,0,153600.0,389900.0,11006.2,Secondary / secondary special,Married,,-24827,-86,3,1,63200.0,True,5,0.951,0,True,2
902572,0,Cash loans,F,0,85200.0,173600.0,8120.8,Secondary / secondary special,Married,Sales staff,-13323,-1332,1,0,305700.0,True,1,0.882,0,True,0
902573,0,Cash loans,M,1,255700.0,538900.0,24156.7,Secondary / secondary special,Married,Cleaning staff,-11888,-523,4,4,248900.0,True,5,0.939,1,True,0
902574,0,Cash loans,F,0,95400.0,339600.0,8650.7,Secondary / secondary special,Married,,-11686,-1189,6,3,72500.0,True,1,0.906,0,True,1
902575,0,Cash loans,M,1,121400.0,345000.0,16162.3,Secondary / secondary special,Married,Laborers,-16159,-1663,5,4,897800.0,True,3,0.744,1,True,0
902576,0,Cash loans,F,0,269400.0,970800.0,33640.0,Secondary / secondary special,Married,,-11585,-852,2,0,341500.0,True,2,0.511,1,True,2
902577,0,Cash loans,F,0,218100.0,409900.0,29187.1,Secondary / secondary special,Married,Cleaning staff,-19026,-3646,7,1,785000.0,True,1,0.716,0,True,0
902578,0,Cash loans,M,0,91500.0,238900.0,10447.6,Secondary / secondary special,Married,,-8975,-37,0,0,0.0,False,2,0.683,0,True,0
902579,0,Cash loans,M,1,81600.0,249900.0,14488.7,Secondary / secondary special,Widow,Sales staff,-9481,-2911,6,3,66800.0,True,0,0.0,0,False,1
902580,1,Cash loans,F,0,126400.0,720800.0,41695.2,Secondary / secondary special,Single / not married,,-12516,-3719,0,0,0.0,False,0,0.0,0,False,5
902581,0,Cash loans,M,0,104900.0,297600.0,17482.9,Secondary / secondary special,Married,Core staff,-21285,-1274,2,1,34800.0,True,3,0.838,0,True,0
902582,0,Cash loans,F,0,67200.0,115400.0,4760.5,Higher education,Married,Laborers,-13329,-774,3,2,84800.0,True,3,0.712,0,True,0
902583,0,Revolving loans,M,0,96100.0,278700.0,14805.3,Secondary / secondary special,Married,Sales staff,-15913,-7619,5,0,43200.0,True,2,0.722,0,True,0
902584,0,Cash loans,F,0,35400.0,202300.0,5863.1,Secondary / secondary special,Married,,-19169,-441,3,1,208000.0,True,5,0.672,0,True,0
902585,0,Cash loans,M,0,220000.0,753000.0,32095.2,Secondary / secondary special,Married,,-21480,-167,5,1,92200.0,True,3,0.794,1,True,0
902586,0,Revolving loans,F,0,213200.0,1105100.0,94893.5,Secondary / secondary special,Separated,,-13045,-963,3,1,44200.0,True,6,0.725,1,True,2
902587,0,Cash loans,M,0,283300.0,765700.0,33062.0,Higher education,Married,High skill tech staff,-20471,-1107,4,4,907000.0,True,3,0.869,0,True,0
902588,0,Cash loans,M,0,167000.0,352500.0,27164.5,Secondary / secondary special,Civil marriage,Managers,-12676,-3299,9,5,275900.0,True,0,0.0,0,False,1
902589,0,Cash loans,M,0,111900.0,417900.0,28991.5,Higher education,Married,,-18956,-779,5,1,269800.0,True,2,0.809,1,True,0
902590,0,Cash loans,M,0,233500.0,1087600.0,77360.3,Secondary / secondary special,Married,Laborers,-15564,-2963,4,2,168100.0,True,3,0.641,1,True,0
902591,1,Revolving loans,M,1,98600.0,522900.0,15477.7,Secondary / secondary special,Married,Laborers,-23899,-412,6,2,346800.0,True,2,0.812,0,True,1
902592,0,Cash loans,F,0,72100.0,186400.0,8144.6,Higher education,Married,,-24871,-592,0,0,0.0,False,5,0.763,2,True,1
902593,0,Cash loans,F,1,130100.0,772800.0,77054.3,Secondary / secondary special,Civil marriage,High skill tech staff,-21227,-928,4,1,18300.0,True,3,0.932,1,True,0
902594,0,Cash loans,F,0,171900.0,636300.0,25099.3,Secondary / secondary special,Civil marriage,Laborers,-23703,-2048,6,1,1167400.0,True,2,0.782,2,True,0
902595,0,Revolving loans,F,1,93300.0,350800.0,21873.9,Secondary / secondary special,Married,Core staff,-10056,-2113,5,2,973900.0,True,0,0.0,0,False,1
902596,0,Cash loans,F,0,82900.0,444600.0,14105.3,Secondary / secondary special,Married,Core staff,-19131,-1841,0,0,0.0,False,2,0.804,0,True,0
902597,0,Cash loans,M,0,113700.0,378900.0,9906.2,Higher education,Married,Security staff,-11140,-1447,3,1,22800.0,True,4,0.797,1,True,0
902598,0,Cash loans,F,0,172000.0,844200.0,55869.2,Secondary / secondary special,Married,Managers,-12517,-5943,2,0,43100.0,True,2,0.838,0,True,0
902599,1,Revolving loans,F,0,130200.0,527900.0,28856.7,Higher education,Civil marriage,,-16824,-1182,0,0,0.0,False,1,0.793,0,True,3
902600,0,Revolving loans,F,0,523200.0,1103600.0,35181.8,Incomplete higher,Married,,-20664,-84,0,0,0.0,False,1,0.927,1,True,0
902601,0,Cash loans,M,0,130800.0,215600.0,7441.9,Secondary / secondary special,Married,Laborers,-20305,-688,2,0,91400.0,True,1,0.872,0,True,1
902602,0,Cash loans,F,0,203800.0,1162500.0,33357.3,Higher education,Single / not married,,-22897,-943,2,1,73400.0,True,2,0.475,0,True,0
902603,0,Cash loans,F,0,67800.0,366100.0,12420.5,Secondary / secondary special,Married,Laborers,-17463,-145,2,1,286500.0,True,2,0.717,0,True,0
902604,0,Cash loans,F,0,187700.0,1112300.0,70716.9,Incomplete higher,Married,Low-skill Laborers,-23894,-2102,9,2,127600.0,True,2,0.718,0,True,0
902605,0,Cash loans,F,0,111100.0,503700.0,14366.5,Secondary / secondary special,Married,,-23220,-2305,4,3,414300.0,True,4,0.618,2,True,1
902606,0,Cash loans,F,0,139400.0,614200.0,41432.2,Secondary / secondary special,Single / not married,Managers,-22540,-2122,4,2,136900.0,True,2,0.455,0,True,0
902607,0,Cash loans,F,0,325400.0,793500.0,63405.6,Secondary / secondary special,Widow,,-11686,-1708,4,1,937500.0,True,2,0.758,1,True,0
902608,0,Cash loans,M,0,116200.0,510200.0,13361.2,Secondary / secondary special,Separated,,-16975,-325,8,4,1718300.0,True,4,0.623,0,True,1
902609,0,Cash loans,M,2,72800.0,269200.0,9784.1,Higher education,Married,,-20563,-1891,2,1,189900.0,True,4,0.589,0,True,0
902610,0,Revolving loans,F,0,78700.0,251700.0,12626.2,Secondary / secondary special,Single / not married,,-24766,-560,5,1,103200.0,True,6,0.956,2,True,0
902611,0,Cash loans,F,1,152600.0,697500.0,39426.2,Secondary / secondary special,Married,,-7869,-1299,0,0,0.0,False,4,0.612,1,True,1
902612,0,Cash loans,F,2,148600.0,279700.0,22302.6,Higher education,Married,Cleaning staff,-13396,-626,5,3,469900.0,True,5,0.798,2,True,0
902613,0,Cash loans,M,0,145500.0,548200.0,20456.1,Secondary / secondary special,Married,Core staff,-13662,-192,5,2,382500.0,True,4,0.849,1,True,0
902614,0,Cash loans,M,0,73600.0,361500.0,10011.4,Secondary / secondary special,Married,,-12720,-1296,5,2,18000.0,True,1,0.448,0,True,1
902615,0,Cash loans,F,0,385600.0,2018600.0,66406.3,Lower secondary,Married,,-21986,-419,4,0,270100.0,True,0,0.0,0,False,0
902616,0,Cash loans,F,0,291200.0,1078900.0,32832.7,Secondary / secondary special,Widow,Low-skill Laborers,-8454,-1884,5,3,95600.0,True,2,0.856,0,True,0
902617,0,Cash loans,M,2,149400.0,461100.0,16495.7,Secondary / secondary special,Married,,-13962,-3148,2,0,198700.0,True,2,0.81,1,True,0
902618,0,Revolving loans,F,0,65400.0,266500.0,25882.5,Secondary / secondary special,Separated,,-20133,-5058,0,0,0.0,False,3,0.636,2,True,0
902619,0,Cash loans,M,2,309200.0,642200.0,27500.0,Secondary / secondary special,Married,High skill tech staff,-14791,-4061,2,0,94400.0,True,3,0.783,0,True,1
902620,0,Cash loans,F,0,247200.0,472600.0,42677.9,Secondary / secondary special,Married,Sales staff,-10188,-259,0,0,0.0,False,5,0.716,1,True,0
902621,0,Revolving loans,M,1,147400.0,764400.0,61451.5,Secondary / secondary special,Widow,,-18367,-1312,0,0,0.0,False,3,0.901,0,True,0
902622,0,Cash loans,F,0,254900.0,527500.0,34541.8,Secondary / secondary special,Married,Core staff,-16821,-98,0,0,0.0,False,4,0.681,1,True,0
902623,0,Cash loans,M,0,109300.0,369200.0,10065.1,Secondary / secondary special,Married,Laborers,-24866,-1392,6,4,126100.0,True,1,0.53,0,True,2
902624,0,Cash loans,M,0,86600.0,290400.0,17649.6,Higher education,Married,Sales staff,-20779,-3499,0,0,0.0,False,5,0.57,0,True,0
902625,0,Cash loans,F,1,151500.0,897500.0,38105.7,Secondary / secondary special,Civil marriage,,-24942,-4180,1,0,195600.0,True,3,0.566,1,True,1
902626,0,Cash loans,M,0,64400.0,301000.0,8293.3,Secondary / secondary special,Married,Medicine staff,-10929,-518,2,2,59400.0,True,0,0.0,0,False,0
902627,0,Cash loans,F,0,80400.0,397900.0,13113.2,Secondary / secondary special,Separated,Core staff,-21008,-1981,2,0,31500.0,True,3,0.711,0,True,0
902628,1,Cash loans,F,1,183800.0,829800.0,59358.4,Higher education,Married,,-17329,-6,5,1,434300.0,True,5,0.772,0,True,0
902629,0,Cash loans,F,0,157800.0,430200.0,18022.5,Secondary / secondary special,Married,Sales staff,-20148,-936,4,2,271300.0,True,3,0.673,1,True,0
902630,0,Cash loans,F,0,70200.0,219400.0,6622.8,Higher education,Civil marriage,Laborers,-15856,-1373,2,1,67800.0,True,3,0.613,1,True,0
902631,0,Cash loans,F,0,114100.0,265200.0,11373.9,Secondary / secondary special,Married,Medicine staff,-11386,-3104,7,2,382600.0,True,5,0.565,1,True,1
902632,0,Cash loans,F,0,71700.0,282500.0,17097.6,Secondary / secondary special,Married,,-8466,-258,3,0,48600.0,True,5,0.666,0,True,0
902633,0,Cash loans,F,0,109700.0,203000.0,6927.1,Secondary / secondary special,Married,Laborers,-22351,-1640,0,0,0.0,False,3,0.406,0,True,0
902634,0,Cash loans,F,0,103800.0,577900.0,26000.3,Secondary / secondary special,Married,Drivers,-21940,-6,3,1,190900.0,True,4,0.822,1,True,0
902635,0,Cash loans,F,2,229900.0,548100.0,21567.9,Secondary / secondary special,Married,,-10512,-3119,4,3,73200.0,True,1,0.663,1,True,0
902636,1,Cash loans,F,0,129400.0,318400.0,23157.6,Secondary / secondary special,Married,Laborers,-18968,-2969,4,1,253800.0,True,5,0.835,1,True,0
902637,0,Cash loans,M,0,124000.0,456400.0,12284.9,Secondary / secondary special,Married,Drivers,-20590,-641,4,3,35300.0,True,2,0.855,0,True,1
902638,0,Cash loans,F,0,115100.0,338300.0,8989.9,Higher education,Married,Managers,-17434,-1747,5,2,143100.0,True,3,0.893,0,True,0
902639,0,Cash loans,M,0,59200.0,133200.0,6974.8,Secondary / secondary special,Civil marriage,Laborers,-13222,-3710,6,3,143600.0,True,2,0.96,0,True,0
902640,0,Cash loans,F,2,133300.0,791200.0,42133.7,Higher education,Single / not married,Laborers,-23099,-875,4,2,43700.0,True,1,0.702,1,True,0
902641,0,Cash loans,F,1,178200.0,491500.0,32510.8,Higher education,Married,Sales staff,-18920,-589,4,0,297000.0,True,2,0.843,1,True,1
902642,0,Cash loans,F,0,157200.0,758900.0,27521.3,Secondary / secondary special,Married,Medicine staff,-20283,-1131,3,3,509300.0,True,6,0.854,0,True,2
902643,0,Cash loans,F,3,197900.0,943500.0,59073.5,Secondary / secondary special,Married,Core staff,-19090,-3823,5,3,138300.0,True,5,0.527,0,True,0
902644,0,Cash loans,F,0,202800.0,527400.0,18547.7,Secondary / secondary special,Single / not married,Core staff,-20301,-5921,0,0,0.0,False,7,0.658,2,True,0
902645,0,Cash loans,F,0,420200.0,1155400.0,30110.5,Secondary / secondary special,Married,High skill tech staff,-10206,-3636,2,1,108700.0,True,3,0.597,1,True,0
902646,0,Cash loans,F,1,79600.0,310900.0,20155.2,Secondary / secondary special,Single / not married,,-23828,-39,0,0,0.0,False,4,0.865,1,True,0
902647,0,Cash loans,F,0,157400.0,846000.0,50425.7,Secondary / secondary special,Married,Laborers,-12672,-338,5,2,84200.0,True,3,0.442,0,True,0
902648,0,Cash loans,M,0,166500.0,803800.0,63113.8,Secondary / secondary special,Married,Managers,-22321,-1156,3,1,148900.0,True,1,0.847,0,True,0
902649,0,Cash loans,F,0,119300.0,341600.0,17565.1,Secondary / secondary special,Married,Laborers,-23317,-1854,5,2,110900.0,True,0,0.0,0,False,0
902650,0,Cash loans,F,0,102000.0,172800.0,4740.9,Higher education,Separated,Laborers,-19074,-631,3,0,888700.0,True,3,0.672,1,True,0
902651,0,Cash loans,F,1,179700.0,760700.0,72595.9,Secondary / secondary special,Married,,-18147,-2392,0,0,0.0,False,4,0.809,1,True,1
902652,0,Cash loans,F,0,171200.0,623300.0,21427.9,Secondary / secondary special,Married,Core staff,-9575,-767,2,0,51200.0,True,0,0.0,0,False,1
902653,0,Revolving loans,M,0,82700.0,252000.0,11709.6,Secondary / secondary special,Married,Core staff,-15307,-1713,5,3,21700.0,True,3,0.834,1,True,0
902654,0,Cash loans,F,0,57000.0,251300.0,12869.8,Higher education,Married,Accountants,-18381,-108,3,1,439500.0,True,3,0.554,0,True,0
902655,0,Cash loans,F,2,109500.0,633200.0,41751.5,Higher education,Married,,-9099,-2223,4,1,709200.0,True,5,0.889,1,True,0
902656,0,Cash loans,F,0,100000.0,556600.0,15911.1,Secondary / secondary special,Married,Medicine staff,-9617,-2043,0,0,0.0,False,6,0.652,0,True,2
902657,0,Cash loans,M,1,189200.0,850600.0,24524.5,Higher education,Single / not married,,-25070,-1876,3,2,284000.0,True,3,0.857,0,True,1
902658,0,Cash loans,F,0,88200.0,513000.0,45692.3,Secondary / secondary special,Single / not married,Managers,-13485,-3006,2,0,259100.0,True,0,0.0,0,False,0
902659,0,Cash loans,M,1,128100.0,420200.0,15393.6,Secondary / secondary special,Married,Sales staff,-13792,-814,1,1,147100.0,True,2,0.44,0,True,1
902660,0,Cash loans,M,0,59600.0,116500.0,5189.6,Secondary / secondary special,Married,Laborers,-12071,-1504,3,2,42400.0,True,1,0.87,1,True,0
902661,0,Cash loans,F,1,64500.0,228000.0,22380.9,Higher education,Married,Security staff,-18983,-1869,6,3,252500.0,True,2,0.828,0,True,2
902662,0,Cash loans,M,1,95300.0,426200.0,22244.1,Secondary / secondary special,Married,Laborers,-15953,-6389,2,1,617000.0,True,5,0.856,3,True,1
902663,0,Cash loans,F,0,123500.0,630600.0,40318.2,Secondary / secondary special,Married,,-21513,-2401,3,1,680000.0,True,3,0.812,1,True,0
902664,0,Cash loans,F,1,92900.0,531500.0,16153.3,Secondary / secondary special,Separated,Sales staff,-16643,-2969,3,0,256600.0,True,3,0.736,0,True,1
902665,0,Cash loans,F,0,150400.0,575600.0,24577.9,Higher education,Married,Sales staff,-7935,-962,1,1,378100.0,True,3,0.675,1,True,0
902666,0,Cash loans,F,0,59800.0,190100.0,5601.0,Lower secondary,Married,Managers,-16121,-1963,1,0,19700.0,True,3,0.829,0,True,1
902667,0,Cash loans,F,0,125700.0,347900.0,8905.8,Secondary / secondary special,Single / not married,Laborers,-8631,-1726,0,0,0.0,False,6,0.717,3,True,1
902668,1,Revolving loans,M,0,126500.0,535200.0,24281.5,Secondary / secondary special,Single / not married,,-22150,-4193,3,1,287700.0,True,3,0.841,0,True,0
902669,0,Cash loans,M,1,67900.0,313500.0,11758.3,Secondary / secondary special,Married,Laborers,-9656,-687,6,1,101800.0,True,5,0.337,1,True,0
902670,0,Cash loans,M,0,156900.0,681900.0,17401.3,Incomplete higher,Married,Core staff,-11466,-925,3,0,161100.0,True,5,0.642,2,True,0
902671,0,Cash loans,F,0,47300.0,112500.0,7505.9,Secondary / secondary special,Married,Sales staff,-15723,-147,4,3,81800.0,True,3,0.978,1,True,0
902672,0,Cash loans,F,0,99400.0,348700.0,29995.1,Secondary / secondary special,Married,High skill tech staff,-11084,-1304,4,1,26500.0,True,2,0.27,1,True,1
902673,0,Cash loans,F,0,207600.0,380800.0,15808.4,Secondary / secondary special,Single / not married,,-17112,-8828,4,1,287900.0,True,3,0.651,0,True,0
902674,0,Cash loans,M,1,46000.0,176700.0,7172.4,Secondary / secondary special,Single / not married,Sales staff,-15736,-3067,4,1,1171600.0,True,4,0.61,0,True,0
902675,0,Cash loans,F,0,195800.0,482400.0,12738.1,Secondary / secondary special,Married,Low-skill Laborers,-24353,-1199,7,5,56200.0,True,2,0.508,1,True,1
902676,0,Cash loans,F,0,78200.0,430200.0,18175.7,Secondary / secondary special,Married,Laborers,-9213,-128,1,1,159600.0,True,3,0.654,0,True,0
902677,0,Cash loans,M,0,104200.0,535300.0,22955.2,Higher education,Single / not married,Laborers,-17769,-602,3,1,34100.0,True,2,0.778,0,True,0
902678,0,Cash loans,M,0,282900.0,1355500.0,54342.8,Higher education,Married,Low-skill Laborers,-20286,-694,5,4,189100.0,True,3,0.886,0,True,1
902679,0,Cash loans,F,0,102300.0,205200.0,8781.0,Secondary / secondary special,Single / not married,,-9901,-3331,2,1,73000.0,True,3,0.845,0,True,0
902680,0,Cash loans,F,0,313700.0,1101300.0,29794.7,Secondary / secondary special,Single / not married,Sales staff,-18815,-49,5,4,126200.0,True,4,0.16,2,True,1
902681,0,Cash loans,F,0,120200.0,277800.0,9735.7,Secondary / secondary special,Married,Laborers,-22806,-1502,4,1,439100.0,True,5,0.892,0,True,1
902682,0,Revolving loans,M,0,134200.0,227700.0,6719.0,Secondary / secondary special,Single / not married,,-21462,-438,5,2,204000.0,True,4,0.734,1,True,0
902683,0,Cash loans,M,1,213300.0,706300.0,48248.9,Secondary / secondary special,Married,Drivers,-24049,-490,4,2,129800.0,True,1,0.482,0,True,1
902684,0,Cash loans,M,1,183800.0,535200.0,14752.2,Secondary / secondary special,Married,,-20289,-12391,5,1,53200.0,True,3,0.912,0,True,0
902685,0,Cash loans,F,0,151200.0,851600.0,21779.3,Secondary / secondary special,Married,Medicine staff,-14567,-551,2,1,318200.0,True,2,0.818,0,True,0
902686,0,Cash loans,F,0,111000.0,629100.0,16253.1,Academic degree,Civil marriage,Laborers,-23791,-3857,4,2,43600.0,True,3,0.619,0,True,0
902687,0,Revolving loans,F,0,64500.0,368100.0,9322.9,Secondary / secondary special,Married,,-11613,-5043,1,0,640700.0,True,0,0.0,0,False,0
902688,0,Cash loans,F,1,66100.0,103400.0,3344.1,Secondary / secondary special,Married,,-17891,-1745,4,1,168300.0,True,3,0.635,0,True,1
902689,0,Cash loans,M,0,269900.0,1035100.0,34337.2,Secondary / secondary special,Married,High skill tech staff,-21079,-13270,4,3,48000.0,True,2,0.576,0,True,0
902690,0,Cash loans,F,0,327500.0,518100.0,43102.6,Higher education,Single / not married,Laborers,-22947,-1236,5,2,28300.0,True,2,0.771,0,True,0
902691,0,Cash loans,F,1,149400.0,630500.0,34103.9,Secondary / secondary special,Single / not married,,-23722,-882,0,0,0.0,False,2,0.934,1,True,1
902692,0,Revolving loans,F,1,57700.0,218600.0,6503.7,Secondary / secondary special,Married,,-9153,-616,2,1,100900.0,True,2,0.689,0,True,0
902693,1,Cash loans,F,0,95200.0,327200.0,15705.9,Secondary / secondary special,Married,Sales staff,-20385,-1032,0,0,0.0,False,1,0.602,0,True,2
902694,0,Revolving loans,F,1,92800.0,161200.0,5633.3,Secondary / secondary special,Married,,-11240,-2125,0,0,0.0,False,4,0.247,0,True,0
902695,0,Cash loans,F,0,106000.0,209000.0,7573.9,Secondary / secondary special,Single / not married,Cooking staff,-21315,-2480,0,0,0.0,False,3,0.472,0,True,0
902696,0,Cash loans,F,0,90000.0,261800.0,9547.3,Secondary / secondary special,Married,,-19941,-1179,4,2,9200.0,True,2,0.542,1,True,1
902697,0,Revolving loans,M,2,181600.0,470200.0,22270.6,Secondary / secondary special,Single / not married,,-10842,-4272,4,1,164100.0,True,1,0.791,0,True,0
902698,0,Revolving loans,M,1,158400.0,365100.0,9990.5,Secondary / secondary special,Single / not married,Laborers,-22256,-53,4,2,67600.0,True,3,0.805,0,True,0
902699,0,Cash loans,M,0,308500.0,1644500.0,94140.1,Secondary / secondary special,Civil marriage,,-15755,-2530,8,5,166000.0,True,4,0.303,2,True,1
902700,0,Revolving loans,F,1,115200.0,187600.0,5665.8,Secondary / secondary special,Married,Drivers,-17193,-2937,0,0,0.0,False,4,0.579,2,True,1
902701,0,Cash loans,M,0,154700.0,383700.0,35655.4,Incomplete higher,Civil marriage,Security staff,-24683,-4183,3,3,405500.0,True,4,0.796,1,True,0
902702,0,Cash loans,F,1,202800.0,1141100.0,32461.7,Secondary / secondary special,Married,Core staff,-19169,-2646,6,1,216500.0,True,4,0.631,0,True,0
902703,0,Cash loans,F,1,233300.0,1265100.0,38636.6,Higher education,Single / not married,Accountants,-17976,-3884,3,0,646800.0,True,0,0.0,0,False,2
902704,0,Cash loans,F,0,75500.0,233900.0,5941.3,Secondary / secondary special,Married,Drivers,-7958,-618,1,0,676400.0,True,1,0.678,0,True,1
902705,0,Cash loans,F,1,171400.0,877500.0,64411.6,Secondary / secondary special,Separated,,-11155,-1202,4,1,812300.0,True,3,0.816,0,True,0
902706,0,Cash loans,M,0,150700.0,329300.0,9654.6,Secondary / secondary special,Married,,-8130,-1560,5,1,76800.0,True,2,0.664,0,True,0
902707,0,Cash loans,F,1,162900.0,713800.0,37040.6,Incomplete higher,Single / not married,Core staff,-13504,-1462,0,0,0.0,False,4,0.824,1,True,0
902708,0,Cash loans,F,0,144200.0,789400.0,45269.2,Secondary / secondary special,Married,Low-skill Laborers,-13700,-466,2,1,348600.0,True,2,0.885,0,True,0
902709,0,Cash loans,F,0,329700.0,1194800.0,73976.6,Secondary / secondary special,Widow,High skill tech staff,-16956,-1955,2,0,151400.0,True,1,0.639,0,True,1
902710,0,Cash loans,F,0,89700.0,201900.0,6398.8,Secondary / secondary special,Married,Core staff,-19749,-8651,4,2,467300.0,True,2,0.853,1,True,0
902711,0,Cash loans,M,0,87100.0,357500.0,9340.6,Secondary / secondary special,Married,,-10807,-1758,0,0,0.0,False,3,0.703,0,True,0
902712,0,Cash loans,F,0,92900.0,452100.0,15291.7,Secondary / secondary special,Married,Drivers,-18205,-471,1,1,29100.0,True,4,0.796,0,True,0
902713,0,Cash loans,F,1,121100.0,653400.0,36352.0,Secondary / secondary special,Civil marriage,Managers,-23730,-1029,3,0,606100.0,True,3,0.277,0,True,0
902714,0,Cash loans,M,2,162100.0,519700.0,23628.2,Secondary / secondary special,Civil marriage,Cooking staff,-10906,-1448,3,0,76500.0,True,1,0.757,0,True,1
902715,0,Cash loans,M,1,111400.0,309500.0,17962.1,Secondary / secondary special,Single / not married,Managers,-19212,-248,0,0,0.0,False,5,0.954,0,True,1
902716,0,Cash loans,F,0,231600.0,1061900.0,87806.6,Secondary / secondary special,Married,,-8463,-533,1,0,5010800.0,True,5,0.774,3,True,1
902717,0,Cash loans,F,2,139800.0,366900.0,11111.5,Higher education,Single / not married,Core staff,-16970,-3964,4,4,45600.0,True,3,0.484,0,True,0
902718,0,Cash loans,M,0,133400.0,345800.0,26328.6,Secondary / secondary special,Married,Laborers,-20656,-695,0,0,0.0,False,1,0.891,1,True,0
902719,1,Cash loans,F,0,72000.0,167100.0,5668.4,Secondary / secondary special,Married,Laborers,-8261,-1691,3,1,46800.0,True,5,0.872,2,True,0
902720,0,Revolving loans,F,1,348000.0,1097500.0,48034.5,Secondary / secondary special,Civil marriage,Core staff,-13510,-2078,2,0,94100.0,True,4,0.516,1,True,3
902721,0,Cash loans,F,0,136700.0,475300.0,39024.8,Secondary / secondary special,Married,Medicine staff,-23046,-4087,1,0,69500.0,True,3,0.679,1,True,0
902722,0,Cash loans,F,0,317400.0,1511400.0,79358.3,Higher education,Married,Drivers,-11615,-1460,5,3,50100.0,True,3,0.907,0,True,0
902723,1,Cash loans,M,0,102600.0,203600.0,16602.0,Academic degree,Single / not married,,-20329,-10366,3,2,389400.0,True,3,0.684,1,True,1
902724,0,Cash loans,M,0,212100.0,724700.0,25095.4,Secondary / secondary special,Married,,-18391,-556,4,1,1824500.0,True,3,0.738,0,True,0
902725,0,Cash loans,F,0,105700.0,471500.0,15708.5,Secondary / secondary special,Single / not married,Laborers,-10532,-655,2,0,151000.0,True,3,0.967,1,True,2
902726,0,Cash loans,M,0,347600.0,1373800.0,37288.0,Secondary / secondary special,Married,Managers,-20659,-1336,2,2,21300.0,True,3,0.817,1,True,0
902727,0,Cash loans,M,0,245200.0,1237200.0,66570.2,Secondary / secondary special,Married,Core staff,-16987,-381,7,4,47500.0,True,3,0.766,0,True,2
902728,0,Revolving loans,F,0,214100.0,1180900.0,77259.1,Secondary / secondary special,Married,Sales staff,-9627,-905,4,0,59800.0,True,3,0.325,0,True,1
902729,0,Cash loans,M,0,97400.0,239300.0,9873.0,Higher education,Single / not married,Laborers,-24297,-682,3,1,167600.0,True,1,0.66,0,True,1
902730,0,Revolving loans,M,0,363200.0,2029900.0,58953.3,Secondary / secondary special,Single / not married,Drivers,-16284,-1576,0,0,0.0,False,2,0.724,0,True,0
902731,0,Cash loans,F,1,387900.0,2127300.0,78861.8,Secondary / secondary special,Single / not married,,-20718,-436,2,0,1537300.0,True,3,0.878,1,True,0
902732,1,Cash loans,F,0,115800.0,363300.0,9480.9,Incomplete higher,Married,Core staff,-11479,-1738,1,0,134800.0,True,4,0.9,0,True,2
902733,0,Cash loans,M,0,151800.0,783300.0,61861.1,Secondary / secondary special,Single / not married,Drivers,-10068,-779,6,4,364400.0,True,4,0.42,0,True,1
902734,0,Cash loans,M,0,222500.0,849600.0,26904.9,Secondary / secondary special,Married,,-20652,-197,3,0,124300.0,True,5,0.947,3,True,0
902735,0,Cash loans,F,2,52200.0,268800.0,8992.2,Secondary / secondary special,Married,,-19470,-1536,3,1,143400.0,True,4,0.767,1,True,1
902736,0,Cash loans,F,0,248300.0,1208200.0,69828.9,Secondary / secondary special,Married,Core staff,-12467,-2817,2,1,101000.0,True,0,0.0,0,False,1
902737,0,Cash loans,M,0,233600.0,1362100.0,83885.9,Secondary / secondary special,Married,,-20739,-3303,4,1,149100.0,True,3,0.419,0,True,1
902738,0,Cash loans,F,1,105600.0,263500.0,12278.3,Secondary / secondary special,Civil marriage,Laborers,-16512,-924,3,0,86900.0,True,3,0.818,0,True,0
902739,0,Cash loans,M,1,46800.0,225200.0,11445.6,Secondary / secondary special,Married,Security staff,-13772,-2476,3,1,156200.0,True,2,0.792,0,True,0
902740,0,Cash loans,M,1,165400.0,258400.0,12888.2,Higher education,Single / not married,,-21451,-440,4,1,81400.0,True,4,0.563,1,True,0
902741,0,Cash loans,F,0,79400.0,448400.0,14160.2,Secondary / secondary special,Married,Medicine staff,-18471,-920,4,1,1818700.0,True,4,0.826,0,True,0
902742,0,Cash loans,M,0,63300.0,151600.0,11928.4,Secondary / secondary special,Married,,-16552,-1235,2,2,231100.0,True,3,0.591,0,True,0
902743,1,Cash loans,F,0,168500.0,535900.0,16514.7,Secondary / secondary special,Married,Laborers,-21209,-2175,4,3,283700.0,True,2,0.849,1,True,1
902744,0,Cash loans,F,1,270600.0,1432500.0,57340.4,Secondary / secondary special,Married,,-17210,-4781,6,3,124500.0,True,3,0.787,0,True,0
902745,0,Revolving loans,F,0,125500.0,458000.0,30092.9,Secondary / secondary special,Married,Managers,-24108,-3530,1,0,29600.0,True,2,0.861,0,True,0
902746,0,Cash loans,F,1,253200.0,1136100.0,37764.3,Secondary / secondary special,Married,Low-skill Laborers,-21997,-2742,3,0,34000.0,True,1,0.754,0,True,2
902747,0,Cash loans,M,0,195100.0,610000.0,28755.4,Secondary / secondary special,Civil marriage,,-13940,-3102,4,2,123800.0,True,3,0.335,1,True,0
902748,0,Cash loans,M,0,70500.0,282000.0,20159.9,Secondary / secondary special,Widow,Security staff,-15810,-3206,6,3,119400.0,True,5,0.805,1,True,0
902749,0,Cash loans,F,0,106100.0,562800.0,20365.7,Secondary / secondary special,Married,Managers,-24437,-442,2,0,230500.0,True,1,0.927,0,True,0
902750,0,Cash loans,M,1,240200.0,1325000.0,67608.5,Secondary / secondary special,Married,Cleaning staff,-23348,-3507,1,1,184000.0,True,4,0.497,1,True,0
902751,0,Cash loans,F,1,105700.0,375600.0,20294.5,Higher education,Married,Core staff,-11014,-909,5,3,89400.0,True,3,0.388,0,True,0
902752,0,Cash loans,F,0,210900.0,999800.0,41087.3,Secondary / secondary special,Widow,Managers,-12470,-268,6,1,2769100.0,True,1,0.585,0,True,0
902753,0,Cash loans,F,1,114000.0,410700.0,16045.6,Higher education,Separated,Cooking staff,-14049,-2450,3,2,219900.0,True,5,0.785,0,True,0
902754,0,Revolving loans,M,0,200800.0,1150300.0,37004.0,Secondary / secondary special,Separated,Managers,-23079,-2180,3,2,92300.0,True,0,0.0,0,False,0
902755,0,Cash loans,F,0,173500.0,828300.0,33446.0,Secondary / secondary special,Married,High skill tech staff,-23913,-4741,0,0,0.0,False,2,0.846,1,True,0
902756,0,Cash loans,M,0,123700.0,425600.0,16365.9,Secondary / secondary special,Widow,,-21722,-1341,7,5,331600.0,True,3,0.716,0,True,0
902757,0,Cash loans,F,1,198000.0,740800.0,27322.4,Secondary / secondary special,Married,,-12495,-772,0,0,0.0,False,1,0.738,0,True,0
902758,0,Cash loans,F,0,47500.0,110400.0,2919.2,Secondary / secondary special,Married,Core staff,-23206,-4332,9,5,427900.0,True,2,0.793,0,True,0
902759,0,Cash loans,F,0,81400.0,466800.0,35804.1,Secondary / secondary special,Single / not married,,-8241,-238,5,0,136400.0,True,4,0.737,2,True,0
902760,0,Cash loans,F,1,111000.0,293900.0,9828.8,Secondary / secondary special,Married,Laborers,-15072,-417,5,2,98200.0,True,4,0.378,0,True,0
902761,0,Cash loans,M,0,251600.0,582700.0,52395.6,Secondary / secondary special,Civil marriage,Accountants,-14281,-1759,8,1,30800.0,True,2,0.82,0,True,1
902762,0,Cash loans,F,1,67900.0,240000.0,13503.3,Secondary / secondary special,Married,Core staff,-17042,-8,0,0,0.0,False,4,0.77,2,True,0
902763,0,Revolving loans,F,0,137600.0,656000.0,19449.7,Secondary / secondary special,Civil marriage,Cooking staff,-17487,-1365,1,0,45400.0,True,0,0.0,0,False,0
902764,0,Cash loans,F,0,164100.0,750300.0,36000.8,Secondary / secondary special,Married,Laborers,-11614,-2462,2,0,342400.0,True,4,0.714,2,True,1
902765,0,Cash loans,M,0,158400.0,419100.0,38802.2,Secondary / secondary special,Married,,-11248,-911,4,2,77700.0,True,3,0.855,1,True,1
902766,0,Cash loans,F,1,133300.0,358900.0,14129.9,Secondary / secondary special,Single / not married,,-21743,-3801,0,0,0.0,False,7,0.499,1,True,0
902767,0,Cash loans,M,0,102700.0,262900.0,11365.2,Secondary / secondary special,Married,Low-skill Laborers,-8999,-227,11,6,615300.0,True,1,0.644,0,True,1
902768,0,Cash loans,F,0,123800.0,521800.0,13802.4,Secondary / secondary special,Married,Laborers,-16307,-802,6,1,65500.0,True,2,0.872,0,True,0
902769,0,Cash loans,F,0,227900.0,1323400.0,34583.8,Secondary / secondary special,Married,Security staff,-11022,-1401,6,2,59500.0,True,2,0.452,0,True,1
902770,0,Cash loans,M,0,99200.0,545800.0,29721.2,Secondary / secondary special,Civil marriage,Laborers,-13263,-2601,0,0,0.0,False,4,0.751,1,True,0
902771,1,Cash loans,F,1,47600.0,179500.0,5186.4,Higher education,Separated,,-12523,-240,2,2,248500.0,True,4,0.675,0,True,2
902772,0,Cash loans,F,0,176700.0,565500.0,22227.0,Secondary / secondary special,Single / not married,Drivers,-20078,-4564,10,4,332100.0,True,4,0.665,1,True,0
902773,0,Cash loans,M,0,295800.0,970500.0,37034.9,Secondary / secondary special,Single / not married,Core staff,-15654,-1127,0,0,0.0,False,5,0.72,1,True,0
902774,0,Cash loans,M,1,82800.0,424600.0,31630.2,Secondary / secondary special,Civil marriage,Sales staff,-12911,-6086,5,1,48900.0,True,0,0.0,0,False,1
902775,0,Revolving loans,F,0,276400.0,1223800.0,34870.3,Higher education,Married,Laborers,-22230,-1337,6,3,189300.0,True,2,0.741,0,True,1
902776,0,Cash loans,F,0,181600.0,306100.0,10862.9,Higher education,Married,Laborers,-9168,-2151,3,0,98800.0,True,2,0.434,0,True,0
902777,0,Cash loans,F,2,78500.0,144500.0,3738.1,Secondary / secondary special,Married,High skill tech staff,-21091,-3384,1,0,49700.0,True,2,0.661,0,True,0
902778,0,Cash loans,F,2,98500.0,361100.0,10783.3,Incomplete higher,Separated,,-12015,-683,2,1,203900.0,True,3,0.682,1,True,1
902779,0,Cash loans,F,0,96300.0,375100.0,15630.1,Secondary / secondary special,Married,,-23748,-2308,2,0,22900.0,True,4,0.693,1,True,0
902780,0,Revolving loans,F,0,152300.0,886800.0,24827.6,Incomplete higher,Widow,,-7762,-1192,10,3,209400.0,True,3,0.735,0,True,0
902781,0,Cash loans,F,0,127900.0,273000.0,13966.7,Secondary / secondary special,Single / not married,Sales staff,-17417,-213,3,0,55700.0,True,3,0.674,0,True,0
902782,0,Cash loans,M,1,243300.0,1249200.0,34807.0,Secondary / secondary special,Married,High skill tech staff,-18567,-3680,2,2,327000.0,True,5,0.764,2,True,1
902783,0,Cash loans,F,0,214100.0,1183900.0,87854.7,Secondary / secondary special,Married,Core staff,-17779,-110,4,0,167700.0,True,4,0.834,1,True,1
902784,0,Cash loans,F,0,64700.0,207000.0,10300.7,Secondary / secondary special,Married,Low-skill Laborers,-21944,-3821,5,3,268100.0,True,4,0.824,1,True,2
902785,0,Revolving loans,F,1,68900.0,153500.0,4258.3,Higher education,Married,Core staff,-9630,-593,3,3,654900.0,True,1,0.944,0,True,0
902786,0,Cash loans,F,0,190300.0,496400.0,46310.0,Secondary / secondary special,Married,Sales staff,-14945,-3037,4,2,72000.0,True,4,0.797,1,True,0
902787,0,Cash loans,F,0,108200.0,485000.0,13450.7,Secondary / secondary special,Single / not married,Sales staff,-22797,-2377,5,3,51100.0,True,3,0.831,0,True,0
902788,0,Revolving loans,M,1,128300.0,232700.0,20771.9,Secondary / secondary special,Married,Medicine staff,-23235,-6019,4,2,562400.0,True,1,0.741,0,True,1
902789,1,Cash loans,F,0,184000.0,1009300.0,33906.8,Incomplete higher,Single / not married,,-16395,-1756,0,0,0.0,False,2,0.97,0,True,0
902790,0,Cash loans,M,1,215100.0,1055000.0,36200.1,Incomplete higher,Married,Laborers,-17440,-3505,6,0,614100.0,True,3,0.8,1,True,0
902791,0,Cash loans,F,1,75600.0,383700.0,32722.0,Secondary / secondary special,Civil marriage,Laborers,-21048,-2786,3,1,11500.0,True,1,0.864,0,True,0
902792,0,Cash loans,F,1,46100.0,222700.0,6336.3,Secondary / secondary special,Civil marriage,Cleaning staff,-21323,-437,2,2,290900.0,True,2,0.897,0,True,0
902793,0,Cash loans,F,0,132300.0,275100.0,21872.2,Secondary / secondary special,Single / not married,,-23224,-2128,6,3,53700.0,True,5,0.487,2,True,1
902794,0,Cash loans,F,0,91300.0,437200.0,12301.2,Secondary / secondary special,Married,,-22449,-1168,0,0,0.0,False,3,0.372,0,True,0
902795,0,Cash loans,M,2,144700.0,607200.0,15374.5,Lower secondary,Widow,Core staff,-14925,-1575,2,2,113600.0,True,2,0.549,0,True,0
902796,0,Cash loans,M,0,133900.0,231600.0,7678.1,Higher education,Civil marriage,Core staff,-19048,-589,6,2,103600.0,True,3,0.848,0,True,1
902797,0,Cash loans,F,0,86000.0,239200.0,6310.0,Secondary / secondary special,Civil marriage,Laborers,-16131,-147,6,1,97400.0,True,4,0.683,1,True,0
902798,0,Cash loans,F,0,397500.0,1353100.0,47048.6,Secondary / secondary special,Married,Sales staff,-9731,-786,8,2,77500.0,True,4,0.887,0,True,1
902799,0,Cash loans,M,0,141200.0,556800.0,14120.7,Higher education,Civil marriage,Core staff,-22060,-2546,2,1,36700.0,True,1,0.536,0,True,0
902800,0,Cash loans,F,1,105100.0,243000.0,7167.0,Incomplete higher,Married,Laborers,-18207,-336,4,1,98500.0,True,3,0.919,1,True,2
902801,0,Cash loans,M,1,147300.0,570400.0,18776.5,Lower secondary,Married,Laborers,-8681,-535,0,0,0.0,False,5,0.914,1,True,0
902802,0,Cash loans,F,1,182500.0,1060200.0,26727.3,Secondary / secondary special,Single / not married,,-19523,-5626,2,1,777000.0,True,3,0.812,0,True,1
902803,0,Cash loans,F,0,102000.0,315800.0,12881.5,Secondary / secondary special,Married,Drivers,-12624,-6054,4,3,263500.0,True,5,0.703,2,True,2
902804,1,Cash loans,F,1,446600.0,974300.0,39751.2,Incomplete higher,Married,Laborers,-8878,-951,3,2,109100.0,True,2,0.676,0,True,0
902805,0,Revolving loans,F,1,65400.0,236000.0,6638.7,Secondary / secondary special,Married,Core staff,-18292,-490,6,2,100600.0,True,4,0.843,0,True,1
902806,0,Cash loans,F,2,67700.0,238800.0,7899.8,Secondary / secondary special,Married,Laborers,-20493,-646,6,2,5600.0,True,5,0.508,0,True,2
902807,0,Cash loans,F,0,62900.0,354000.0,24709.7,Secondary / secondary special,Married,,-16727,-3035,5,2,97500.0,True,1,0.477,0,True,0
902808,0,Cash loans,M,1,140300.0,502400.0,26113.4,Secondary / secondary special,Married,Managers,-7763,-47,4,1,173900.0,True,0,0.0,0,False,0
902809,0,Cash loans,F,0,177300.0,460100.0,16705.9,Higher education,Married,Laborers,-17771,-2639,1,0,76500.0,True,3,0.425,0,True,1
902810,0,Cash loans,F,0,118700.0,298000.0,28434.5,Higher education,Married,,-7780,-1210,5,1,84000.0,True,1,0.734,0,True,0
902811,0,Cash loans,F,0,177100.0,293200.0,11583.5,Higher education,Widow,Cooking staff,-23895,-153,1,0,9800.0,True,1,0.942,0,True,0
902812,0,Cash loans,F,0,175900.0,850700.0,49987.9,Secondary / secondary special,Married,Medicine staff,-12348,-5778,0,0,0.0,False,5,0.692,1,True,0
902813,0,Cash loans,F,0,116900.0,316200.0,18487.0,Lower secondary,Married,Managers,-22925,-1323,2,0,44700.0,True,4,0.814,1,True,0
902814,0,Cash loans,M,2,173400.0,874900.0,23735.7,Secondary / secondary special,Widow,Sales staff,-7877,-837,3,0,67700.0,True,2,0.813,1,True,0
902815,0,Cash loans,M,0,126900.0,504600.0,27326.5,Secondary / secondary special,Separated,Core staff,-9368,-775,5,3,5300.0,True,1,0.929,0,True,1
902816,1,Cash loans,M,1,114100.0,536500.0,14520.7,Secondary / secondary special,Single / not married,Laborers,-15573,-2111,6,3,121700.0,True,2,0.98,0,True,0
902817,0,Cash loans,M,0,109100.0,263400.0,10126.2,Higher education,Married,,-20955,-7038,5,4,135900.0,True,2,0.731,0,True,1
902818,0,Cash loans,F,1,157300.0,345700.0,9136.8,Higher education,Married,Core staff,-24178,-2644,3,2,235700.0,True,2,0.642,0,True,0
902819,0,Cash loans,F,0,257400.0,870400.0,27305.2,Higher education,Married,Managers,-16794,-1093,7,4,93500.0,True,4,0.4,0,True,0
902820,0,Cash loans,F,0,76600.0,237900.0,10610.8,Higher education,Civil marriage,Sales staff,-13892,-2041,0,0,0.0,False,0,0.0,0,False,0
902821,0,Cash loans,M,0,110100.0,415900.0,37619.0,Secondary / secondary special,Widow,Medicine staff,-8445,-547,6,2,1068000.0,True,3,0.637,0,True,0
902822,0,Cash loans,F,0,151900.0,739300.0,20117.4,Higher education,Married,Laborers,-17891,-5291,5,2,31900.0,True,0,0.0,0,False,0
902823,0,Cash loans,M,0,337000.0,1883800.0,60339.1,Secondary / secondary special,Married,Laborers,-14323,-7753,4,0,38000.0,True,3,0.354,0,True,0
902824,0,Cash loans,M,2,173700.0,725100.0,51635.0,Higher education,Civil marriage,Laborers,-23593,-1808,0,0,0.0,False,3,0.462,0,True,0
902825,0,Cash loans,F,0,93300.0,234800.0,6170.1,Higher education,Civil marriage,Managers,-16075,-721,0,0,0.0,False,2,0.786,1,True,0
902826,0,Revolving loans,F,0,88200.0,249500.0,10118.2,Secondary / secondary special,Single / not married,,-21075,-396,6,3,39200.0,True,3,0.814,0,True,0
902827,0,Cash loans,F,0,229100.0,1277300.0,117330.0,Secondary / secondary special,Married,Laborers,-22525,-11165,6,3,959300.0,True,2,0.633,0,True,0
902828,0,Revolving loans,F,0,119700.0,292500.0,15495.6,Secondary / secondary special,Single / not married,Managers,-9386,-2816,2,1,53200.0,True,6,0.493,0,True,0
902829,0,Cash loans,F,0,75700.0,145900.0,4076.1,Higher education,Married,Sales staff,-15388,-5728,4,2,114500.0,True,5,0.742,2,True,0
902830,0,Cash loans,F,0,232400.0,1311900.0,58117.0,Secondary / secondary special,Married,,-23322,-16,1,1,312600.0,True,2,0.603,2,True,1
902831,0,Cash loans,M,0,163300.0,264500.0,7726.3,Secondary / secondary special,Married,Core staff,-15101,-1725,6,2,727200.0,True,5,0.795,2,True,0
902832,1,Cash loans,M,0,77100.0,375500.0,17003.9,Higher education,Married,Medicine staff,-17566,-2503,4,1,50200.0,True,3,0.678,2,True,2
902833,0,Cash loans,F,0,71600.0,154300.0,11006.9,Secondary / secondary special,Married,Sales staff,-22961,-5167,4,1,338900.0,True,2,0.73,0,True,0
902834,0,Cash loans,F,1,47400.0,213200.0,13460.8,Secondary / secondary special,Married,Managers,-11740,-3922,3,2,132900.0,True,0,0.0,0,False,1
902835,0,Cash loans,M,1,102600.0,240000.0,6586.9,Higher education,Married,,-23338,-498,2,2,29800.0,True,3,0.945,0,True,0
902836,0,Cash loans,F,0,163000.0,902600.0,58469.4,Secondary / secondary special,Married,Laborers,-14620,-3277,6,3,76500.0,True,2,0.266,0,True,0
902837,0,Cash loans,M,1,226300.0,390200.0,10251.3,Secondary / secondary special,Married,,-18054,-1471,5,3,39900.0,True,3,0.654,1,True,0
902838,0,Cash loans,F,0,173100.0,496800.0,26629.2,Higher education,Widow,Low-skill Laborers,-13412,-5557,3,2,317700.0,True,6,0.543,1,True,0
902839,0,Cash loans,M,1,72900.0,366200.0,9354.0,Secondary / secondary special,Single / not married,,-16900,-555,5,3,31300.0,True,0,0.0,0,False,0
902840,0,Cash loans,M,1,121500.0,492400.0,38155.7,Secondary / secondary special,Married,Cooking staff,-8528,-1958,6,2,242200.0,True,4,0.752,1,True,0
902841,0,Cash loans,M,1,286100.0,972300.0,36757.4,Secondary / secondary special,Single / not married,Laborers,-8808,-55,4,1,147300.0,True,2,0.535,0,True,1
902842,0,Cash loans,M,0,108400.0,375100.0,33892.1,Higher education,Married,Sales staff,-14930,-2493,5,3,215900.0,True,0,0.0,0,False,0
902843,0,Revolving loans,F,1,205600.0,773100.0,43683.5,Secondary / secondary special,Married,Sales staff,-13533,-6963,5,3,149000.0,True,3,0.763,0,True,0
902844,0,Cash loans,F,1,193300.0,1155300.0,32397.0,Higher education,Married,,-18453,-5476,7,2,56800.0,True,3,0.838,1,True,0
902845,0,Revolving loans,M,1,204700.0,927600.0,59422.7,Secondary / secondary special,Separated,,-8329,-11,2,0,226900.0,True,2,0.791,1,True,1
902846,0,Cash loans,F,0,173700.0,641300.0,17452.3,Secondary / secondary special,Married,Laborers,-10602,-4032,4,3,171800.0,True,3,0.917,1,True,3
902847,0,Cash loans,F,1,204400.0,602600.0,21759.1,Secondary / secondary special,Civil marriage,Managers,-11337,-2136,2,1,84500.0,True,2,0.658,1,True,0
902848,1,Cash loans,F,0,66700.0,251300.0,7903.2,Secondary / secondary special,Single / not married,Managers,-15382,-423,5,3,2495500.0,True,3,0.434,0,True,0
902849,0,Cash loans,F,0,298700.0,1688200.0,81232.2,Higher education,Married,Low-skill Laborers,-11989,-570,3,0,40600.0,True,2,0.779,1,True,0
902850,0,Cash loans,F,0,56700.0,140900.0,3562.9,Secondary / secondary special,Civil marriage,,-10076,-1834,2,1,260100.0,True,0,0.0,0,False,0
902851,0,Cash loans,F,1,163600.0,499700.0,14360.3,Secondary / secondary special,Married,Drivers,-18134,-606,5,2,286300.0,True,0,0.0,0,False,0
902852,0,Cash loans,F,1,136600.0,244900.0,6556.5,Higher education,Single / not married,,-20697,-5235,5,1,108600.0,True,2,0.68,1,True,1
902853,0,Cash loans,F,0,102400.0,443500.0,30852.2,Secondary / secondary special,Single / not married,Sales staff,-19670,-2824,4,1,196000.0,True,5,0.408,1,True,1
902854,0,Cash loans,M,0,86000.0,425800.0,23650.0,Higher education,Married,,-12503,-5933,7,4,243800.0,True,4,0.471,0,True,0
902855,0,Cash loans,F,1,184300.0,800600.0,22725.1,Secondary / secondary special,Married,Cooking staff,-22634,-2203,7,0,137600.0,True,1,0.607,1,True,0
902856,0,Cash loans,M,0,209000.0,1077000.0,35798.1,Secondary / secondary special,Civil marriage,Sales staff,-18384,-3161,0,0,0.0,False,1,0.817,0,True,3
902857,0,Cash loans,M,0,133000.0,660800.0,30670.1,Secondary / secondary special,Married,Laborers,-18433,-757,4,2,136700.0,True,2,0.959,0,True,0
902858,0,Cash loans,F,0,121100.0,711600.0,29735.4,Secondary / secondary special,Separated,,-11394,-791,2,1,76700.0,True,2,0.818,1,True,0
902859,0,Cash loans,F,0,265700.0,939500.0,40572.4,Higher education,Married,Laborers,-11908,-820,1,0,675100.0,True,4,0.798,0,True,1
902860,0,Cash loans,F,0,113400.0,213000.0,7966.9,Secondary / secondary special,Married,,-15982,-375,4,3,391100.0,True,2,0.593,1,True,0
902861,0,Cash loans,M,0,137100.0,536000.0,21725.9,Higher education,Married,Managers,-11831,-381,4,2,162400.0,True,5,0.636,0,True,0
902862,0,Revolving loans,F,0,126400.0,628200.0,26571.7,Secondary / secondary special,Married,Sales staff,-19720,-2826,6,3,65900.0,True,0,0.0,0,False,0
902863,0,Cash loans,F,0,481600.0,1604300.0,80900.3,Secondary / secondary special,Widow,,-13070,-361,3,1,105400.0,True,2,0.551,0,True,0
902864,0,Cash loans,F,1,92000.0,324000.0,13807.2,Secondary / secondary special,Married,,-10326,-721,6,4,78000.0,True,3,0.8,1,True,0
902865,0,Cash loans,M,1,212200.0,1022400.0,66718.2,Higher education,Married,,-10321,-2460,5,4,134000.0,True,5,0.71,1,True,1
902866,0,Cash loans,F,0,59900.0,94400.0,6002.8,Higher education,Married,Laborers,-9894,-256,4,2,25500.0,True,3,0.822,0,True,1
902867,1,Cash loans,F,0,86700.0,386500.0,12610.7,Secondary / secondary special,Married,,-15369,-1149,4,1,80800.0,True,4,0.885,0,True,1
902868,1,Cash loans,M,0,119900.0,561400.0,14418.1,Secondary / secondary special,Married,,-7718,-125,4,4,44600.0,True,3,0.717,1,True,0
902869,0,Cash loans,F,0,131100.0,769300.0,46989.6,Higher education,Married,,-17167,-1993,0,0,0.0,False,2,0.694,0,True,2
902870,0,Cash loans,M,1,122100.0,584200.0,15625.2,Secondary / secondary special,Married,,-12891,-84,4,0,1115300.0,True,2,0.643,0,True,0
902871,0,Cash loans,M,0,133200.0,278300.0,9674.2,Secondary / secondary special,Married,Core staff,-17344,0,3,2,104500.0,True,3,0.526,0,True,0
902872,0,Cash loans,F,0,99200.0,371200.0,9620.4,Incomplete higher,Widow,Core staff,-24053,-1948,4,1,184600.0,True,2,0.828,0,True,0
902873,0,Cash loans,F,0,266500.0,886600.0,40562.5,Secondary / secondary special,Married,,-22890,-3715,5,2,116600.0,True,2,0.691,0,True,1
902874,0,Cash loans,F,0,84900.0,280500.0,9134.0,Incomplete higher,Civil marriage,Laborers,-17764,-165,6,1,297900.0,True,2,0.889,1,True,0
902875,0,Cash loans,M,0,203100.0,1022200.0,38843.7,Secondary / secondary special,Married,Core staff,-14989,-3161,4,1,97200.0,True,5,0.818,1,True,1
902876,0,Cash loans,M,0,196500.0,808600.0,20562.1,Secondary / secondary special,Single / not married,Laborers,-19900,-2736,8,2,81600.0,True,3,0.839,2,True,0
902877,0,Cash loans,F,1,87200.0,417600.0,35345.3,Secondary / secondary special,Married,Low-skill Laborers,-23838,-595,6,2,70300.0,True,3,0.68,0,True,1
902878,0,Cash loans,M,0,116500.0,565700.0,48093.6,Secondary / secondary special,Married,Managers,-16241,-890,9,4,66100.0,True,2,0.654,1,True,1
902879,0,Cash loans,F,1,139800.0,642700.0,17890.4,Higher education,Civil marriage,Sales staff,-9404,-2834,3,3,782300.0,True,3,0.416,0,True,0
902880,0,Cash loans,F,0,323500.0,1588400.0,136873.3,Secondary / secondary special,Single / not married,Sales staff,-21086,-9163,3,1,228000.0,True,4,0.568,0,True,0
902881,0,Cash loans,F,0,116400.0,289100.0,7767.1,Higher education,Married,Sales staff,-7848,-1278,5,2,76000.0,True,1,0.457,0,True,1
902882,0,Cash loans,M,0,857000.0,1666200.0,129963.1,Secondary / secondary special,Single / not married,,-21061,-2148,4,1,377200.0,True,2,0.69,0,True,0
902883,0,Cash loans,F,0,205500.0,457400.0,34203.5,Lower secondary,Married,,-9152,-2582,4,2,530300.0,True,2,0.63,0,True,0
902884,0,Cash loans,F,0,166200.0,854200.0,42875.3,Secondary / secondary special,Married,High skill tech staff,-9532,-2026,1,0,68400.0,True,5,0.641,0,True,0
902885,0,Cash loans,F,1,217800.0,1263700.0,39735.0,Secondary / secondary special,Single / not married,Medicine staff,-21360,-843,4,1,108600.0,True,0,0.0,0,False,1
902886,0,Cash loans,M,0,59300.0,338900.0,12409.8,Secondary / secondary special,Separated,Low-skill Laborers,-19745,-2545,5,2,151300.0,True,0,0.0,0,False,0
902887,0,Cash loans,M,0,251500.0,391800.0,10512.9,Secondary / secondary special,Married,Laborers,-17509,-3756,3,0,64300.0,True,3,0.689,0,True,1
902888,0,Cash loans,F,1,72300.0,432200.0,14960.6,Secondary / secondary special,Single / not married,Cooking staff,-22041,-48,0,0,0.0,False,3,0.704,0,True,2
902889,0,Revolving loans,F,0,216300.0,1187400.0,42603.4,Higher education,Civil marriage,Managers,-22580,-3305,3,1,87100.0,True,3,0.863,1,True,0
902890,1,Cash loans,F,0,104100.0,249300.0,9195.5,Incomplete higher,Married,Laborers,-15680,-4234,5,0,127600.0,True,2,0.419,0,True,0
902891,0,Cash loans,F,0,93900.0,376400.0,16969.0,Secondary / secondary special,Married,Security staff,-25120,-2328,4,2,4343000.0,True,3,0.976,0,True,0
902892,0,Cash loans,F,0,339600.0,2014100.0,69034.1,Secondary / secondary special,Married,Cleaning staff,-13929,-4862,0,0,0.0,False,1,0.64,0,True,1
902893,0,Cash loans,F,1,133200.0,482100.0,12301.1,Secondary / secondary special,Married,Sales staff,-10669,-4099,4,0,29700.0,True,4,0.639,0,True,0
902894,0,Cash loans,F,0,65100.0,377000.0,9626.1,Higher education,Married,Drivers,-22486,-2769,5,2,440100.0,True,2,0.929,0,True,0
902895,0,Cash loans,M,1,227900.0,899600.0,67505.4,Secondary / secondary special,Single / not married,Drivers,-14945,-1039,0,0,0.0,False,2,0.707,0,True,0
902896,0,Cash loans,F,0,76000.0,231800.0,9794.2,Secondary / secondary special,Married,Core staff,-22986,-42,4,1,107000.0,True,1,0.919,1,True,0
902897,0,Revolving loans,F,0,276400.0,614300.0,22121.0,Secondary / secondary special,Married,Laborers,-8736,-2166,0,0,0.0,False,0,0.0,0,False,0
902898,0,Cash loans,F,1,138900.0,273400.0,8685.5,Incomplete higher,Married,,-9610,-570,3,2,39000.0,True,3,0.374,0,True,0
902899,1,Cash loans,M,0,74000.0,346300.0,18211.4,Secondary / secondary special,Married,Low-skill Laborers,-8370,-1800,5,1,212100.0,True,3,0.678,1,True,4
902900,0,Revolving loans,F,0,211100.0,627800.0,15898.5,Secondary / secondary special,Single / not married,,-18212,-4400,4,1,122000.0,True,0,0.0,0,False,1
902901,0,Cash loans,F,0,181700.0,605900.0,26979.6,Secondary / secondary special,Married,,-22239,-1121,4,2,155800.0,True,3,0.668,0,True,1
902902,0,Cash loans,F,0,48400.0,276700.0,14907.7,Incomplete higher,Married,Laborers,-14719,-322,0,0,0.0,False,6,0.643,0,True,0
902903,0,Cash loans,F,1,135600.0,325300.0,9738.9,Higher education,Married,Laborers,-9253,-840,2,1,2064900.0,True,4,0.535,1,True,0
902904,0,Cash loans,M,0,162600.0,517000.0,18703.8,Higher education,Married,,-14208,-2755,0,0,0.0,False,2,0.448,1,True,0
902905,0,Cash loans,F,0,157900.0,883100.0,23780.0,Higher education,Married,,-13762,-751,4,1,59300.0,True,3,0.735,0,True,1
902906,1,Cash loans,F,0,127600.0,731500.0,55454.5,Secondary / secondary special,Single / not married,Medicine staff,-18938,-304,4,1,270500.0,True,2,0.83,0,True,1
902907,0,Cash loans,F,2,203200.0,1038800.0,89243.4,Secondary / secondary special,Single / not married,Sales staff,-19090,-594,0,0,0.0,False,1,0.876,0,True,0
902908,1,Cash loans,F,1,186100.0,600000.0,15668.1,Higher education,Single / not married,Cleaning staff,-9469,-2899,4,1,33900.0,True,4,0.607,1,True,2
902909,0,Cash loans,M,0,142200.0,293600.0,12557.9,Secondary / secondary special,Married,Accountants,-15026,-857,0,0,0.0,False,0,0.0,0,False,0
902910,0,Revolving loans,F,0,124400.0,628500.0,38126.3,Secondary / secondary special,Single / not married,Sales staff,-18921,-1328,5,0,41500.0,True,1,0.863,0,True,1
902911,0,Cash loans,F,1,150800.0,795600.0,24637.1,Secondary / secondary special,Married,Laborers,-12200,-775,5,2,33800.0,True,3,0.711,1,True,1
902912,0,Cash loans,F,0,103500.0,488200.0,12228.4,Higher education,Married,,-14797,-2719,1,1,117500.0,True,1,0.788,1,True,0
902913,0,Cash loans,F,0,84000.0,253500.0,6343.5,Secondary / secondary special,Married,Low-skill Laborers,-18416,-2587,1,0,72300.0,True,2,0.808,0,True,1
902914,0,Cash loans,F,0,79800.0,354000.0,9101.4,Secondary / secondary special,Civil marriage,Core staff,-14723,-354,2,1,36300.0,True,1,0.852,0,True,0
902915,0,Cash loans,M,0,133200.0,620700.0,42230.5,Secondary / secondary special,Married,High skill tech staff,-8205,-697,7,3,58800.0,True,1,0.903,0,True,2
902916,0,Cash loans,F,1,91200.0,501000.0,14108.8,Secondary / secondary special,Civil marriage,Low-skill Laborers,-11565,-36,3,2,84700.0,True,4,0.813,1,True,0
902917,0,Cash loans,F,0,129300.0,274900.0,20027.2,Secondary / secondary special,Married,,-21261,-2120,3,0,296900.0,True,3,0.564,0,True,0
902918,0,Cash loans,F,0,272200.0,731500.0,35330.2,Secondary / secondary special,Civil marriage,Security staff,-12018,-4278,4,1,50900.0,True,1,0.758,0,True,0
902919,0,Revolving loans,M,0,126200.0,418600.0,27270.7,Higher education,Married,Drivers,-21991,-3668,6,1,162400.0,True,2,0.844,0,True,0
902920,1,Cash loans,F,0,150000.0,772900.0,37373.1,Lower secondary,Single / not married,Laborers,-15845,-2116,3,1,19700.0,True,4,0.665,1,True,4
902921,0,Cash loans,F,0,124900.0,689700.0,39550.0,Secondary / secondary special,Married,Cooking staff,-15950,-1966,0,0,0.0,False,3,0.877,0,True,0
902922,0,Revolving loans,F,0,269000.0,740500.0,20065.5,Secondary / secondary special,Single / not married,Sales staff,-21164,-8953,2,2,336300.0,True,4,0.8,3,True,0
902923,0,Cash loans,F,0,320700.0,1208600.0,30495.4,Higher education,Married,Laborers,-14380,-188,3,1,88600.0,True,2,0.664,1,True,1
902924,0,Revolving loans,F,1,110700.0,468800.0,30814.0,Secondary / secondary special,Married,,-11843,-665,6,2,270100.0,True,3,0.541,2,True,0
902925,0,Cash loans,M,1,201500.0,452300.0,32562.9,Secondary / secondary special,Married,Managers,-9505,-2935,3,1,18200.0,True,4,0.663,0,True,0
902926,0,Cash loans,F,0,398300.0,2017700.0,135133.1,Secondary / secondary special,Married,Drivers,-19436,-3104,3,1,43900.0,True,5,0.587,0,True,2
902927,0,Cash loans,M,0,78400.0,283700.0,10518.8,Secondary / secondary special,Married,,-15898,-1717,5,2,278300.0,True,4,0.832,0,True,0
902928,0,Cash loans,F,0,228600.0,1263300.0,34646.6,Secondary / secondary special,Married,Laborers,-21845,-928,2,1,300400.0,True,0,0.0,0,False,0
902929,0,Cash loans,M,0,58600.0,232500.0,7183.7,Secondary / secondary special,Married,,-15683,-2346,8,3,1171400.0,True,5,0.534,1,True,0
902930,0,Cash loans,F,0,142100.0,745900.0,32914.6,Secondary / secondary special,Separated,Sales staff,-14932,-2702,3,1,325800.0,True,0,0.0,0,False,0
902931,0,Cash loans,F,0,130500.0,224600.0,5792.9,Secondary / secondary special,Married,Core staff,-12900,-912,7,1,536700.0,True,4,0.803,1,True,0
902932,0,Cash loans,M,2,59600.0,207100.0,7917.8,Secondary / secondary special,Single / not married,High skill tech staff,-11158,-2572,2,0,52200.0,True,1,0.847,0,True,0
902933,0,Cash loans,F,2,241400.0,817400.0,24367.2,Secondary / secondary special,Single / not married,,-22214,-1777,6,4,149200.0,True,2,0.815,0,True,1
902934,0,Cash loans,F,0,150700.0,357600.0,14304.1,Secondary / secondary special,Single / not married,,-9333,-2040,0,0,0.0,False,2,0.418,0,True,1
902935,0,Cash loans,M,0,88100.0,354800.0,11831.7,Secondary / secondary special,Married,,-23470,-1088,2,1,495300.0,True,4,0.802,0,True,0
902936,0,Cash loans,F,2,165000.0,804700.0,37794.2,Secondary / secondary special,Married,Cooking staff,-8136,-1566,6,1,109000.0,True,1,0.95,0,True,0
902937,0,Cash loans,M,1,220000.0,818400.0,70694.8,Secondary / secondary special,Married,Sales staff,-16814,-1886,2,2,255700.0,True,0,0.0,0,False,0
902938,0,Cash loans,F,0,57800.0,303100.0,10680.6,Secondary / secondary special,Single / not married,,-8686,-459,1,1,12000.0,True,2,0.788,1,True,0
902939,0,Cash loans,F,0,29000.0,81700.0,4377.0,Secondary / secondary special,Married,,-21323,-1369,5,3,9400.0,True,1,0.621,0,True,2
902940,0,Cash loans,F,1,137100.0,389700.0,14695.1,Secondary / secondary special,Married,,-11370,-934,4,1,1042400.0,True,5,0.667,0,True,0
902941,0,Cash loans,F,0,95300.0,214500.0,7260.7,Secondary / secondary special,Separated,Managers,-17579,0,0,0,0.0,False,2,0.817,0,True,0
902942,0,Cash loans,F,1,273400.0,1374800.0,58374.5,Secondary / secondary special,Single / not married,Laborers,-23721,-3187,3,1,221200.0,True,3,0.846,0,True,1
902943,0,Cash loans,M,1,116300.0,251900.0,17122.0,Secondary / secondary special,Married,Managers,-19040,-659,5,3,823900.0,True,4,0.846,0,True,0
902944,0,Cash loans,M,0,163400.0,355200.0,10399.5,Secondary / secondary special,Married,,-10789,-870,3,1,66800.0,True,3,0.592,0,True,1
902945,0,Cash loans,F,0,127500.0,195300.0,12871.0,Secondary / secondary special,Married,Laborers,-21622,-297,3,1,26500.0,True,2,0.77,0,True,0
902946,0,Cash loans,F,2,64600.0,209800.0,15115.6,Secondary / secondary special,Civil marriage,Core staff,-15399,-971,2,1,922400.0,True,2,0.618,0,True,1
902947,0,Cash loans,F,0,142200.0,492900.0,25250.1,Secondary / secondary special,Civil marriage,,-7895,-1325,2,2,129400.0,True,1,0.659,0,True,0
902948,0,Cash loans,F,1,72100.0,254500.0,21666.8,Higher education,Married,,-16193,-1993,2,2,118700.0,True,4,0.624,1,True,0
902949,0,Revolving loans,F,0,70400.0,348300.0,16910.5,Secondary / secondary special,Separated,,-21899,-2002,0,0,0.0,False,8,0.765,2,True,1
902950,0,Cash loans,F,1,80900.0,272300.0,8320.2,Secondary / secondary special,Married,Managers,-15197,-2299,0,0,0.0,False,1,0.756,0,True,0
902951,0,Cash loans,F,1,77400.0,117600.0,3488.7,Secondary / secondary special,Married,Sales staff,-20952,-444,2,1,41000.0,True,3,0.907,1,True,0
902952,0,Cash loans,M,2,126000.0,534600.0,22555.4,Secondary / secondary special,Married,Laborers,-20025,-2360,2,0,32600.0,True,0,0.0,0,False,0
902953,0,Cash loans,M,0,115100.0,261300.0,16848.2,Higher education,Married,Sales staff,-15670,-3115,3,2,149400.0,True,4,0.549,1,True,0
902954,0,Cash loans,F,0,161400.0,260300.0,6638.2,Secondary / secondary special,Married,,-13328,-862,0,0,0.0,False,2,0.541,0,True,0
902955,0,Cash loans,F,1,63700.0,318400.0,9171.9,Secondary / secondary special,Married,High skill tech staff,-20393,-1148,3,2,109300.0,True,2,0.898,1,True,1
902956,0,Cash loans,F,0,123400.0,321600.0,31662.2,Secondary / secondary special,Married,Drivers,-14128,-4092,4,3,132400.0,True,3,0.617,0,True,1
902957,0,Cash loans,F,1,110100.0,539400.0,19120.6,Academic degree,Married,,-10644,-2930,5,2,63700.0,True,2,0.796,1,True,0
902958,0,Cash loans,F,0,154800.0,679200.0,17707.1,Higher education,Separated,Medicine staff,-13286,-6716,6,3,84900.0,True,4,0.756,1,True,0
902959,0,Cash loans,F,0,158600.0,868300.0,22924.6,Secondary / secondary special,Single / not married,Laborers,-23027,-3251,6,4,844700.0,True,6,0.531,1,True,0
902960,0,Revolving loans,M,1,151400.0,471100.0,21430.3,Secondary / secondary special,Single / not married,Laborers,-12629,-33,0,0,0.0,False,0,0.0,0,False,0
902961,0,Cash loans,F,1,85300.0,377500.0,13320.1,Secondary / secondary special,Single / not married,Sales staff,-11781,-355,6,2,63900.0,True,3,0.381,0,True,0
902962,0,Cash loans,F,1,141700.0,574900.0,20179.1,Higher education,Single / not married,Drivers,-10002,-2975,0,0,0.0,False,6,0.86,1,True,0
902963,0,Cash loans,M,0,108300.0,543900.0,17050.2,Secondary / secondary special,Married,,-8631,-196,3,1,110000.0,True,2,0.31,0,True,0
902964,0,Cash loans,F,1,270100.0,805400.0,21059.0,Secondary / secondary special,Separated,,-24776,-291,2,1,123400.0,True,4,0.452,1,True,1
902965,0,Cash loans,F,0,147900.0,620800.0,25873.5,Higher education,Married,Cooking staff,-17069,-890,8,5,112700.0,True,1,0.885,0,True,2
902966,0,Cash loans,F,0,145700.0,573200.0,48364.3,Secondary / secondary special,Married,Cooking staff,-20448,-2477,2,0,24900.0,True,5,0.695,1,True,0
902967,0,Cash loans,F,0,73800.0,125200.0,3954.6,Higher education,Civil marriage,Drivers,-21207,-2838,2,1,93800.0,True,2,0.711,0,True,0
902968,0,Cash loans,F,0,104200.0,172200.0,4486.3,Higher education,Married,,-13837,-958,2,2,186600.0,True,4,0.87,0,True,1
902969,0,Cash loans,F,2,159300.0,886300.0,24539.3,Higher education,Married,Core staff,-21661,-937,8,3,92800.0,True,6,0.846,1,True,0
902970,0,Cash loans,F,0,134600.0,590000.0,54960.5,Secondary / secondary special,Civil marriage,Laborers,-24510,-48,10,4,437300.0,True,3,0.939,0,True,1
902971,0,Cash loans,M,0,133900.0,570300.0,15633.7,Secondary / secondary special,Married,,-20660,-3393,8,4,49300.0,True,2,0.609,0,True,0
902972,0,Cash loans,M,0,58300.0,282400.0,19585.8,Secondary / secondary special,Married,,-20134,-241,7,3,202200.0,True,4,0.67,1,True,0
902973,0,Cash loans,F,0,93200.0,146400.0,3719.1,Higher education,Widow,Accountants,-15237,-1972,7,3,83600.0,True,5,0.626,0,True,1
902974,0,Cash loans,M,1,122000.0,310400.0,9628.2,Higher education,Civil marriage,,-22404,-846,0,0,0.0,False,0,0.0,0,False,0
902975,0,Cash loans,F,0,255300.0,1129800.0,81961.0,Higher education,Civil marriage,,-9221,-2651,4,1,795100.0,True,6,0.562,1,True,0
902976,0,Cash loans,F,1,54400.0,257500.0,19772.6,Lower secondary,Married,,-20799,-511,6,4,566200.0,True,3,0.94,0,True,0
902977,0,Cash loans,F,0,83100.0,360100.0,19638.5,Secondary / secondary special,Civil marriage,Sales staff,-14007,-3655,6,1,160000.0,True,5,0.864,0,True,0
902978,0,Cash loans,F,0,54200.0,181500.0,10750.1,Higher education,Single / not married,Drivers,-17580,-713,3,2,142100.0,True,6,0.901,0,True,0
902979,0,Cash loans,F,0,164700.0,683500.0,67534.0,Secondary / secondary special,Single / not married,,-23309,-4022,2,1,131900.0,True,4,0.42,1,True,0
902980,0,Cash loans,M,0,253300.0,1177700.0,32080.8,Incomplete higher,Married,Drivers,-18264,-1228,0,0,0.0,False,1,0.595,1,True,1
902981,0,Cash loans,F,0,167700.0,558200.0,40466.4,Higher education,Married,,-8113,-897,8,2,397100.0,True,0,0.0,0,False,1
902982,0,Cash loans,F,0,186800.0,754300.0,19009.1,Secondary / secondary special,Married,Laborers,-20325,-36,3,0,14200.0,True,0,0.0,0,False,1
902983,0,Cash loans,F,0,83600.0,155100.0,8656.3,Secondary / secondary special,Separated,,-23941,-694,3,1,95300.0,True,2,0.844,0,True,0
902984,0,Cash loans,M,0,168400.0,381100.0,13993.7,Secondary / secondary special,Married,Laborers,-18913,-236,3,0,870900.0,True,7,0.704,4,True,1
902985,0,Cash loans,F,0,95100.0,473300.0,15291.7,Higher education,Married,Low-skill Laborers,-22757,-2404,3,3,24500.0,True,1,0.76,0,True,1
902986,0,Cash loans,M,0,144200.0,462900.0,24317.8,Secondary / secondary special,Married,Managers,-22124,-2155,4,3,249600.0,True,5,0.832,0,True,1
902987,0,Revolving loans,F,0,180000.0,900200.0,38016.7,Secondary / secondary special,Married,,-22754,-1283,3,3,339500.0,True,3,0.88,1,True,0
902988,0,Cash loans,M,0,121000.0,548600.0,16530.1,Secondary / secondary special,Married,Cleaning staff,-13693,-547,5,5,78500.0,True,1,0.772,0,True,1
902989,0,Cash loans,F,0,211000.0,660800.0,55349.9,Secondary / secondary special,Civil marriage,Managers,-15972,-464,9,2,46500.0,True,2,0.801,0,True,0
902990,0,Cash loans,F,0,129000.0,641000.0,30742.0,Lower secondary,Married,Laborers,-22522,-9385,2,1,23100.0,True,6,0.539,0,True,0
902991,0,Cash loans,F,1,160500.0,332000.0,9851.8,Secondary / secondary special,Married,Security staff,-23615,-3715,3,1,87500.0,True,1,0.802,0,True,0
902992,0,Cash loans,F,0,360400.0,801000.0,40132.2,Secondary / secondary special,Married,Drivers,-10237,-2825,2,0,61800.0,True,1,0.856,1,True,0
902993,0,Cash loans,F,0,179500.0,599700.0,50916.8,Higher education,Married,Managers,-10845,-767,6,2,29900.0,True,0,0.0,0,False,0
902994,0,Cash loans,F,0,96300.0,428600.0,27417.1,Secondary / secondary special,Married,,-13741,-681,2,0,436400.0,True,6,0.42,1,True,1
902995,0,Cash loans,F,1,110100.0,312700.0,10315.6,Secondary / secondary special,Married,,-21160,-983,2,2,56500.0,True,2,0.698,0,True,1
902996,0,Cash loans,F,1,216600.0,639900.0,16397.5,Secondary / secondary special,Married,Accountants,-22994,-6047,4,3,241400.0,True,6,0.733,1,True,0
902997,0,Cash loans,F,0,235800.0,1268100.0,75197.4,Higher education,Married,Managers,-17830,-1764,7,4,56400.0,True,1,0.839,1,True,0
902998,0,Cash loans,M,1,137500.0,763100.0,29895.2,Higher education,Single / not married,High skill tech staff,-9649,-826,6,1,263500.0,True,7,0.807,0,True,0
902999,0,Cash loans,M,0,65200.0,365500.0,21231.1,Secondary / secondary special,Married,Drivers,-12986,-121,0,0,0.0,False,5,0.715,1,True,0
903000,0,Cash loans,M,0,87100.0,139300.0,3695.0,Secondary / secondary special,Married,Medicine staff,-22680,-3526,3,0,457700.0,True,4,0.951,0,True,0
903001,0,Cash loans,F,0,153200.0,780200.0,21084.6,Secondary / secondary special,Married,Laborers,-13754,-2519,3,1,25300.0,True,3,0.569,0,True,1
903002,1,Cash loans,F,2,187100.0,922100.0,42422.5,Secondary / secondary special,Married,Laborers,-9466,-2252,3,2,63100.0,True,0,0.0,0,False,2
903003,0,Cash loans,M,0,231400.0,615900.0,55427.4,Secondary / secondary special,Married,,-12957,-1031,4,2,403600.0,True,2,0.293,1,True,0
903004,0,Cash loans,M,1,50700.0,127800.0,4527.8,Secondary / secondary special,Married,,-21798,-1100,5,2,71700.0,True,4,0.816,0,True,0
903005,0,Cash loans,M,1,216500.0,358700.0,12441.1,Secondary / secondary special,Married,Laborers,-16310,-1341,4,0,95200.0,True,2,0.591,1,True,0
903006,0,Cash loans,F,1,285800.0,1486000.0,52081.6,Higher education,Single / not married,Sales staff,-10670,-3961,4,1,267000.0,True,3,0.59,0,True,0
903007,0,Cash loans,F,0,42300.0,179100.0,9486.1,Secondary / secondary special,Married,,-13142,-54,5,2,105400.0,True,2,0.964,0,True,0
903008,0,Cash loans,M,3,139600.0,219400.0,20472.3,Secondary / secondary special,Separated,Core staff,-24371,-379,5,4,165300.0,True,4,0.625,0,True,0
903009,0,Cash loans,F,1,204500.0,514000.0,46877.8,Lower secondary,Married,Laborers,-15232,-4385,3,2,128200.0,True,2,0.793,1,True,1
903010,0,Cash loans,F,0,69100.0,362000.0,10848.8,Secondary / secondary special,Single / not married,Laborers,-15401,-826,6,1,101000.0,True,3,0.728,1,True,1
903011,0,Cash loans,M,0,109100.0,459300.0,17711.0,Higher education,Widow,Sales staff,-10346,-616,3,1,32200.0,True,2,0.781,0,True,1
903012,0,Revolving loans,M,0,185300.0,991500.0,54671.9,Secondary / secondary special,Married,Laborers,-13000,-1464,0,0,0.0,False,0,0.0,0,False,0
903013,0,Cash loans,F,2,107800.0,232900.0,6221.3,Higher education,Married,Managers,-21938,-160,5,3,265600.0,True,5,0.747,1,True,0
903014,0,Cash loans,F,0,116700.0,675300.0,18486.3,Secondary / secondary special,Married,Sales staff,-21439,-1390,5,3,103100.0,True,3,0.552,1,True,0
903015,0,Cash loans,M,0,156300.0,380300.0,11028.1,Incomplete higher,Married,Laborers,-15294,-1729,5,2,251800.0,True,3,0.615,0,True,0
903016,0,Revolving loans,F,0,78000.0,223500.0,7799.8,Higher education,Civil marriage,Laborers,-23321,-1558,5,3,102200.0,True,0,0.0,0,False,0
903017,0,Cash loans,M,0,82100.0,465300.0,16355.4,Secondary / secondary special,Married,,-14327,-623,0,0,0.0,False,5,0.74,2,True,0
903018,0,Cash loans,F,1,176900.0,514400.0,19843.6,Secondary / secondary special,Civil marriage,Drivers,-22808,-1833,5,2,74300.0,True,3,0.832,1,True,0
903019,0,Cash loans,F,0,225000.0,940100.0,60667.0,Higher education,Civil marriage,Cleaning staff,-8218,-1648,6,0,40600.0,True,3,0.837,0,True,1
903020,0,Cash loans,M,1,170900.0,521000.0,16373.5,Secondary / secondary special,Married,,-13748,-5794,6,3,380200.0,True,2,0.752,0,True,0
903021,0,Cash loans,M,0,276500.0,1335100.0,52107.2,Secondary / secondary special,Married,,-22645,-7,2,2,43700.0,True,0,0.0,0,False,0
903022,0,Cash loans,F,0,172700.0,501000.0,18991.5,Secondary / secondary special,Civil marriage,High skill tech staff,-23455,-2135,1,0,68300.0,True,0,0.0,0,False,0
903023,0,Cash loans,F,0,352500.0,1228700.0,40084.6,Secondary / secondary special,Married,Managers,-20917,-3607,6,3,148000.0,True,5,0.733,1,True,0
903024,0,Cash loans,F,0,144700.0,271600.0,12835.3,Secondary / secondary special,Single / not married,Laborers,-19401,-187,7,2,20200.0,True,1,0.739,0,True,1
903025,0,Cash loans,F,1,158900.0,896900.0,28809.9,Secondary / secondary special,Married,Core staff,-21952,-2707,2,1,77900.0,True,3,0.566,0,True,0
903026,0,Cash loans,M,2,171300.0,955400.0,54766.0,Secondary / secondary special,Married,Security staff,-20061,-4687,6,4,71000.0,True,2,0.419,0,True,0
903027,1,Cash loans,F,3,102300.0,523700.0,14561.5,Secondary / secondary special,Married,,-12118,-592,5,4,108600.0,True,2,0.362,0,True,1
903028,0,Cash loans,M,0,95000.0,515700.0,13028.6,Secondary / secondary special,Married,Core staff,-15833,-2854,0,0,0.0,False,1,0.589,0,True,2
903029,0,Cash loans,M,1,89300.0,376200.0,13554.3,Incomplete higher,Married,High skill tech staff,-19240,-7520,3,0,86900.0,True,3,0.794,0,True,0
903030,0,Cash loans,F,1,106000.0,199800.0,9315.5,Secondary / secondary special,Single / not married,,-17963,-815,6,3,120800.0,True,3,0.766,0,True,0
903031,0,Cash loans,F,1,394300.0,716700.0,38429.0,Secondary / secondary special,Married,Cooking staff,-23171,-162,3,0,729100.0,True,3,0.814,0,True,1
903032,0,Cash loans,M,0,348100.0,1753500.0,47673.1,Secondary / secondary special,Separated,Cleaning staff,-15966,-1452,3,1,1933000.0,True,2,0.764,0,True,0
903033,0,Cash loans,F,0,118800.0,454600.0,22958.3,Higher education,Single / not married,Managers,-10783,-3479,5,3,254400.0,True,2,0.832,0,True,1
903034,0,Cash loans,M,0,113500.0,311700.0,9055.3,Secondary / secondary special,Civil marriage,Sales staff,-11424,-227,6,1,102300.0,True,3,0.822,2,True,0
903035,0,Cash loans,F,0,47900.0,79900.0,3589.8,Secondary / secondary special,Separated,Core staff,-22487,-3345,0,0,0.0,False,2,0.479,0,True,0
903036,0,Cash loans,F,0,85200.0,505100.0,13879.7,Secondary / secondary special,Civil marriage,Core staff,-7817,-1247,2,0,64900.0,True,5,0.578,1,True,1
903037,0,Cash loans,F,0,93400.0,180700.0,7871.9,Secondary / secondary special,Married,,-22892,-9472,5,4,112600.0,True,5,0.716,0,True,0
903038,0,Cash loans,F,0,112400.0,352800.0,12905.1,Higher education,Married,,-8638,-2068,2,1,507700.0,True,3,0.695,1,True,0
903039,0,Cash loans,M,1,105300.0,480300.0,35111.0,Secondary / secondary special,Married,,-14526,-3887,3,0,47100.0,True,1,0.79,0,True,0
903040,0,Revolving loans,F,1,155900.0,671000.0,17088.3,Higher education,Married,Laborers,-21684,-397,5,2,216500.0,True,0,0.0,0,False,0
903041,0,Cash loans,F,1,206300.0,426800.0,15872.4,Secondary / secondary special,Civil marriage,Managers,-14806,-2482,3,1,82100.0,True,1,0.695,1,True,1
903042,0,Cash loans,F,0,97300.0,417600.0,14611.3,Secondary / secondary special,Married,Medicine staff,-22072,-467,0,0,0.0,False,2,0.692,0,True,0
903043,0,Cash loans,F,0,287200.0,865600.0,62890.3,Secondary / secondary special,Civil marriage,Laborers,-9422,-2163,4,2,96300.0,True,4,0.706,0,True,0
903044,0,Cash loans,M,0,166400.0,377300.0,12283.3,Secondary / secondary special,Married,Core staff,-16627,-693,5,2,63200.0,True,1,0.891,0,True,1
903045,0,Cash loans,M,0,218300.0,933600.0,40958.8,Incomplete higher,Separated,Core staff,-17869,-492,2,0,67900.0,True,0,0.0,0,False,0
903046,0,Cash loans,F,1,112400.0,624000.0,27495.2,Secondary / secondary special,Married,Laborers,-23273,-7921,0,0,0.0,False,0,0.0,0,False,0
903047,0,Cash loans,M,0,184000.0,898300.0,37122.1,Secondary / secondary special,Married,Managers,-9305,-1940,1,1,137800.0,True,2,0.936,0,True,1
903048,0,Cash loans,F,1,175600.0,391800.0,15024.2,Secondary / secondary special,Separated,,-13597,-1771,3,1,481800.0,True,2,0.982,0,True,0
903049,0,Cash loans,F,0,291600.0,665900.0,19525.2,Higher education,Married,,-19216,-2309,0,0,0.0,False,3,0.64,0,True,2
903050,0,Cash loans,F,0,194000.0,700700.0,34589.0,Higher education,Single / not married,Laborers,-24833,-3165,3,0,282300.0,True,4,0.858,2,True,1
903051,0,Cash loans,M,0,214500.0,342100.0,9392.7,Secondary / secondary special,Married,Cleaning staff,-22526,-635,0,0,0.0,False,0,0.0,0,False,0
903052,0,Cash loans,F,0,107500.0,171300.0,12856.3,Secondary / secondary special,Civil marriage,Cleaning staff,-22495,-2736,6,4,127800.0,True,2,0.768,0,True,1
903053,0,Revolving loans,M,1,254600.0,670500.0,25871.2,Secondary / secondary special,Married,Core staff,-16726,-4278,5,4,45100.0,True,2,0.586,0,True,0
903054,0,Cash loans,F,1,74000.0,146500.0,4828.2,Secondary / secondary special,Civil marriage,Sales staff,-17551,-559,5,4,47800.0,True,5,0.654,0,True,1
903055,0,Cash loans,F,0,105100.0,416200.0,10641.3,Secondary / secondary special,Married,Core staff,-22707,-2806,5,2,111300.0,True,2,0.46,0,True,1
903056,0,Cash loans,F,0,161100.0,273100.0,12444.6,Secondary / secondary special,Married,Laborers,-22900,-1287,4,1,99300.0,True,3,0.807,1,True,2
903057,0,Cash loans,F,0,78700.0,204300.0,6730.5,Secondary / secondary special,Married,,-21720,-1585,8,5,123000.0,True,3,0.726,1,True,0
903058,0,Cash loans,F,0,88200.0,155400.0,4626.4,Secondary / secondary special,Married,,-22006,-816,7,2,336800.0,True,1,0.768,0,True,0
903059,0,Cash loans,M,1,88300.0,343200.0,9812.1,Secondary / secondary special,Single / not married,,-23076,-920,6,3,1108500.0,True,4,0.388,1,True,0
903060,0,Cash loans,F,0,169200.0,522300.0,13924.7,Secondary / secondary special,Married,Low-skill Laborers,-9658,-563,6,4,48400.0,True,4,0.915,0,True,1
903061,0,Cash loans,F,0,129300.0,242300.0,11891.2,Secondary / secondary special,Single / not married,Managers,-12792,-406,8,5,218400.0,True,2,0.805,0,True,0
903062,0,Cash loans,M,0,226700.0,701600.0,19890.0,Incomplete higher,Married,Managers,-24766,-2649,4,2,75200.0,True,2,0.723,1,True,0
903063,0,Cash loans,F,0,358500.0,538800.0,13919.8,Secondary / secondary special,Married,High skill tech staff,-17209,-1478,3,3,23200.0,True,3,0.914,0,True,0
903064,0,Cash loans,M,1,160300.0,835900.0,34711.8,Secondary / secondary special,Single / not married,Core staff,-10756,-121,0,0,0.0,False,2,0.478,1,True,1
903065,0,Cash loans,F,2,108400.0,340000.0,11061.6,Higher education,Married,Core staff,-16478,-976,7,1,132700.0,True,1,0.779,0,True,0
903066,0,Cash loans,M,2,168300.0,756800.0,38436.5,Incomplete higher,Single / not married,Drivers,-18979,-2014,5,0,94600.0,True,3,0.8,0,True,0
903067,0,Cash loans,F,1,89500.0,419700.0,23726.2,Higher education,Widow,,-22175,-887,3,2,382700.0,True,3,0.923,1,True,0
903068,0,Cash loans,F,1,135600.0,542000.0,29554.6,Secondary / secondary special,Married,,-21894,-6313,4,4,2024100.0,True,0,0.0,0,False,0
903069,0,Cash loans,F,2,479500.0,1989800.0,172386.8,Secondary / secondary special,Widow,Sales staff,-8527,-1957,5,1,201100.0,True,4,0.646,0,True,1
903070,0,Revolving loans,F,0,126500.0,433700.0,15855.9,Secondary / secondary special,Married,,-15610,-4878,7,2,2345300.0,True,4,0.82,0,True,3
903071,0,Cash loans,F,1,162900.0,543000.0,15145.0,Higher education,Married,Core staff,-8025,-1455,2,2,141500.0,True,2,0.603,1,True,0
903072,0,Revolving loans,F,1,129100.0,371400.0,19953.6,Secondary / secondary special,Single / not married,High skill tech staff,-23225,-1517,0,0,0.0,False,2,0.873,1,True,1
903073,0,Cash loans,F,0,114100.0,207700.0,18965.0,Secondary / secondary special,Married,High skill tech staff,-10711,-2187,3,2,59300.0,True,1,0.601,1,True,0
903074,0,Cash loans,F,0,178100.0,547200.0,29588.2,Secondary / secondary special,Widow,Laborers,-18612,-2308,2,1,60100.0,True,2,0.569,0,True,0
903075,0,Cash loans,M,2,74200.0,265700.0,8012.5,Secondary / secondary special,Married,,-17662,-1119,0,0,0.0,False,2,0.883,0,True,0
903076,0,Cash loans,F,0,128800.0,270700.0,11554.2,Secondary / secondary special,Married,Cleaning staff,-18624,-821,0,0,0.0,False,2,0.525,1,True,0
903077,0,Cash loans,F,0,71000.0,396600.0,12013.2,Secondary / secondary special,Single / not married,Security staff,-17536,-572,3,2,84100.0,True,4,0.556,0,True,0
903078,0,Cash loans,F,0,303000.0,465900.0,28218.1,Secondary / secondary special,Married,Laborers,-20202,-4004,4,1,407100.0,True,0,0.0,0,False,1
903079,0,Cash loans,F,0,229300.0,574900.0,19649.0,Higher education,Married,Medicine staff,-18634,-988,3,1,221900.0,True,4,0.593,3,True,0
903080,0,Cash loans,M,1,95400.0,434900.0,13620.4,Higher education,Married,Medicine staff,-9247,-854,5,2,108500.0,True,0,0.0,0,False,0
903081,0,Cash loans,M,0,55400.0,288400.0,8414.1,Secondary / secondary special,Civil marriage,Laborers,-14090,-2267,5,1,326700.0,True,1,0.603,0,True,1
903082,0,Cash loans,F,0,178900.0,649700.0,21286.4,Secondary / secondary special,Married,Laborers,-17241,-327,7,3,61800.0,True,3,0.737,1,True,1
903083,0,Cash loans,F,1,137000.0,568400.0,15229.0,Higher education,Married,Cooking staff,-13362,-932,5,1,459100.0,True,5,0.512,0,True,0
903084,0,Cash loans,F,0,429900.0,1173000.0,85120.3,Secondary / secondary special,Married,Managers,-20985,-2102,1,0,115300.0,True,3,0.807,0,True,1
903085,0,Cash loans,M,0,282200.0,1635200.0,61660.2,Secondary / secondary special,Separated,Core staff,-13234,-4351,2,1,331100.0,True,4,0.947,0,True,0
903086,0,Cash loans,M,0,192300.0,845900.0,36005.2,Secondary / secondary special,Separated,Cleaning staff,-22183,-16,2,2,188300.0,True,6,0.814,1,True,0
903087,0,Cash loans,F,0,107500.0,224800.0,5623.0,Secondary / secondary special,Separated,Accountants,-10235,-3129,6,0,165400.0,True,3,0.864,0,True,0
903088,0,Cash loans,M,1,122800.0,591200.0,22325.8,Secondary / secondary special,Married,,-21144,-673,4,2,3600.0,True,4,0.882,0,True,0
903089,0,Cash loans,F,0,162800.0,337800.0,11054.5,Secondary / secondary special,Married,Sales staff,-10879,-4309,6,4,80300.0,True,4,0.747,0,True,2
903090,0,Revolving loans,F,0,167200.0,554300.0,14753.4,Secondary / secondary special,Civil marriage,Medicine staff,-16915,-539,0,0,0.0,False,3,0.782,0,True,2
903091,0,Cash loans,F,0,98300.0,364700.0,25548.6,Secondary / secondary special,Married,,-13280,-2406,0,0,0.0,False,3,0.831,2,True,0
903092,0,Cash loans,F,0,70800.0,336400.0,16671.1,Secondary / secondary special,Married,,-18831,-2565,0,0,0.0,False,3,0.674,0,True,0
903093,0,Cash loans,F,1,367100.0,2196500.0,111500.5,Secondary / secondary special,Separated,Accountants,-11392,-2486,2,1,23800.0,True,4,0.838,0,True,0
903094,0,Revolving loans,F,0,142400.0,451600.0,33433.2,Secondary / secondary special,Married,Drivers,-21600,-2332,0,0,0.0,False,3,0.73,1,True,1
903095,1,Cash loans,F,2,173100.0,786000.0,29328.3,Higher education,Married,,-17714,-3131,4,1,125000.0,True,5,0.7,0,True,0
903096,0,Cash loans,F,0,91200.0,412800.0,21503.8,Secondary / secondary special,Married,,-24436,-3435,3,2,140500.0,True,6,0.868,1,True,1
903097,1,Cash loans,F,1,277200.0,645600.0,43169.5,Secondary / secondary special,Married,High skill tech staff,-20135,-2587,1,1,248800.0,True,6,0.677,0,True,0
903098,0,Cash loans,F,2,235500.0,1034500.0,97074.4,Secondary / secondary special,Widow,,-18306,-1735,3,0,198100.0,True,3,0.684,0,True,1
903099,0,Cash loans,M,0,144300.0,787500.0,73244.6,Secondary / secondary special,Married,,-22191,-1005,3,2,1373700.0,True,3,0.745,0,True,1
903100,0,Cash loans,F,1,155500.0,622100.0,28638.0,Higher education,Married,Medicine staff,-11513,-1236,4,1,408500.0,True,4,0.71,1,True,0
903101,0,Cash loans,F,0,161400.0,590600.0,20848.6,Secondary / secondary special,Married,Drivers,-18750,-132,0,0,0.0,False,2,0.881,1,True,1
903102,0,Cash loans,F,0,147000.0,648900.0,39622.8,Higher education,Married,Laborers,-14504,-850,4,3,215600.0,True,3,0.876,0,True,0
903103,0,Cash loans,F,0,185000.0,949200.0,25445.1,Secondary / secondary special,Single / not married,Core staff,-20696,-1934,0,0,0.0,False,1,0.656,1,True,0
903104,0,Cash loans,F,1,169000.0,424800.0,26052.5,Higher education,Single / not married,Laborers,-8093,-1523,4,2,87900.0,True,3,0.627,0,True,0
903105,0,Revolving loans,F,0,128200.0,286400.0,15812.2,Secondary / secondary special,Married,,-15158,-3838,2,0,396100.0,True,2,0.735,0,True,0
903106,0,Cash loans,F,0,78100.0,346000.0,18091.6,Secondary / secondary special,Married,Low-skill Laborers,-19082,-257,6,3,886800.0,True,4,0.777,0,True,0
903107,0,Cash loans,F,0,138200.0,228800.0,15530.2,Secondary / secondary special,Married,Sales staff,-15735,-4561,4,2,125100.0,True,2,0.63,0,True,0
903108,0,Cash loans,M,0,203700.0,1062000.0,26568.1,Secondary / secondary special,Married,Core staff,-11834,-1108,3,2,273300.0,True,1,0.512,0,True,0
903109,0,Cash loans,F,1,195900.0,560100.0,17776.0,Secondary / secondary special,Separated,Laborers,-15800,-843,8,2,55300.0,True,3,0.976,0,True,0
903110,0,Cash loans,F,0,269800.0,539400.0,28371.9,Higher education,Civil marriage,Sales staff,-22552,-1907,0,0,0.0,False,4,0.953,1,True,0
903111,0,Cash loans,F,1,284500.0,1405700.0,35863.8,Higher education,Married,,-11288,-4718,5,0,54200.0,True,0,0.0,0,False,0
903112,0,Cash loans,M,0,198800.0,497600.0,17133.3,Secondary / secondary special,Civil marriage,Laborers,-14097,-1035,4,1,188000.0,True,3,0.672,1,True,0
903113,0,Cash loans,M,0,153800.0,508500.0,15371.7,Higher education,Civil marriage,Core staff,-25015,-2217,3,1,244900.0,True,5,0.455,0,True,0
903114,0,Revolving loans,F,0,166200.0,558800.0,27512.1,Higher education,Civil marriage,High skill tech staff,-23657,-5279,6,0,641400.0,True,3,0.457,1,True,0
903115,0,Cash loans,M,0,105100.0,545600.0,33062.9,Higher education,Civil marriage,Drivers,-8260,-89,3,2,15600.0,True,4,0.367,0,True,0
903116,0,Revolving loans,F,0,208800.0,561700.0,23908.1,Secondary / secondary special,Widow,,-16956,-1317,3,1,877700.0,True,1,0.545,0,True,0
903117,0,Cash loans,F,1,271400.0,1180400.0,52458.9,Secondary / secondary special,Married,Sales staff,-8811,-1137,5,1,571500.0,True,4,0.76,0,True,0
903118,0,Cash loans,M,0,235700.0,1412800.0,35734.1,Higher education,Married,Laborers,-23851,-2679,3,2,269200.0,True,1,0.844,0,True,0
903119,0,Cash loans,F,1,184900.0,776000.0,54063.1,Secondary / secondary special,Widow,Core staff,-15400,-4358,2,1,107100.0,True,1,0.86,0,True,0
903120,0,Cash loans,M,0,124100.0,264900.0,18847.2,Secondary / secondary special,Married,Medicine staff,-14996,-2003,5,2,486700.0,True,3,0.528,0,True,0
903121,0,Revolving loans,F,1,117200.0,325200.0,11356.5,Secondary / secondary special,Single / not married,Drivers,-12447,-5877,3,2,1199800.0,True,1,0.566,0,True,1
903122,0,Cash loans,F,0,129300.0,505300.0,18814.1,Secondary / secondary special,Married,Laborers,-17630,-5909,4,2,112200.0,True,2,0.615,0,True,2
903123,0,Cash loans,F,0,97200.0,286800.0,10869.1,Secondary / secondary special,Married,Managers,-10205,-2111,3,0,746800.0,True,0,0.0,0,False,0
903124,1,Cash loans,F,0,160600.0,614200.0,27467.6,Secondary / secondary special,Widow,,-21662,-1442,6,3,447100.0,True,2,0.542,0,True,1
903125,0,Cash loans,F,0,34600.0,136500.0,6551.9,Secondary / secondary special,Married,,-16271,-662,1,0,595900.0,True,3,0.78,1,True,0
903126,0,Cash loans,F,0,106900.0,514200.0,40764.4,Secondary / secondary special,Married,,-17589,-45,5,3,357000.0,True,0,0.0,0,False,1
903127,0,Revolving loans,F,0,144900.0,623500.0,18460.7,Secondary / secondary special,Married,Laborers,-22395,-1824,4,2,154200.0,True,3,0.934,1,True,0
903128,0,Cash loans,F,2,489100.0,2269800.0,97023.8,Secondary / secondary special,Widow,Sales staff,-10908,-4114,3,1,41200.0,True,1,0.854,0,True,0
903129,0,Cash loans,M,0,140300.0,348300.0,9434.3,Secondary / secondary special,Married,Laborers,-10734,-352,3,1,88900.0,True,3,0.805,0,True,0
903130,0,Revolving loans,M,1,142900.0,486500.0,19563.3,Secondary / secondary special,Separated,Core staff,-15037,-1334,0,0,0.0,False,5,0.847,0,True,0
903131,0,Cash loans,M,0,92300.0,481200.0,12968.2,Secondary / secondary special,Married,,-21437,-152,4,1,121600.0,True,2,0.919,0,True,1
903132,0,Cash loans,F,0,330800.0,1616000.0,42841.7,Higher education,Separated,Sales staff,-8690,-2120,0,0,0.0,False,7,0.72,1,True,0
903133,0,Cash loans,F,0,93200.0,216100.0,8070.6,Secondary / secondary special,Married,,-21596,-3019,3,2,78900.0,True,4,0.524,1,True,2
903134,0,Cash loans,F,0,386900.0,691700.0,20390.0,Secondary / secondary special,Civil marriage,Laborers,-16438,-170,2,1,44600.0,True,5,0.994,2,True,1
903135,0,Cash loans,F,0,96700.0,429300.0,32726.6,Secondary / secondary special,Married,Sales staff,-17507,-9,4,1,200600.0,True,1,0.759,0,True,0
903136,0,Cash loans,F,0,224200.0,784300.0,58024.1,Secondary / secondary special,Married,,-17553,-500,3,1,390800.0,True,2,0.789,0,True,0
903137,0,Cash loans,M,0,136100.0,455500.0,14689.4,Secondary / secondary special,Married,Laborers,-8649,-2079,5,4,192600.0,True,3,0.845,1,True,0
903138,0,Cash loans,F,1,105700.0,170500.0,14792.9,Higher education,Single / not married,Drivers,-12040,-5470,7,4,29600.0,True,1,0.717,0,True,1
903139,0,Cash loans,F,0,231900.0,746100.0,23804.3,Secondary / secondary special,Single / not married,,-20897,-896,8,1,99500.0,True,2,0.905,0,True,1
903140,0,Revolving loans,F,0,272000.0,626700.0,37039.8,Secondary / secondary special,Married,Drivers,-14887,-2646,6,2,48000.0,True,3,0.824,0,True,0
903141,0,Cash loans,F,0,127600.0,211100.0,12386.3,Secondary / secondary special,Married,,-17485,-3015,2,2,130200.0,True,3,0.719,1,True,0
903142,0,Cash loans,F,1,138300.0,455700.0,21901.2,Secondary / secondary special,Civil marriage,Drivers,-24219,-1639,2,1,351700.0,True,2,0.84,0,True,0
903143,0,Cash loans,M,0,113900.0,593600.0,15731.4,Secondary / secondary special,Married,,-8475,-706,0,0,0.0,False,4,0.868,1,True,0
903144,1,Cash loans,M,1,156600.0,863000.0,27555.2,Higher education,Single / not married,Cleaning staff,-15543,-409,5,1,158100.0,True,2,0.68,1,True,0
903145,0,Cash loans,M,0,81000.0,208300.0,6400.4,Secondary / secondary special,Married,,-13994,-1678,3,1,866400.0,True,6,0.619,0,True,0
903146,0,Cash loans,M,0,36400.0,99600.0,2973.9,Secondary / secondary special,Married,Low-skill Laborers,-9529,-1411,4,1,57100.0,True,3,0.428,0,True,0
903147,0,Cash loans,F,0,55000.0,106900.0,3058.8,Secondary / secondary special,Married,,-24322,-356,2,1,523600.0,True,4,0.392,0,True,0
903148,1,Cash loans,M,0,125400.0,701200.0,46406.2,Secondary / secondary special,Married,Managers,-24509,-4693,2,0,110200.0,True,4,0.916,1,True,3
903149,0,Cash loans,M,0,82000.0,147100.0,3845.2,Secondary / secondary special,Separated,,-13122,-98,0,0,0.0,False,3,0.837,1,True,1
903150,0,Cash loans,F,0,132000.0,754700.0,34445.0,Secondary / secondary special,Married,,-24251,-60,3,1,208100.0,True,1,0.451,0,True,0
903151,0,Cash loans,M,0,108400.0,475500.0,17708.4,Secondary / secondary special,Married,,-8281,-268,5,1,21100.0,True,1,0.612,0,True,0
903152,0,Cash loans,M,0,98300.0,495400.0,14439.8,Secondary / secondary special,Married,,-24850,-3270,8,5,100800.0,True,5,0.687,2,True,1
903153,0,Cash loans,F,0,101200.0,252000.0,7083.1,Secondary / secondary special,Married,Laborers,-22310,-313,4,1,37700.0,True,0,0.0,0,False,0
903154,0,Cash loans,F,0,227100.0,961500.0,38180.2,Higher education,Single / not married,Sales staff,-11420,-184,4,2,1593900.0,True,3,0.438,1,True,1
903155,0,Cash loans,F,0,157500.0,313400.0,11897.6,Higher education,Single / not married,Laborers,-18169,-27,4,1,69500.0,True,3,0.698,0,True,0
903156,1,Cash loans,M,0,306200.0,1366900.0,61329.1,Secondary / secondary special,Civil marriage,Core staff,-21651,-18,2,0,602200.0,True,2,0.829,1,True,2
903157,0,Cash loans,M,0,147400.0,619300.0,53919.4,Secondary / secondary special,Married,,-13259,-1219,7,0,433600.0,True,2,0.916,0,True,0
903158,0,Cash loans,F,0,53900.0,280700.0,9538.5,Secondary / secondary special,Civil marriage,Core staff,-13862,-663,3,0,42200.0,True,0,0.0,0,False,0
903159,0,Cash loans,F,1,83100.0,365800.0,12066.1,Secondary / secondary special,Widow,Drivers,-18684,-4627,0,0,0.0,False,3,0.82,0,True,0
903160,0,Cash loans,F,0,148300.0,870800.0,35998.7,Secondary / secondary special,Widow,,-10242,-644,2,1,449400.0,True,3,0.539,0,True,0
903161,0,Cash loans,F,1,158000.0,585600.0,51174.2,Secondary / secondary special,Married,Drivers,-9736,-1270,0,0,0.0,False,1,0.846,0,True,0
903162,0,Cash loans,M,0,104400.0,415900.0,15417.6,Secondary / secondary special,Married,,-12041,-4776,0,0,0.0,False,3,0.505,0,True,0
903163,0,Cash loans,F,0,94000.0,173100.0,13221.5,Secondary / secondary special,Separated,Laborers,-20651,-1613,3,1,180800.0,True,2,0.649,1,True,0
903164,0,Cash loans,F,0,103300.0,205300.0,8691.5,Secondary / secondary special,Single / not married,Drivers,-14087,-2417,4,1,6100.0,True,3,0.665,1,True,0
903165,0,Cash loans,F,1,130200.0,297000.0,8747.4,Secondary / secondary special,Married,Managers,-16553,-6335,3,2,139000.0,True,0,0.0,0,False,1
903166,0,Cash loans,F,0,136600.0,277700.0,16519.2,Higher education,Civil marriage,Sales staff,-11089,-2073,2,1,530400.0,True,1,0.612,0,True,1
903167,1,Revolving loans,M,1,80900.0,171300.0,4559.9,Secondary / secondary special,Civil marriage,Laborers,-11065,-583,4,2,21700.0,True,3,0.743,1,True,1
903168,0,Cash loans,F,0,158300.0,423000.0,13536.7,Higher education,Single / not married,Sales staff,-19060,-291,3,1,368700.0,True,5,0.926,3,True,0
903169,0,Cash loans,F,0,157600.0,433900.0,24480.2,Higher education,Married,Sales staff,-9563,-115,4,1,118200.0,True,2,0.809,1,True,0
903170,0,Cash loans,M,1,132500.0,613500.0,36317.3,Higher education,Married,Low-skill Laborers,-19365,-222,3,0,42900.0,True,3,0.939,1,True,1
903171,1,Cash loans,F,1,99100.0,365600.0,29871.6,Secondary / secondary special,Single / not married,High skill tech staff,-14685,-2377,0,0,0.0,False,2,0.902,0,True,3
903172,0,Cash loans,F,3,195900.0,1111100.0,30679.3,Higher education,Married,,-19425,-1206,2,0,147200.0,True,3,0.832,0,True,1
903173,0,Cash loans,F,0,271400.0,825900.0,69458.0,Secondary / secondary special,Single / not married,Laborers,-14352,-272,5,2,671800.0,True,4,0.525,0,True,0
903174,0,Cash loans,F,1,111900.0,199800.0,6940.1,Secondary / secondary special,Married,Sales staff,-22487,-766,0,0,0.0,False,4,0.806,0,True,1
903175,0,Cash loans,F,2,102200.0,541500.0,16639.2,Secondary / secondary special,Married,Managers,-8638,-1341,3,2,619500.0,True,3,0.672,0,True,1
903176,0,Cash loans,F,0,176700.0,935100.0,52970.4,Secondary / secondary special,Civil marriage,,-23315,-1067,6,1,144000.0,True,2,0.655,0,True,2
903177,0,Cash loans,F,0,78000.0,244500.0,11418.7,Higher education,Married,High skill tech staff,-12371,-1582,0,0,0.0,False,2,0.705,0,True,0
903178,0,Cash loans,M,1,73900.0,134300.0,7137.8,Secondary / secondary special,Married,Core staff,-8410,-166,10,8,101900.0,True,0,0.0,0,False,0
903179,0,Cash loans,F,0,101200.0,553000.0,16239.9,Secondary / secondary special,Civil marriage,,-17518,-6971,3,2,52100.0,True,0,0.0,0,False,0
903180,0,Revolving loans,M,1,163400.0,931500.0,23367.8,Secondary / secondary special,Civil marriage,,-11595,-3829,2,0,423900.0,True,2,0.654,0,True,0
903181,0,Cash loans,M,0,90100.0,539500.0,13791.6,Secondary / secondary special,Civil marriage,Managers,-15710,-2150,0,0,0.0,False,4,0.677,2,True,0
903182,1,Cash loans,M,0,138700.0,452100.0,37409.7,Higher education,Married,Drivers,-21721,-3227,5,1,104400.0,True,2,0.675,1,True,2
903183,0,Cash loans,F,0,51300.0,106300.0,3504.3,Higher education,Married,Laborers,-21532,-8746,5,4,448200.0,True,5,0.633,2,True,0
903184,0,Cash loans,F,0,190600.0,609900.0,22138.7,Secondary / secondary special,Married,,-18183,-1120,6,6,779400.0,True,2,0.831,0,True,1
903185,1,Revolving loans,M,1,287700.0,1189700.0,31389.6,Secondary / secondary special,Married,,-24797,-133,6,2,83600.0,True,4,0.823,1,True,3
903186,0,Cash loans,M,1,88800.0,150500.0,5505.1,Secondary / secondary special,Married,Laborers,-15789,-1263,4,3,913600.0,True,4,0.702,0,True,0
903187,0,Cash loans,M,0,174800.0,477900.0,20144.4,Secondary / secondary special,Married,Core staff,-8355,-1453,5,4,63500.0,True,6,0.53,0,True,0
903188,0,Cash loans,M,0,126200.0,724200.0,30859.3,Secondary / secondary special,Married,,-22021,-3081,0,0,0.0,False,1,0.497,0,True,0
903189,0,Cash loans,F,0,147600.0,250700.0,7040.5,Higher education,Married,Drivers,-11542,-100,3,2,387000.0,True,2,0.861,0,True,1
903190,0,Cash loans,F,1,123800.0,269800.0,8944.7,Secondary / secondary special,Civil marriage,,-10752,-4182,6,3,3400.0,True,6,0.8,1,True,0
903191,0,Cash loans,M,1,120300.0,495000.0,40501.6,Secondary / secondary special,Widow,Drivers,-8891,-2321,8,3,51200.0,True,1,0.443,0,True,1
903192,0,Cash loans,F,1,92300.0,536200.0,14108.4,Secondary / secondary special,Married,Security staff,-13409,-3222,3,1,93500.0,True,2,0.795,1,True,0
903193,0,Cash loans,M,1,81100.0,464800.0,15308.5,Secondary / secondary special,Civil marriage,,-13379,-1703,4,2,201000.0,True,4,0.887,2,True,0
903194,0,Cash loans,M,0,242600.0,645000.0,44022.8,Secondary / secondary special,Married,Security staff,-12969,-432,3,1,150000.0,True,4,0.795,0,True,0
903195,0,Cash loans,F,1,60500.0,257800.0,10705.8,Secondary / secondary special,Married,Managers,-18057,-896,3,2,9900.0,True,5,0.954,1,True,0
903196,0,Cash loans,F,1,138700.0,810400.0,46256.2,Higher education,Married,Medicine staff,-20832,-301,7,3,97200.0,True,0,0.0,0,False,0
903197,1,Revolving loans,F,1,135600.0,587600.0,21181.4,Secondary / secondary special,Single / not married,Laborers,-24094,-2601,4,2,26700.0,True,2,0.731,1,True,1
903198,0,Cash loans,M,0,136800.0,341600.0,12800.2,Higher education,Married,Accountants,-9312,-1740,2,1,75500.0,True,2,0.733,0,True,1
903199,0,Cash loans,F,0,195200.0,902100.0,23067.0,Secondary / secondary special,Married,Laborers,-10299,-2071,3,3,101800.0,True,3,0.7,1,True,0
903200,1,Cash loans,F,0,116300.0,442000.0,37924.0,Secondary / secondary special,Married,,-17999,-1565,0,0,0.0,False,2,0.705,0,True,1
903201,0,Cash loans,M,0,194100.0,722400.0,30728.0,Secondary / secondary special,Married,Low-skill Laborers,-9384,-2814,3,1,90500.0,True,4,0.788,1,True,0
903202,0,Cash loans,M,2,377900.0,1397400.0,90232.9,Secondary / secondary special,Married,Cooking staff,-14160,-2391,0,0,0.0,False,3,0.348,1,True,0
903203,0,Cash loans,F,1,129700.0,260200.0,24408.0,Secondary / secondary special,Married,,-18607,-6739,0,0,0.0,False,3,0.561,1,True,2
903204,0,Cash loans,F,0,50700.0,256200.0,7683.3,Secondary / secondary special,Single / not married,Laborers,-21340,-57,4,2,213500.0,True,0,0.0,0,False,1
903205,0,Cash loans,F,0,130400.0,399200.0,12197.0,Secondary / secondary special,Single / not married,Low-skill Laborers,-11477,-2262,0,0,0.0,False,3,0.45,0,True,0
903206,0,Cash loans,F,2,124100.0,289300.0,7607.9,Higher education,Married,Sales staff,-19368,-1,5,2,137300.0,True,2,0.769,0,True,0
903207,0,Cash loans,M,0,171200.0,596400.0,21570.2,Higher education,Civil marriage,Sales staff,-18980,-706,8,2,42100.0,True,4,0.699,0,True,0
903208,0,Cash loans,F,0,51700.0,227200.0,12855.1,Higher education,Married,,-22725,-2853,1,1,95000.0,True,1,0.785,0,True,0
903209,0,Revolving loans,F,0,164700.0,657200.0,31460.7,Higher education,Single / not married,Laborers,-13161,-6238,2,1,185700.0,True,4,0.848,1,True,0
903210,0,Revolving loans,F,0,113400.0,588100.0,20901.2,Incomplete higher,Married,Sales staff,-20806,-3379,3,2,55000.0,True,2,0.722,1,True,0
903211,0,Cash loans,F,2,209100.0,1107200.0,38359.6,Secondary / secondary special,Married,Managers,-20840,-11126,4,1,128100.0,True,4,0.909,2,True,1
903212,0,Cash loans,F,1,108000.0,463600.0,41107.4,Lower secondary,Civil marriage,Laborers,-11855,-2949,3,2,99700.0,True,1,0.584,0,True,1
903213,0,Cash loans,M,0,216100.0,860700.0,23061.8,Secondary / secondary special,Separated,Core staff,-18547,-4829,1,0,1413300.0,True,2,0.836,1,True,0
903214,0,Cash loans,F,1,65800.0,266500.0,7053.7,Secondary / secondary special,Married,,-19493,-2711,5,2,216700.0,True,2,0.285,0,True,1
903215,0,Cash loans,F,0,141300.0,461900.0,13603.2,Secondary / secondary special,Married,Drivers,-12472,-5902,7,3,254700.0,True,5,0.787,0,True,2
903216,0,Cash loans,F,0,86100.0,311000.0,17777.4,Secondary / secondary special,Single / not married,,-15580,-5541,3,1,56100.0,True,3,0.631,0,True,2
903217,0,Cash loans,M,1,109700.0,424600.0,20770.5,Secondary / secondary special,Married,Core staff,-15299,-2528,1,0,9300.0,True,1,0.764,1,True,2
903218,0,Cash loans,F,0,545500.0,2784200.0,89602.7,Secondary / secondary special,Civil marriage,High skill tech staff,-21216,-2375,4,1,75100.0,True,3,0.465,1,True,1
903219,0,Cash loans,F,0,87100.0,423000.0,22063.3,Higher education,Married,Drivers,-7677,-794,4,1,24500.0,True,3,0.494,0,True,0
903220,0,Cash loans,F,0,116200.0,276600.0,12786.4,Higher education,Married,,-16442,-1514,6,5,186200.0,True,3,0.935,1,True,1
903221,0,Cash loans,M,0,79000.0,466100.0,15512.1,Secondary / secondary special,Married,High skill tech staff,-10894,-844,6,5,197100.0,True,6,0.62,0,True,0
903222,0,Cash loans,M,0,120100.0,701900.0,63690.8,Secondary / secondary special,Married,,-18997,-589,3,1,182800.0,True,4,0.645,2,True,0
903223,1,Cash loans,F,1,129900.0,358100.0,25333.9,Secondary / secondary special,Civil marriage,,-19585,-2169,3,2,134200.0,True,4,0.81,1,True,1
903224,0,Cash loans,F,0,97000.0,581500.0,52482.3,Secondary / secondary special,Single / not married,High skill tech staff,-16444,-393,3,1,54800.0,True,3,0.94,0,True,0
903225,0,Cash loans,F,2,307900.0,1189400.0,66184.7,Secondary / secondary special,Married,,-17161,-3322,3,1,65100.0,True,2,0.644,0,True,0
903226,0,Cash loans,M,0,249400.0,628600.0,25727.9,Secondary / secondary special,Married,Laborers,-13184,-3537,2,1,229200.0,True,6,0.813,2,True,0
903227,0,Cash loans,F,0,87200.0,413500.0,11706.3,Secondary / secondary special,Married,Cooking staff,-13154,-1677,6,4,1298500.0,True,2,0.71,0,True,1
903228,0,Cash loans,M,0,210600.0,361300.0,23510.9,Secondary / secondary special,Married,,-20719,-149,1,0,190100.0,True,4,0.487,1,True,1
903229,0,Cash loans,M,1,110100.0,505800.0,24427.6,Secondary / secondary special,Married,Drivers,-9972,-3402,2,0,217700.0,True,3,0.712,1,True,1
903230,0,Cash loans,F,0,75700.0,398000.0,38705.0,Secondary / secondary special,Married,Sales staff,-21181,-72,2,2,1177600.0,True,0,0.0,0,False,0
903231,1,Cash loans,F,0,97800.0,301000.0,12592.4,Secondary / secondary special,Single / not married,Laborers,-19140,-1861,5,3,143000.0,True,4,0.693,0,True,0
903232,0,Cash loans,F,0,74700.0,224500.0,20864.7,Secondary / secondary special,Married,Laborers,-23160,-340,5,1,51900.0,True,2,0.774,0,True,0
903233,1,Cash loans,F,0,224100.0,610900.0,31059.1,Secondary / secondary special,Widow,Laborers,-12222,-156,8,0,220800.0,True,5,0.488,1,True,1
903234,0,Cash loans,M,1,90300.0,301000.0,8618.4,Higher education,Married,High skill tech staff,-16533,-1609,3,2,902500.0,True,3,0.739,0,True,0
903235,0,Cash loans,M,0,266600.0,1087900.0,28567.7,Secondary / secondary special,Married,High skill tech staff,-8348,-240,6,3,392900.0,True,2,0.66,1,True,0
903236,0,Cash loans,F,1,150200.0,740400.0,35228.1,Secondary / secondary special,Married,Laborers,-23652,-5426,4,1,185900.0,True,2,0.376,0,True,0
903237,0,Revolving loans,M,0,114400.0,628000.0,33962.5,Secondary / secondary special,Separated,Managers,-19497,-6670,0,0,0.0,False,5,0.604,1,True,0
903238,0,Cash loans,F,0,108900.0,432200.0,13194.5,Lower secondary,Married,Sales staff,-18577,-4307,3,1,27300.0,True,4,0.515,0,True,0
903239,0,Cash loans,F,0,336300.0,1223300.0,39539.1,Secondary / secondary special,Married,Managers,-20501,-2629,9,2,216200.0,True,3,0.859,2,True,0
903240,0,Revolving loans,F,0,140700.0,448300.0,21004.4,Higher education,Married,,-12646,-302,5,2,101700.0,True,2,0.77,0,True,1
903241,0,Cash loans,M,0,108800.0,454700.0,12236.1,Higher education,Married,Laborers,-18244,-6770,0,0,0.0,False,3,0.7,1,True,0
903242,0,Cash loans,F,1,214500.0,461600.0,19550.6,Academic degree,Married,Laborers,-21697,-550,3,1,437800.0,True,3,0.94,1,True,0
903243,0,Cash loans,F,0,187600.0,675600.0,17743.2,Higher education,Single / not married,Core staff,-9246,-727,0,0,0.0,False,5,0.659,0,True,0
903244,0,Cash loans,F,0,85400.0,323600.0,8862.1,Secondary / secondary special,Married,,-24463,-2032,7,4,75400.0,True,4,0.711,0,True,1
903245,0,Cash loans,F,1,140400.0,608200.0,15816.9,Secondary / secondary special,Single / not married,Sales staff,-23290,-1261,3,1,561800.0,True,1,0.926,1,True,0
903246,0,Cash loans,F,0,56700.0,102500.0,7727.6,Incomplete higher,Civil marriage,Low-skill Laborers,-24537,-3418,11,3,37800.0,True,0,0.0,0,False,0
903247,0,Cash loans,F,1,137700.0,472800.0,26249.7,Secondary / secondary special,Married,,-21827,-2955,3,2,538100.0,True,1,0.861,0,True,0
903248,0,Cash loans,M,1,163800.0,807200.0,38197.0,Higher education,Married,Sales staff,-12821,-2663,6,0,221100.0,True,4,0.685,0,True,0
903249,0,Cash loans,M,1,175100.0,880400.0,27254.9,Higher education,Widow,,-17853,-6704,0,0,0.0,False,3,0.871,1,True,0
903250,0,Cash loans,F,0,84900.0,334900.0,17803.7,Secondary / secondary special,Married,Sales staff,-9770,-3200,2,1,176300.0,True,4,0.969,1,True,1
903251,0,Cash loans,M,0,96800.0,525000.0,32386.3,Secondary / secondary special,Married,,-20878,-605,0,0,0.0,False,3,0.791,1,True,0
903252,0,Cash loans,M,1,158400.0,775600.0,38183.6,Secondary / secondary special,Married,Medicine staff,-10356,-3786,5,0,309000.0,True,5,0.901,0,True,0
903253,0,Cash loans,M,0,261600.0,1331000.0,68861.9,Secondary / secondary special,Married,Laborers,-22851,-3505,4,0,16000.0,True,2,0.737,1,True,0
903254,0,Revolving loans,F,1,146600.0,743000.0,21574.7,Secondary / secondary special,Single / not married,Cleaning staff,-11879,-195,5,2,604200.0,True,3,0.607,1,True,0
903255,0,Revolving loans,M,0,105900.0,506100.0,12749.9,Secondary / secondary special,Single / not married,,-10475,-3905,3,3,196400.0,True,4,0.601,0,True,0
903256,1,Cash loans,F,0,227400.0,1217300.0,63680.1,Lower secondary,Married,High skill tech staff,-8907,-1657,4,1,532500.0,True,2,0.636,1,True,2
903257,0,Cash loans,F,1,149300.0,289000.0,25011.3,Higher education,Married,,-20128,-2347,4,1,245300.0,True,5,0.767,0,True,0
903258,0,Cash loans,M,0,153100.0,576700.0,18220.3,Secondary / secondary special,Married,,-10927,-316,6,3,1656200.0,True,0,0.0,0,False,0
903259,0,Cash loans,F,1,208600.0,1087700.0,44548.3,Higher education,Married,Medicine staff,-11128,-4558,4,3,68500.0,True,2,0.842,1,True,1
903260,0,Cash loans,M,0,133400.0,265700.0,11545.6,Secondary / secondary special,Married,,-10638,-911,1,0,888300.0,True,2,0.57,0,True,0
903261,0,Cash loans,F,0,87800.0,193000.0,9398.1,Secondary / secondary special,Married,Sales staff,-13022,-1711,6,2,58100.0,True,5,0.528,0,True,2
903262,0,Cash loans,F,0,129600.0,428600.0,17775.8,Higher education,Separated,Managers,-24155,-2028,2,0,273200.0,True,1,0.966,0,True,1
903263,0,Cash loans,F,0,244100.0,985700.0,69987.1,Incomplete higher,Married,Laborers,-16190,-1939,3,1,482300.0,True,4,0.496,0,True,1
903264,0,Cash loans,M,0,360700.0,1716100.0,60501.2,Secondary / secondary special,Married,,-12235,-652,5,1,153100.0,True,4,0.575,0,True,0
903265,1,Cash loans,F,0,76100.0,306200.0,8080.3,Secondary / secondary special,Single / not married,Security staff,-10650,-127,2,0,17600.0,True,3,0.751,1,True,0
903266,0,Cash loans,M,1,317400.0,785500.0,20904.6,Secondary / secondary special,Married,Core staff,-7996,-1426,3,2,173800.0,True,6,0.704,1,True,0
903267,0,Cash loans,M,0,116500.0,619300.0,19266.7,Higher education,Married,Medicine staff,-14059,-288,4,2,89300.0,True,3,0.979,0,True,1
903268,0,Revolving loans,F,0,141400.0,380700.0,17558.0,Secondary / secondary special,Separated,Drivers,-9593,-1030,5,3,404900.0,True,4,0.916,0,True,1
903269,1,Revolving loans,F,1,327500.0,1755800.0,46651.7,Secondary / secondary special,Single / not married,Drivers,-8138,-1568,0,0,0.0,False,0,0.0,0,False,2
903270,0,Cash loans,M,2,114100.0,425300.0,14275.3,Higher education,Married,Sales staff,-9469,-1570,7,3,82300.0,True,3,0.882,0,True,1
903271,0,Cash loans,M,1,122100.0,205400.0,8179.4,Secondary / secondary special,Single / not married,,-13245,-545,0,0,0.0,False,2,0.721,0,True,0
903272,0,Cash loans,F,0,101500.0,371300.0,20046.1,Secondary / secondary special,Married,Medicine staff,-20820,-665,4,0,106400.0,True,0,0.0,0,False,0
903273,0,Cash loans,F,0,142700.0,634100.0,19416.7,Secondary / secondary special,Married,High skill tech staff,-8838,-1687,3,1,164700.0,True,2,0.353,0,True,1
903274,0,Cash loans,F,0,163600.0,893200.0,26332.0,Secondary / secondary special,Married,Managers,-19555,-2619,1,0,281300.0,True,4,0.857,2,True,1
903275,1,Cash loans,M,0,99300.0,409100.0,15282.5,Secondary / secondary special,Married,Accountants,-18536,-1036,3,0,258200.0,True,2,0.877,0,True,1
903276,0,Cash loans,F,0,289100.0,1723500.0,92751.0,Secondary / secondary special,Married,,-23117,-9523,3,3,36800.0,True,2,0.193,0,True,0
903277,0,Cash loans,F,0,96300.0,309400.0,14275.6,Secondary / secondary special,Single / not married,,-10888,-2154,4,2,57900.0,True,2,0.797,0,True,2
903278,0,Cash loans,F,1,179600.0,468000.0,16305.6,Secondary / secondary special,Married,,-21580,-2901,6,4,78700.0,True,3,0.832,1,True,0
903279,0,Cash loans,M,0,141900.0,496000.0,29718.7,Secondary / secondary special,Married,Core staff,-22817,-3421,2,1,102100.0,True,2,0.892,0,True,0
903280,0,Cash loans,F,1,260700.0,1163500.0,48221.0,Secondary / secondary special,Single / not married,Laborers,-24773,-2967,4,3,57800.0,True,3,0.862,1,True,0
903281,0,Cash loans,M,0,93700.0,180600.0,16031.4,Higher education,Married,,-21830,-463,5,1,65700.0,True,6,0.779,1,True,1
903282,0,Cash loans,F,0,186400.0,355100.0,10396.2,Higher education,Civil marriage,Sales staff,-9833,-2541,5,3,624800.0,True,1,0.408,0,True,0
903283,0,Cash loans,F,0,469700.0,2024100.0,94356.8,Secondary / secondary special,Single / not married,Laborers,-24258,-5398,5,4,210500.0,True,2,0.886,0,True,0
903284,1,Cash loans,F,1,68100.0,219800.0,9410.9,Secondary / secondary special,Married,Sales staff,-21943,-4341,6,0,44500.0,True,4,0.665,2,True,1
903285,0,Cash loans,M,1,89200.0,448200.0,12259.3,Secondary / secondary special,Married,,-11384,-172,7,3,232900.0,True,0,0.0,0,False,0
903286,0,Cash loans,M,1,396900.0,1066300.0,48716.6,Secondary / secondary special,Married,,-10559,-545,4,0,95300.0,True,0,0.0,0,False,0
903287,0,Cash loans,F,0,130900.0,451700.0,18623.0,Secondary / secondary special,Single / not married,Laborers,-24070,-72,5,2,1144300.0,True,4,0.605,0,True,0
903288,0,Cash loans,F,0,148200.0,565800.0,29995.3,Secondary / secondary special,Married,,-10392,-3822,6,4,75000.0,True,6,0.791,1,True,0
903289,0,Cash loans,F,0,118600.0,680800.0,19899.7,Higher education,Married,Laborers,-21279,-752,5,1,87100.0,True,5,0.688,1,True,2
903290,0,Cash loans,F,2,320100.0,490700.0,21254.6,Secondary / secondary special,Married,Laborers,-14765,-1242,4,2,108300.0,True,3,0.727,0,True,0
903291,0,Revolving loans,M,1,62500.0,154800.0,6329.4,Incomplete higher,Married,Cooking staff,-20346,-4779,5,1,44500.0,True,1,0.708,1,True,1
903292,0,Cash loans,F,1,259900.0,497500.0,20084.1,Secondary / secondary special,Married,,-9274,-1183,5,2,249700.0,True,1,0.765,0,True,0
903293,0,Cash loans,M,0,66900.0,398800.0,13164.0,Secondary / secondary special,Married,,-20368,-1515,4,0,157900.0,True,3,0.493,1,True,1
903294,0,Cash loans,F,0,64000.0,134100.0,5110.1,Secondary / secondary special,Married,Drivers,-16633,-739,4,3,218000.0,True,3,0.755,1,True,0
903295,0,Cash loans,M,0,81300.0,423100.0,18361.3,Higher education,Single / not married,,-23439,-3626,5,1,154800.0,True,2,0.597,0,True,1
903296,0,Cash loans,M,1,131300.0,504200.0,17008.5,Secondary / secondary special,Married,Laborers,-10965,-3562,0,0,0.0,False,0,0.0,0,False,1
903297,0,Cash loans,F,0,98000.0,492100.0,16896.2,Secondary / secondary special,Married,Drivers,-9580,-2024,4,1,893500.0,True,2,0.713,1,True,0
903298,0,Cash loans,F,1,95100.0,271800.0,8679.8,Secondary / secondary special,Civil marriage,,-11102,-274,1,1,274600.0,True,5,0.664,0,True,0
903299,0,Cash loans,M,0,88000.0,320300.0,13296.9,Secondary / secondary special,Married,Cleaning staff,-9041,-651,2,1,20800.0,True,0,0.0,0,False,0
903300,0,Cash loans,M,0,88800.0,524000.0,13293.5,Higher education,Married,Laborers,-24837,-295,4,2,211500.0,True,2,0.668,0,True,0
903301,0,Cash loans,F,0,87800.0,169300.0,6209.8,Higher education,Married,Drivers,-9817,-3247,0,0,0.0,False,4,0.876,1,True,1
903302,0,Cash loans,M,1,157400.0,675700.0,19909.0,Secondary / secondary special,Married,Security staff,-11183,-2418,6,3,11700.0,True,2,0.454,0,True,0
903303,0,Cash loans,M,0,101900.0,592300.0,24705.5,Secondary / secondary special,Married,Accountants,-21850,-2618,2,2,41700.0,True,2,0.575,0,True,3
903304,0,Cash loans,F,0,36900.0,76400.0,3799.1,Higher education,Widow,,-11988,-5418,0,0,0.0,False,5,0.857,1,True,0
903305,0,Cash loans,F,0,137400.0,725500.0,28195.5,Secondary / secondary special,Married,Sales staff,-11559,-2300,8,4,436400.0,True,1,0.884,1,True,0
903306,0,Cash loans,F,0,203600.0,558400.0,20441.2,Higher education,Married,Laborers,-19443,-82,6,2,181400.0,True,2,0.921,1,True,0
903307,0,Revolving loans,F,0,121800.0,292700.0,15197.0,Secondary / secondary special,Married,Sales staff,-14651,-1789,3,1,242600.0,True,2,0.666,0,True,0
903308,0,Cash loans,M,1,74500.0,167600.0,5136.6,Higher education,Single / not married,Drivers,-22302,-2107,2,1,677200.0,True,2,0.813,0,True,1
903309,1,Cash loans,M,1,203200.0,977500.0,42812.7,Higher education,Married,Laborers,-18847,-3636,5,2,85200.0,True,4,0.77,0,True,0
903310,0,Cash loans,F,1,70500.0,117100.0,3927.3,Secondary / secondary special,Civil marriage,Laborers,-12714,-2842,3,1,53200.0,True,1,0.502,0,True,0
903311,0,Cash loans,F,1,119200.0,404400.0,21692.0,Higher education,Married,Core staff,-18140,-578,0,0,0.0,False,4,0.846,2,True,0
903312,0,Cash loans,F,0,138500.0,642100.0,26178.0,Secondary / secondary special,Civil marriage,,-22845,-1036,0,0,0.0,False,2,0.517,0,True,0
903313,0,Cash loans,F,0,240100.0,511000.0,24837.2,Secondary / secondary special,Separated,Core staff,-14050,-250,5,1,212100.0,True,1,0.887,0,True,0
903314,0,Cash loans,M,2,186900.0,468800.0,20773.8,Secondary / secondary special,Married,,-20567,-220,2,1,350800.0,True,4,0.694,1,True,2
903315,0,Cash loans,F,0,157700.0,344800.0,11387.7,Secondary / secondary special,Widow,Core staff,-14950,-1650,4,2,937100.0,True,5,0.486,1,True,1
903316,0,Cash loans,F,0,222900.0,360500.0,24533.6,Secondary / secondary special,Separated,,-17179,-1162,5,1,183800.0,True,4,0.58,0,True,0
903317,0,Cash loans,F,0,78500.0,279000.0,16068.5,Secondary / secondary special,Married,Drivers,-20519,-387,1,0,37800.0,True,5,0.659,1,True,0
903318,1,Cash loans,M,0,308500.0,1152400.0,55421.9,Incomplete higher,Married,,-8725,-948,2,0,64200.0,True,0,0.0,0,False,1
903319,0,Cash loans,F,0,30200.0,173800.0,9552.6,Secondary / secondary special,Single / not married,Core staff,-15635,-1728,7,3,174500.0,True,3,0.702,1,True,1
903320,0,Cash loans,F,1,285900.0,1365600.0,89638.6,Secondary / secondary special,Civil marriage,Sales staff,-9333,-764,2,2,742500.0,True,4,0.817,0,True,0
903321,0,Cash loans,M,0,91900.0,539100.0,15622.0,Secondary / secondary special,Single / not married,Laborers,-20367,-2349,3,0,308000.0,True,3,0.68,0,True,1
903322,0,Cash loans,M,0,169300.0,830600.0,55853.6,Secondary / secondary special,Single / not married,Core staff,-18313,-5087,3,2,56400.0,True,6,0.505,2,True,0
903323,0,Cash loans,M,0,288800.0,1705200.0,58293.8,Higher education,Married,High skill tech staff,-13392,-6822,6,3,73300.0,True,6,0.866,2,True,0
903324,0,Cash loans,F,0,185300.0,484900.0,20600.8,Secondary / secondary special,Civil marriage,,-9001,-227,10,7,108700.0,True,0,0.0,0,False,0
903325,0,Cash loans,F,0,168700.0,380300.0,25517.1,Secondary / secondary special,Married,Core staff,-23885,-5959,3,0,162700.0,True,5,0.791,1,True,0
903326,0,Cash loans,F,0,215900.0,704000.0,37258.7,Secondary / secondary special,Single / not married,Laborers,-13183,-619,7,5,111200.0,True,4,0.631,0,True,1
903327,0,Cash loans,F,0,66800.0,248000.0,18670.0,Academic degree,Married,Core staff,-12489,-4890,4,2,57300.0,True,0,0.0,0,False,0
903328,1,Cash loans,F,1,72000.0,375200.0,29140.7,Secondary / secondary special,Single / not married,Accountants,-9434,-2864,5,3,65600.0,True,3,0.405,1,True,1
903329,0,Cash loans,F,0,160300.0,631000.0,30384.3,Higher education,Civil marriage,Core staff,-17780,-4897,2,1,138300.0,True,2,0.843,0,True,0
903330,0,Cash loans,F,2,126800.0,733700.0,22468.9,Secondary / secondary special,Married,,-12319,-5749,3,1,188900.0,True,2,0.621,0,True,2
903331,0,Cash loans,M,0,119700.0,335000.0,15275.4,Higher education,Civil marriage,Laborers,-22431,-2291,0,0,0.0,False,1,0.72,1,True,0
903332,0,Cash loans,M,1,260000.0,1067300.0,39430.8,Secondary / secondary special,Civil marriage,Sales staff,-19627,-309,5,2,213600.0,True,2,0.647,0,True,0
903333,0,Cash loans,F,0,249000.0,1103700.0,79724.3,Higher education,Married,,-7733,-89,5,1,1104800.0,True,1,0.771,0,True,1
903334,0,Cash loans,F,2,88300.0,194400.0,5334.6,Secondary / secondary special,Married,Core staff,-17575,-2960,3,0,188300.0,True,2,0.892,1,True,1
903335,0,Cash loans,F,1,174700.0,879600.0,44175.0,Secondary / secondary special,Married,Managers,-11726,-1613,2,2,202500.0,True,2,0.74,1,True,0
903336,1,Cash loans,F,1,64000.0,280100.0,17864.2,Secondary / secondary special,Married,Drivers,-7934,-183,4,3,33200.0,True,0,0.0,0,False,0
903337,0,Cash loans,F,0,63300.0,149600.0,7259.4,Secondary / secondary special,Civil marriage,,-18516,-735,7,1,337400.0,True,2,0.794,1,True,0
903338,0,Cash loans,M,0,89600.0,301100.0,7703.0,Secondary / secondary special,Married,Managers,-11255,-4685,0,0,0.0,False,2,0.935,0,True,0
903339,0,Cash loans,M,0,136300.0,597500.0,20674.8,Secondary / secondary special,Single / not married,Laborers,-23426,-87,6,2,487000.0,True,2,0.817,0,True,0
903340,0,Cash loans,M,1,101000.0,484800.0,35567.3,Higher education,Married,,-17710,-4279,6,2,1088300.0,True,0,0.0,0,False,1
903341,0,Cash loans,F,1,175400.0,592500.0,39877.3,Secondary / secondary special,Married,Sales staff,-11329,-1256,5,1,71200.0,True,5,0.488,0,True,1
903342,0,Cash loans,M,0,138900.0,659900.0,20069.2,Secondary / secondary special,Married,Sales staff,-24819,-1769,5,3,73700.0,True,3,0.886,1,True,1
903343,0,Cash loans,M,0,244400.0,653300.0,18475.0,Secondary / secondary special,Married,Laborers,-17238,-1372,6,5,269600.0,True,1,0.382,0,True,0
903344,0,Cash loans,F,1,183900.0,528300.0,42354.5,Higher education,Civil marriage,High skill tech staff,-10564,-3152,5,2,37100.0,True,3,0.49,1,True,0
903345,0,Cash loans,F,1,83300.0,129400.0,6878.0,Secondary / secondary special,Married,,-16727,-4200,3,2,167300.0,True,4,0.736,1,True,0
903346,0,Cash loans,F,0,219600.0,811200.0,71048.7,Secondary / secondary special,Married,Laborers,-24472,-312,5,1,109100.0,True,3,0.593,0,True,0
903347,0,Cash loans,F,0,91000.0,213600.0,15559.2,Secondary / secondary special,Single / not married,,-15097,-1421,3,2,137300.0,True,1,0.949,0,True,0
903348,1,Cash loans,M,1,172000.0,724000.0,51223.2,Higher education,Married,,-15117,-3726,4,0,16300.0,True,2,0.341,0,True,3
903349,0,Cash loans,M,1,109500.0,640100.0,27691.1,Secondary / secondary special,Single / not married,Laborers,-15743,-1924,3,1,261900.0,True,2,0.798,1,True,0
903350,0,Revolving loans,M,0,271400.0,1628000.0,156840.1,Secondary / secondary special,Married,Managers,-12572,-2456,3,1,2239700.0,True,2,0.834,0,True,0
903351,1,Cash loans,F,0,201800.0,642700.0,20469.6,Higher education,Single / not married,Sales staff,-10499,-1918,3,0,95100.0,True,2,0.912,0,True,1
903352,0,Cash loans,F,0,99000.0,475300.0,21507.9,Secondary / secondary special,Married,Laborers,-17807,-1187,3,0,30800.0,True,3,0.792,0,True,1
903353,1,Cash loans,F,0,115400.0,672000.0,30492.2,Higher education,Single / not married,Laborers,-23331,-1992,5,1,361500.0,True,0,0.0,0,False,0
903354,0,Cash loans,F,0,717900.0,2767800.0,71228.2,Higher education,Married,Laborers,-20554,-786,7,3,57700.0,True,3,0.758,0,True,0
903355,0,Cash loans,M,0,74500.0,223700.0,11222.4,Higher education,Married,,-9350,-2780,5,1,155100.0,True,5,0.837,0,True,0
903356,0,Cash loans,F,0,97700.0,215000.0,19132.2,Secondary / secondary special,Married,Core staff,-14687,-3531,2,0,68700.0,True,2,0.771,0,True,1
903357,0,Cash loans,F,0,100100.0,229500.0,10363.2,Secondary / secondary special,Married,High skill tech staff,-7757,-349,3,0,31100.0,True,4,0.535,2,True,1
903358,0,Cash loans,F,0,78400.0,418900.0,17445.8,Secondary / secondary special,Married,Drivers,-13060,-2241,4,0,211100.0,True,3,0.64,1,True,0
903359,0,Cash loans,M,0,82700.0,220400.0,9139.2,Secondary / secondary special,Married,,-19392,-427,3,1,70200.0,True,3,0.582,1,True,0
903360,0,Cash loans,F,0,132600.0,360400.0,15071.9,Secondary / secondary special,Married,Laborers,-12749,-2725,1,0,25800.0,True,3,0.917,0,True,0
903361,0,Cash loans,F,0,177700.0,863600.0,43118.4,Secondary / secondary special,Married,Sales staff,-22391,-1063,6,3,206900.0,True,2,0.433,0,True,0
903362,0,Cash loans,M,0,63100.0,332300.0,12593.8,Secondary / secondary special,Married,Drivers,-16028,-9363,6,1,3533800.0,True,1,0.484,0,True,1
903363,0,Cash loans,F,0,109000.0,265700.0,7355.9,Secondary / secondary special,Civil marriage,,-19388,-1821,3,0,459200.0,True,4,0.099,1,True,0
903364,0,Cash loans,F,0,93700.0,430900.0,20767.4,Secondary / secondary special,Separated,,-23150,-70,4,1,143800.0,True,1,0.382,0,True,0
903365,0,Cash loans,F,0,78000.0,273800.0,10510.4,Secondary / secondary special,Married,Cooking staff,-19627,-1477,1,0,4217800.0,True,4,0.741,0,True,0
903366,0,Cash loans,F,0,230300.0,632300.0,17848.3,Secondary / secondary special,Married,,-23386,-3378,4,0,21700.0,True,4,0.896,1,True,1
903367,0,Cash loans,F,1,95500.0,366800.0,16704.7,Secondary / secondary special,Married,Low-skill Laborers,-21822,-478,3,2,282400.0,True,5,0.808,2,True,1
903368,0,Revolving loans,F,0,70600.0,352900.0,25047.4,Secondary / secondary special,Civil marriage,Core staff,-17599,-1382,5,1,1125800.0,True,3,0.58,2,True,1
903369,0,Cash loans,F,0,217400.0,423400.0,18429.6,Higher education,Separated,Sales staff,-12872,-116,3,1,48900.0,True,0,0.0,0,False,0
903370,0,Cash loans,F,0,261700.0,476300.0,18947.7,Higher education,Married,,-12888,-2240,4,1,209000.0,True,0,0.0,0,False,1
903371,0,Cash loans,F,0,157700.0,883600.0,24505.3,Higher education,Married,Accountants,-23000,-583,0,0,0.0,False,4,0.629,0,True,1
903372,0,Cash loans,F,1,87500.0,510600.0,14346.8,Incomplete higher,Married,,-8609,-137,6,2,103300.0,True,4,0.857,0,True,0
903373,0,Cash loans,M,0,121900.0,472800.0,14303.5,Secondary / secondary special,Married,Laborers,-24158,-3725,5,1,235500.0,True,3,0.693,0,True,0
903374,0,Cash loans,M,2,100900.0,216600.0,10083.7,Secondary / secondary special,Married,,-13395,-6825,4,1,21500.0,True,2,0.601,1,True,0
903375,1,Revolving loans,M,1,136600.0,253200.0,13830.0,Higher education,Single / not married,,-20610,-14040,5,2,49600.0,True,2,0.722,0,True,1
903376,1,Cash loans,M,1,200300.0,441100.0,18977.6,Higher education,Married,Managers,-13447,-494,6,3,156400.0,True,3,0.49,0,True,0
903377,0,Cash loans,F,1,138200.0,383100.0,19558.2,Secondary / secondary special,Married,,-24366,-3649,5,1,21800.0,True,2,0.461,0,True,0
903378,0,Cash loans,F,0,139800.0,639900.0,16242.1,Incomplete higher,Single / not married,Core staff,-8304,-1699,0,0,0.0,False,0,0.0,0,False,0
903379,0,Cash loans,F,0,108300.0,216200.0,17251.3,Higher education,Single / not married,Managers,-13855,-532,7,2,28100.0,True,2,0.852,0,True,0
903380,0,Cash loans,M,0,195200.0,413100.0,16409.7,Higher education,Married,Sales staff,-22862,-2572,0,0,0.0,False,3,0.84,0,True,2
903381,0,Cash loans,F,0,168300.0,792500.0,36819.6,Secondary / secondary special,Single / not married,Core staff,-12466,-3603,8,3,413300.0,True,2,0.776,0,True,1
903382,0,Cash loans,M,0,55800.0,148300.0,4470.6,Secondary / secondary special,Married,,-12493,-3158,0,0,0.0,False,3,0.582,0,True,0
903383,0,Cash loans,F,0,57400.0,141900.0,5087.5,Secondary / secondary special,Married,High skill tech staff,-23411,-456,0,0,0.0,False,0,0.0,0,False,0
903384,0,Cash loans,F,1,118600.0,488900.0,41414.0,Secondary / secondary special,Married,,-22216,-4502,8,1,92400.0,True,1,0.804,0,True,0
903385,0,Cash loans,M,0,227500.0,421900.0,13970.7,Secondary / secondary special,Married,Core staff,-9518,-1221,4,2,212000.0,True,4,0.452,1,True,0
903386,0,Cash loans,F,1,250900.0,1086600.0,43852.0,Secondary / secondary special,Married,High skill tech staff,-17829,-187,4,3,88700.0,True,1,0.701,0,True,1
903387,0,Cash loans,M,1,205000.0,325200.0,11416.1,Higher education,Single / not married,Drivers,-11578,-8,3,1,65500.0,True,3,0.943,0,True,0
903388,0,Cash loans,F,0,129800.0,330800.0,25952.8,Secondary / secondary special,Civil marriage,,-11434,-380,0,0,0.0,False,4,0.801,0,True,1
903389,0,Revolving loans,M,0,291200.0,1027100.0,40608.1,Secondary / secondary special,Married,Laborers,-18446,-1301,3,0,76200.0,True,4,0.873,0,True,0
903390,0,Cash loans,F,0,97600.0,423500.0,16382.5,Secondary / secondary special,Married,Accountants,-9835,-3122,6,2,655700.0,True,2,0.888,1,True,0
903391,0,Cash loans,F,0,118100.0,285500.0,19843.9,Higher education,Married,Accountants,-15895,-332,4,1,81500.0,True,1,0.723,1,True,1
903392,0,Cash loans,M,0,68800.0,375400.0,13200.0,Higher education,Married,Core staff,-12146,-5576,3,2,342400.0,True,4,0.648,0,True,1
903393,0,Cash loans,F,0,117800.0,663900.0,17814.3,Secondary / secondary special,Civil marriage,,-22625,-60,0,0,0.0,False,6,0.717,2,True,0
903394,0,Cash loans,F,0,91000.0,333400.0,30979.7,Secondary / secondary special,Married,Laborers,-17379,-2897,5,1,278300.0,True,5,0.835,0,True,0
903395,0,Cash loans,F,1,302000.0,823200.0,46808.7,Secondary / secondary special,Married,Cleaning staff,-11433,-4863,4,0,206300.0,True,5,0.63,2,True,0
903396,0,Cash loans,M,1,273700.0,546600.0,27505.0,Secondary / secondary special,Married,,-23896,-10398,0,0,0.0,False,4,0.911,1,True,0
903397,0,Cash loans,M,0,144500.0,827100.0,31416.0,Higher education,Civil marriage,Drivers,-22082,-1716,4,2,743100.0,True,6,0.899,0,True,0
903398,0,Cash loans,F,2,176800.0,371500.0,11536.3,Incomplete higher,Married,Laborers,-12312,-1422,2,1,56900.0,True,5,0.778,2,True,0
903399,0,Cash loans,M,0,103500.0,294400.0,9869.3,Secondary / secondary special,Married,Managers,-24502,-3441,7,6,771500.0,True,0,0.0,0,False,0
903400,0,Cash loans,M,0,39400.0,117400.0,4921.5,Secondary / secondary special,Married,,-12355,-3123,5,2,108100.0,True,4,0.75,0,True,0
903401,0,Cash loans,F,1,95600.0,258800.0,6670.2,Secondary / secondary special,Married,,-12792,-780,4,0,20400.0,True,4,0.78,0,True,1
903402,0,Revolving loans,M,0,203500.0,307100.0,15161.3,Secondary / secondary special,Married,,-14427,-1572,2,1,318300.0,True,4,0.987,1,True,1
903403,0,Cash loans,F,1,174300.0,423900.0,12645.7,Secondary / secondary special,Married,Accountants,-10552,-1018,4,1,373500.0,True,1,0.876,0,True,0
903404,0,Cash loans,M,0,115100.0,560300.0,16108.3,Secondary / secondary special,Married,Core staff,-19701,-3118,0,0,0.0,False,2,0.644,0,True,1
903405,0,Cash loans,F,0,202600.0,491200.0,37702.2,Higher education,Married,Core staff,-17429,-854,0,0,0.0,False,3,0.795,0,True,0
903406,0,Cash loans,M,1,110600.0,546200.0,48274.9,Secondary / secondary special,Married,Low-skill Laborers,-23335,-8253,2,1,53400.0,True,3,0.967,1,True,0
903407,0,Revolving loans,F,0,79100.0,266700.0,6736.5,Secondary / secondary special,Married,Laborers,-11885,-5315,5,2,83800.0,True,0,0.0,0,False,0
903408,0,Cash loans,F,0,202600.0,377800.0,18203.7,Secondary / secondary special,Separated,Accountants,-10647,-195,4,3,180100.0,True,1,0.815,0,True,1
903409,0,Cash loans,M,0,103100.0,538300.0,17913.1,Higher education,Civil marriage,,-13948,-277,2,0,110800.0,True,3,0.911,0,True,0
903410,0,Cash loans,M,1,233900.0,1019400.0,93715.6,Higher education,Married,,-10224,-2902,4,2,47600.0,True,3,0.955,0,True,2
903411,0,Cash loans,F,0,51600.0,219500.0,6668.6,Higher education,Married,Laborers,-24241,-308,5,3,112700.0,True,1,0.616,0,True,1
903412,1,Revolving loans,F,1,105300.0,229100.0,11140.5,Secondary / secondary special,Married,Cleaning staff,-20234,-4771,1,0,60100.0,True,4,0.923,0,True,3
903413,0,Revolving loans,M,0,188700.0,812400.0,29607.3,Secondary / secondary special,Separated,Managers,-21614,-1739,3,1,71600.0,True,3,0.857,0,True,0
903414,0,Cash loans,F,2,179200.0,911100.0,79637.3,Higher education,Married,,-20770,-930,1,1,334100.0,True,3,0.618,1,True,1
903415,0,Cash loans,F,0,125300.0,749800.0,56645.1,Incomplete higher,Married,Cleaning staff,-11919,-397,4,2,40600.0,True,1,0.585,0,True,0
903416,0,Cash loans,F,0,161600.0,730200.0,21047.4,Secondary / secondary special,Single / not married,Drivers,-10129,-1319,5,1,215400.0,True,6,0.548,0,True,1
903417,0,Cash loans,F,0,150200.0,517400.0,19433.0,Secondary / secondary special,Married,Managers,-15188,-1852,7,1,82700.0,True,2,0.921,0,True,0
903418,0,Cash loans,M,0,66500.0,344800.0,10351.4,Secondary / secondary special,Married,Sales staff,-22189,-1827,3,1,201900.0,True,2,0.708,0,True,0
903419,0,Revolving loans,F,0,116700.0,201500.0,13579.3,Secondary / secondary special,Married,Laborers,-13455,-3212,2,0,54200.0,True,3,0.803,1,True,0
903420,0,Cash loans,F,0,156900.0,531400.0,26793.3,Secondary / secondary special,Married,,-7832,-348,1,0,117600.0,True,1,0.942,0,True,0
903421,0,Cash loans,F,0,180300.0,864500.0,24328.6,Secondary / secondary special,Married,Core staff,-19229,-1852,0,0,0.0,False,2,0.37,0,True,2
903422,0,Cash loans,M,3,135500.0,422400.0,15316.1,Secondary / secondary special,Widow,,-11170,-289,2,0,206400.0,True,3,0.837,0,True,0
903423,0,Cash loans,F,0,106200.0,187500.0,6235.0,Secondary / secondary special,Married,Sales staff,-17175,-857,4,1,20100.0,True,1,0.403,0,True,2
903424,0,Cash loans,F,0,71800.0,143500.0,8861.6,Secondary / secondary special,Civil marriage,Sales staff,-7925,-777,2,0,134600.0,True,4,0.806,0,True,1
903425,1,Cash loans,M,0,204000.0,459500.0,17226.2,Secondary / secondary special,Married,Core staff,-16580,-534,2,1,34900.0,True,2,0.654,1,True,1
903426,0,Cash loans,F,1,193100.0,1012000.0,31604.6,Secondary / secondary special,Civil marriage,High skill tech staff,-14561,-368,2,0,72500.0,True,3,0.908,1,True,0
903427,0,Cash loans,M,0,229400.0,1088200.0,71674.6,Secondary / secondary special,Single / not married,Laborers,-23089,-22,4,2,102700.0,True,0,0.0,0,False,1
903428,0,Revolving loans,F,0,81700.0,403400.0,21252.4,Secondary / secondary special,Single / not married,Laborers,-20311,-4124,0,0,0.0,False,2,0.735,0,True,2
903429,1,Cash loans,M,0,148800.0,832100.0,81046.9,Secondary / secondary special,Civil marriage,,-8296,-1445,0,0,0.0,False,2,0.765,1,True,5
903430,0,Revolving loans,F,1,99000.0,283300.0,7285.1,Secondary / secondary special,Married,,-21497,-210,6,4,18900.0,True,0,0.0,0,False,1
903431,0,Cash loans,F,0,143300.0,694100.0,18823.4,Secondary / secondary special,Married,,-21527,-559,5,3,508300.0,True,1,0.608,0,True,0
903432,1,Cash loans,F,0,598800.0,1880600.0,147314.3,Secondary / secondary special,Separated,,-19287,-1481,6,1,101200.0,True,2,0.633,0,True,1
903433,0,Cash loans,F,1,220000.0,1107800.0,31680.5,Secondary / secondary special,Married,Laborers,-23946,-12,0,0,0.0,False,3,0.807,0,True,0
903434,0,Cash loans,M,0,95900.0,444200.0,16838.1,Higher education,Married,Laborers,-21738,-2573,5,3,93100.0,True,3,0.767,1,True,0
903435,0,Cash loans,F,2,123400.0,734700.0,18869.6,Higher education,Widow,Cooking staff,-11500,-213,3,2,87400.0,True,2,0.882,1,True,0
903436,0,Revolving loans,F,1,116800.0,573100.0,22666.1,Secondary / secondary special,Civil marriage,,-14349,-3784,5,2,78200.0,True,2,0.847,0,True,0
903437,0,Cash loans,F,1,148900.0,227300.0,14028.4,Secondary / secondary special,Married,,-13795,-4691,3,2,189400.0,True,2,0.264,0,True,0
903438,0,Cash loans,M,1,65300.0,303600.0,8507.2,Secondary / secondary special,Single / not married,Drivers,-16510,-6483,4,2,22800.0,True,1,0.648,0,True,1
903439,0,Cash loans,M,0,164600.0,322200.0,8447.5,Higher education,Civil marriage,,-24374,-3906,3,2,154100.0,True,3,0.784,0,True,0
903440,0,Cash loans,F,0,48600.0,192300.0,7418.9,Secondary / secondary special,Married,Core staff,-18450,-378,6,3,87700.0,True,0,0.0,0,False,0
903441,0,Cash loans,F,1,60700.0,134000.0,6027.6,Secondary / secondary special,Married,Managers,-13147,-4070,2,1,136600.0,True,5,0.462,1,True,1
903442,0,Cash loans,M,1,380900.0,1419300.0,42681.9,Secondary / secondary special,Married,Core staff,-24160,-1695,5,1,389900.0,True,3,0.73,0,True,0
903443,0,Cash loans,M,0,116900.0,592300.0,47290.0,Secondary / secondary special,Married,,-19933,-2774,3,2,442600.0,True,2,0.7,1,True,1
903444,1,Cash loans,F,1,285600.0,800000.0,22675.1,Secondary / secondary special,Married,,-12326,-321,4,3,834500.0,True,5,0.555,0,True,0
903445,0,Cash loans,F,1,93400.0,204300.0,5702.8,Secondary / secondary special,Widow,Low-skill Laborers,-23547,-367,0,0,0.0,False,4,0.793,1,True,0
903446,1,Cash loans,M,0,49000.0,142800.0,7565.7,Secondary / secondary special,Single / not married,Accountants,-13695,-1368,4,1,215800.0,True,2,0.541,1,True,5
903447,0,Cash loans,F,0,82800.0,188900.0,18271.1,Secondary / secondary special,Single / not married,Managers,-16709,-2120,3,1,340000.0,True,3,0.826,0,True,0
903448,0,Cash loans,M,0,536800.0,1248600.0,121289.5,Secondary / secondary special,Married,,-16060,-1352,1,1,76100.0,True,3,0.643,0,True,0
903449,0,Cash loans,M,0,69200.0,320900.0,8156.7,Higher education,Married,Laborers,-23847,-1257,4,1,140600.0,True,4,0.698,0,True,2
903450,0,Cash loans,M,0,340300.0,1589000.0,47556.8,Secondary / secondary special,Married,Managers,-12319,-917,1,1,625400.0,True,5,0.475,0,True,0
903451,0,Revolving loans,M,0,166400.0,645800.0,31105.8,Secondary / secondary special,Single / not married,,-13504,-431,8,3,115200.0,True,2,0.332,0,True,0
903452,0,Cash loans,M,1,148600.0,391600.0,10675.4,Secondary / secondary special,Married,Cleaning staff,-19231,-6639,6,2,602200.0,True,6,0.196,0,True,0
903453,0,Cash loans,F,0,96300.0,374000.0,10171.9,Secondary / secondary special,Married,Cleaning staff,-23198,-855,5,1,136300.0,True,3,0.887,1,True,1
903454,0,Cash loans,M,1,89200.0,514500.0,13813.4,Higher education,Civil marriage,,-9677,-1191,3,1,238600.0,True,5,0.892,1,True,1
903455,0,Cash loans,F,0,185600.0,598900.0,23905.7,Secondary / secondary special,Married,,-11342,-298,0,0,0.0,False,0,0.0,0,False,0
903456,1,Cash loans,F,1,270800.0,922400.0,26648.6,Secondary / secondary special,Married,Laborers,-24274,-2234,2,1,43400.0,True,4,0.52,2,True,0
903457,0,Cash loans,F,0,154400.0,575000.0,51666.4,Higher education,Married,Laborers,-21283,-55,0,0,0.0,False,1,0.754,0,True,0
903458,1,Revolving loans,F,0,202600.0,466600.0,31527.6,Higher education,Widow,Laborers,-13728,-1473,0,0,0.0,False,3,0.524,2,True,1
903459,0,Cash loans,F,1,113200.0,294500.0,10164.3,Higher education,Married,Managers,-13930,-394,3,1,550300.0,True,1,0.914,0,True,0
903460,1,Cash loans,F,1,415000.0,1912800.0,145787.6,Secondary / secondary special,Married,Laborers,-15891,-4759,2,1,103400.0,True,4,0.748,0,True,2
903461,0,Cash loans,F,0,157700.0,351200.0,31079.6,Secondary / secondary special,Widow,,-19469,-1964,5,3,101900.0,True,2,0.813,0,True,0
903462,0,Cash loans,F,2,386900.0,1632800.0,123218.4,Incomplete higher,Widow,,-17494,-1538,6,3,58000.0,True,1,0.647,0,True,0
903463,0,Cash loans,F,0,86400.0,279600.0,11831.1,Secondary / secondary special,Married,Laborers,-21262,-3499,3,1,139000.0,True,2,0.921,0,True,0
903464,0,Cash loans,M,1,136900.0,394000.0,15984.2,Higher education,Civil marriage,Sales staff,-8614,-2044,7,3,269000.0,True,0,0.0,0,False,0
903465,0,Cash loans,F,0,239200.0,950600.0,25161.3,Secondary / secondary special,Separated,Security staff,-22014,-1985,2,2,159800.0,True,0,0.0,0,False,0
903466,0,Cash loans,M,0,150300.0,378100.0,16690.4,Higher education,Married,,-8682,-2112,4,2,1692900.0,True,3,0.839,0,True,0
903467,0,Cash loans,M,1,181400.0,524900.0,20639.7,Secondary / secondary special,Single / not married,Drivers,-23099,-15,5,0,91000.0,True,3,0.766,1,True,0
903468,0,Cash loans,M,0,85900.0,331600.0,9615.4,Higher education,Married,Laborers,-8422,-1852,2,0,57200.0,True,3,0.422,1,True,0
903469,0,Cash loans,F,0,114300.0,509500.0,14793.3,Higher education,Civil marriage,Managers,-9904,-1140,1,0,129600.0,True,2,0.635,0,True,0
903470,0,Cash loans,F,0,90400.0,475800.0,24033.5,Higher education,Married,,-10821,-4251,0,0,0.0,False,3,0.498,0,True,1
903471,0,Cash loans,F,0,134100.0,698800.0,22018.4,Higher education,Single / not married,Laborers,-11572,-968,4,4,36800.0,True,6,0.384,1,True,0
903472,0,Cash loans,F,0,127400.0,476500.0,13027.7,Higher education,Civil marriage,Laborers,-14703,-1128,2,1,633300.0,True,2,0.794,0,True,1
903473,1,Cash loans,M,0,107500.0,197200.0,5682.7,Secondary / secondary special,Married,Drivers,-19149,-678,2,1,113100.0,True,2,0.514,1,True,2
903474,0,Cash loans,F,0,192100.0,450700.0,22704.7,Secondary / secondary special,Single / not married,,-23303,-1153,7,2,969000.0,True,3,0.892,0,True,0
903475,1,Cash loans,M,0,82200.0,123500.0,3835.4,Higher education,Married,Laborers,-16854,-1191,4,3,650600.0,True,2,0.719,1,True,2
903476,1,Cash loans,F,1,47800.0,111600.0,3473.1,Higher education,Married,Sales staff,-16994,-122,5,3,310400.0,True,3,0.73,0,True,2
903477,0,Cash loans,M,0,105200.0,172400.0,9988.0,Secondary / secondary special,Separated,Core staff,-13259,-388,4,1,146500.0,True,5,0.63,0,True,1
903478,0,Cash loans,F,0,410700.0,1937000.0,64368.7,Secondary / secondary special,Separated,,-21692,-99,0,0,0.0,False,1,0.63,0,True,0
903479,0,Cash loans,M,0,180700.0,715200.0,56592.9,Higher education,Single / not married,,-9600,-3030,0,0,0.0,False,4,0.853,1,True,0
903480,0,Cash loans,M,1,91700.0,152300.0,8356.9,Secondary / secondary special,Separated,Managers,-12940,-1093,4,1,45900.0,True,0,0.0,0,False,1
903481,0,Revolving loans,F,1,174900.0,748500.0,68983.8,Higher education,Married,Laborers,-9364,-997,5,1,43800.0,True,4,0.687,0,True,0
903482,0,Cash loans,F,1,130900.0,675900.0,48528.8,Secondary / secondary special,Married,,-11417,-4746,2,2,205700.0,True,0,0.0,0,False,0
903483,0,Cash loans,F,0,169900.0,276700.0,20972.6,Higher education,Civil marriage,,-17942,-1590,3,1,214700.0,True,1,0.724,0,True,0
903484,0,Revolving loans,F,0,217500.0,450600.0,11733.4,Secondary / secondary special,Separated,Core staff,-9871,-3301,4,0,27100.0,True,5,0.645,2,True,1
903485,0,Cash loans,F,0,154200.0,558300.0,37432.5,Secondary / secondary special,Married,Cleaning staff,-9427,-2857,5,1,87700.0,True,6,0.726,1,True,0
903486,0,Cash loans,M,0,148700.0,251400.0,20647.4,Secondary / secondary special,Married,Managers,-22134,-337,6,2,61500.0,True,2,0.553,0,True,0
903487,0,Cash loans,F,0,294400.0,469800.0,14451.9,Secondary / secondary special,Single / not married,Drivers,-9737,-8,5,2,745000.0,True,2,0.865,0,True,1
903488,0,Cash loans,F,1,183400.0,755800.0,25659.1,Higher education,Married,Core staff,-18318,-399,4,1,14900.0,True,4,0.663,0,True,1
903489,0,Revolving loans,F,0,154300.0,622100.0,21390.7,Secondary / secondary special,Single / not married,Laborers,-13832,-3939,3,2,1237400.0,True,3,0.724,1,True,0
903490,0,Revolving loans,F,0,143000.0,733600.0,19957.5,Secondary / secondary special,Married,Cleaning staff,-23369,-2408,2,0,284000.0,True,2,0.781,0,True,1
903491,0,Cash loans,M,0,105500.0,195200.0,6508.0,Secondary / secondary special,Married,,-20061,-303,6,5,9000.0,True,0,0.0,0,False,0
903492,1,Cash loans,F,1,75100.0,415900.0,13841.1,Secondary / secondary special,Married,Drivers,-8706,-2136,2,1,74100.0,True,0,0.0,0,False,0
903493,1,Cash loans,F,0,195800.0,310100.0,13079.6,Higher education,Single / not married,,-23353,-1067,5,2,245100.0,True,4,0.826,0,True,0
903494,0,Cash loans,F,0,265100.0,757200.0,28075.1,Higher education,Widow,Core staff,-14916,-567,3,1,70900.0,True,3,0.858,0,True,1
903495,0,Cash loans,M,0,173400.0,298100.0,9039.2,Secondary / secondary special,Married,Low-skill Laborers,-12889,-1987,5,1,111100.0,True,2,0.506,0,True,2
903496,0,Cash loans,F,0,185800.0,482900.0,23246.0,Secondary / secondary special,Widow,High skill tech staff,-19452,-3086,1,0,1833100.0,True,1,0.97,0,True,0
903497,1,Revolving loans,M,1,89800.0,464100.0,41880.0,Higher education,Married,Accountants,-20243,-788,3,2,94200.0,True,7,0.931,2,True,0
903498,0,Cash loans,F,1,103900.0,214400.0,9406.0,Secondary / secondary special,Married,High skill tech staff,-12977,-2038,4,3,45600.0,True,2,0.351,0,True,2
903499,0,Cash loans,M,0,73800.0,177700.0,8340.0,Secondary / secondary special,Civil marriage,Laborers,-13826,-2151,5,2,410800.0,True,1,0.511,0,True,0
903500,0,Cash loans,F,1,123600.0,525400.0,33999.8,Higher education,Married,Laborers,-10403,-2250,4,3,32100.0,True,2,0.688,1,True,1
903501,0,Revolving loans,M,0,228900.0,365700.0,11697.4,Higher education,Married,Sales staff,-18062,-357,3,3,324900.0,True,6,0.717,0,True,1
903502,0,Cash loans,M,1,98800.0,416000.0,12187.0,Secondary / secondary special,Single / not married,,-24430,-802,2,1,285200.0,True,2,0.896,1,True,0
903503,0,Cash loans,F,0,134900.0,745300.0,50505.5,Secondary / secondary special,Married,Laborers,-14964,-1916,3,1,1118000.0,True,2,0.588,0,True,0
903504,0,Cash loans,F,0,198900.0,360600.0,14756.7,Secondary / secondary special,Separated,,-25118,-757,5,3,236700.0,True,3,0.736,1,True,0
903505,0,Cash loans,M,0,256100.0,391000.0,19763.7,Higher education,Married,Medicine staff,-10755,-189,5,1,116000.0,True,5,0.896,1,True,0
903506,0,Cash loans,F,0,61400.0,204300.0,7555.7,Secondary / secondary special,Married,Managers,-21612,-1254,3,2,145300.0,True,3,0.568,0,True,0
903507,0,Cash loans,M,0,110300.0,586900.0,45785.9,Secondary / secondary special,Married,,-23925,-4624,3,0,1576000.0,True,0,0.0,0,False,0
903508,1,Revolving loans,M,0,96800.0,552600.0,14533.0,Secondary / secondary special,Married,Core staff,-19719,-938,5,2,160700.0,True,5,0.452,0,True,1
903509,0,Cash loans,F,2,90300.0,461000.0,38708.7,Secondary / secondary special,Single / not married,Drivers,-9580,-842,3,0,118600.0,True,3,0.769,0,True,1
903510,0,Cash loans,F,1,115600.0,511200.0,14742.3,Secondary / secondary special,Married,Accountants,-13386,-8,3,1,139600.0,True,3,0.847,0,True,1
903511,0,Cash loans,F,0,52900.0,180900.0,11422.4,Higher education,Civil marriage,Laborers,-9165,-229,0,0,0.0,False,3,0.685,0,True,0
903512,0,Cash loans,F,0,116500.0,588400.0,17762.0,Secondary / secondary special,Married,Core staff,-18207,-946,4,2,99100.0,True,2,0.848,0,True,0
903513,0,Cash loans,F,0,142500.0,699000.0,37860.4,Secondary / secondary special,Married,,-25152,-672,0,0,0.0,False,1,0.391,1,True,1
903514,0,Cash loans,M,1,83100.0,193300.0,5737.0,Secondary / secondary special,Married,High skill tech staff,-14230,-1890,0,0,0.0,False,5,0.795,3,True,0
903515,0,Cash loans,F,1,110000.0,519300.0,13858.9,Secondary / secondary special,Married,Accountants,-10519,-3949,0,0,0.0,False,3,0.727,0,True,0
903516,0,Cash loans,M,0,141400.0,716400.0,18818.0,Secondary / secondary special,Married,,-12371,-3764,2,1,126700.0,True,2,0.777,0,True,0
903517,0,Revolving loans,F,1,148600.0,825300.0,22984.5,Secondary / secondary special,Married,,-17665,-1251,5,2,76400.0,True,3,0.955,0,True,0
903518,0,Revolving loans,F,1,61800.0,295600.0,12987.5,Secondary / secondary special,Married,,-17633,-454,4,1,123100.0,True,1,0.736,1,True,1
903519,0,Cash loans,F,1,198700.0,952900.0,41680.4,Secondary / secondary special,Married,Laborers,-11691,-2295,2,1,127000.0,True,5,0.893,1,True,0
903520,0,Revolving loans,F,0,201100.0,1117600.0,28972.4,Secondary / secondary special,Separated,,-20817,-542,2,1,200400.0,True,1,0.576,0,True,2
903521,0,Cash loans,F,0,96600.0,229400.0,6244.2,Secondary / secondary special,Married,Drivers,-9206,-244,4,3,52000.0,True,2,0.403,0,True,0
903522,1,Cash loans,M,1,324000.0,1288000.0,52468.6,Lower secondary,Married,Laborers,-18580,-1949,0,0,0.0,False,6,0.77,0,True,1
903523,0,Cash loans,F,0,175800.0,970500.0,44238.6,Lower secondary,Married,Sales staff,-15123,-562,5,3,590300.0,True,3,0.726,1,True,0
903524,1,Cash loans,F,0,163600.0,710400.0,55386.3,Secondary / secondary special,Civil marriage,Managers,-9893,-63,2,0,271500.0,True,3,0.747,0,True,0
903525,0,Cash loans,M,0,197000.0,1121100.0,53784.3,Secondary / secondary special,Married,Managers,-18779,-1267,4,1,337100.0,True,2,0.764,0,True,0
903526,0,Cash loans,M,0,83500.0,144200.0,5975.7,Secondary / secondary special,Married,Laborers,-19456,-3855,6,1,43000.0,True,5,0.872,0,True,1
903527,1,Cash loans,F,1,117300.0,288900.0,8273.3,Secondary / secondary special,Married,Drivers,-15374,-896,1,0,78900.0,True,2,0.719,0,True,3
903528,0,Cash loans,F,0,190700.0,476000.0,24136.3,Higher education,Single / not married,Core staff,-21645,-1174,4,1,89100.0,True,4,0.7,0,True,2
903529,0,Cash loans,F,0,93900.0,174000.0,9120.6,Secondary / secondary special,Married,,-16588,-286,3,3,31400.0,True,1,0.882,0,True,0
903530,0,Cash loans,F,0,117400.0,505100.0,46801.0,Secondary / secondary special,Civil marriage,,-12671,-153,4,2,99000.0,True,3,0.749,0,True,2
903531,0,Cash loans,F,0,189100.0,625300.0,55890.5,Secondary / secondary special,Married,Drivers,-24372,-640,4,3,1826000.0,True,2,0.76,0,True,1
903532,1,Cash loans,F,1,163500.0,423600.0,12370.9,Higher education,Separated,,-24204,-537,3,1,168700.0,True,2,0.529,0,True,0
903533,1,Cash loans,F,0,141500.0,675600.0,45267.4,Secondary / secondary special,Separated,,-9340,-308,2,2,808200.0,True,7,0.686,0,True,0
903534,0,Cash loans,M,0,144400.0,656000.0,16823.9,Secondary / secondary special,Single / not married,Laborers,-24240,-3927,5,3,750500.0,True,3,0.861,0,True,0
903535,0,Cash loans,F,0,128300.0,215100.0,18221.1,Secondary / secondary special,Single / not married,Security staff,-21251,-248,5,1,53100.0,True,3,0.371,0,True,0
903536,0,Revolving loans,F,2,214400.0,745600.0,21808.5,Secondary / secondary special,Married,Managers,-9533,-2468,9,3,156100.0,True,0,0.0,0,False,0
903537,0,Revolving loans,M,1,398100.0,1887400.0,140296.8,Secondary / secondary special,Civil marriage,Drivers,-16763,-552,5,3,96900.0,True,3,0.939,0,True,0
903538,0,Revolving loans,F,1,162100.0,318600.0,10968.5,Secondary / secondary special,Married,,-8277,-1707,8,3,418100.0,True,4,0.439,0,True,0
903539,0,Cash loans,M,1,265800.0,1349500.0,41264.8,Secondary / secondary special,Civil marriage,High skill tech staff,-17981,-1086,7,2,251600.0,True,3,0.78,0,True,0
903540,0,Cash loans,M,0,112500.0,480600.0,28635.1,Secondary / secondary special,Married,Laborers,-24014,-1166,9,7,937300.0,True,4,0.965,1,True,0
903541,0,Cash loans,M,0,99600.0,471300.0,17566.9,Secondary / secondary special,Single / not married,Low-skill Laborers,-14116,-5527,0,0,0.0,False,0,0.0,0,False,1
903542,1,Cash loans,M,0,94400.0,248000.0,7420.3,Higher education,Married,Sales staff,-16576,-3125,5,2,372300.0,True,4,0.814,0,True,1
903543,0,Cash loans,F,0,88500.0,430500.0,28465.9,Higher education,Married,Core staff,-11651,-335,0,0,0.0,False,1,0.708,0,True,0
903544,0,Cash loans,M,0,120900.0,275800.0,10742.3,Secondary / secondary special,Married,Security staff,-17142,-2268,4,1,29900.0,True,0,0.0,0,False,0
903545,0,Cash loans,M,1,218000.0,1171000.0,45074.6,Higher education,Married,Cooking staff,-21726,-185,5,2,313800.0,True,3,0.872,0,True,0
903546,0,Cash loans,F,0,231200.0,561100.0,16986.9,Higher education,Married,,-11436,-1900,5,2,176600.0,True,5,0.582,1,True,0
903547,0,Cash loans,F,0,108500.0,293700.0,14090.6,Higher education,Single / not married,,-17362,-861,3,1,275800.0,True,5,0.902,0,True,0
903548,0,Revolving loans,F,0,119100.0,538200.0,18331.7,Secondary / secondary special,Married,Core staff,-13878,-500,0,0,0.0,False,4,0.44,2,True,0
903549,0,Cash loans,F,0,139900.0,419800.0,10903.6,Secondary / secondary special,Separated,,-20767,-602,7,4,217200.0,True,2,0.825,0,True,0
903550,0,Cash loans,F,0,157400.0,455000.0,14551.7,Secondary / secondary special,Civil marriage,Laborers,-19964,-1026,9,4,373600.0,True,7,0.417,0,True,3
903551,0,Cash loans,F,0,187700.0,334400.0,31733.0,Secondary / secondary special,Civil marriage,,-19907,-2863,0,0,0.0,False,4,0.67,0,True,0
903552,0,Cash loans,F,0,114700.0,595300.0,40981.2,Secondary / secondary special,Separated,Sales staff,-14284,-1893,3,3,127500.0,True,4,0.848,1,True,0
903553,0,Revolving loans,F,0,126700.0,452000.0,20597.8,Secondary / secondary special,Married,Core staff,-18164,-1499,4,2,77500.0,True,1,0.801,0,True,0
903554,0,Cash loans,F,0,275600.0,900900.0,40706.9,Higher education,Separated,,-19072,-5010,2,1,1322000.0,True,4,0.741,0,True,0
903555,0,Cash loans,F,2,121800.0,317300.0,15930.3,Incomplete higher,Married,Sales staff,-19592,-1716,7,4,229300.0,True,6,0.746,0,True,1
903556,0,Cash loans,F,0,105000.0,419800.0,18022.1,Secondary / secondary special,Married,Laborers,-17743,-10166,5,1,205700.0,True,0,0.0,0,False,0
903557,0,Cash loans,F,1,134100.0,538800.0,14067.4,Secondary / secondary special,Married,Low-skill Laborers,-22851,-22,5,2,50900.0,True,2,0.868,0,True,0
903558,0,Cash loans,F,0,145600.0,219900.0,6442.1,Secondary / secondary special,Married,,-12023,-186,0,0,0.0,False,4,0.812,0,True,1
903559,0,Cash loans,M,0,64800.0,122200.0,8626.1,Higher education,Married,High skill tech staff,-8642,-2072,4,1,213800.0,True,3,0.82,1,True,0
903560,0,Cash loans,F,0,112100.0,477300.0,20460.3,Secondary / secondary special,Married,Low-skill Laborers,-24528,-668,4,1,53600.0,True,1,0.489,0,True,0
903561,0,Cash loans,F,1,172700.0,479700.0,15754.9,Higher education,Widow,Sales staff,-8729,-1416,5,1,338100.0,True,0,0.0,0,False,0
903562,0,Cash loans,M,0,381400.0,2260600.0,151585.3,Higher education,Married,Managers,-23484,-146,4,2,113200.0,True,1,0.406,0,True,0
903563,0,Cash loans,M,0,107500.0,281500.0,24434.0,Secondary / secondary special,Separated,,-18392,-480,0,0,0.0,False,1,0.424,0,True,0
903564,0,Cash loans,F,1,205200.0,448200.0,11572.0,Higher education,Civil marriage,Laborers,-23761,-2835,6,4,84300.0,True,4,0.447,0,True,0
903565,0,Cash loans,F,0,153100.0,260400.0,7764.0,Secondary / secondary special,Civil marriage,,-17562,-396,0,0,0.0,False,1,0.598,1,True,0
903566,0,Cash loans,M,0,250000.0,1147300.0,31384.2,Secondary / secondary special,Single / not married,Sales staff,-22049,-1907,6,3,55900.0,True,2,0.783,0,True,0
903567,0,Cash loans,F,1,102700.0,288400.0,8624.1,Higher education,Widow,Cooking staff,-20302,-3967,0,0,0.0,False,2,0.862,1,True,0
903568,0,Revolving loans,F,0,243000.0,664100.0,21866.6,Secondary / secondary special,Married,,-16864,-2455,2,1,253700.0,True,2,0.759,0,True,3
903569,0,Cash loans,F,1,282200.0,563500.0,17100.3,Secondary / secondary special,Married,Sales staff,-14030,-1266,3,2,1755800.0,True,0,0.0,0,False,0
903570,0,Revolving loans,F,0,288300.0,500500.0,19430.1,Secondary / secondary special,Married,Managers,-7715,-14,2,0,44600.0,True,0,0.0,0,False,0
903571,0,Cash loans,F,2,285800.0,725000.0,40928.5,Secondary / secondary special,Married,Laborers,-12060,-3480,4,0,39600.0,True,3,0.508,0,True,0
903572,0,Cash loans,M,0,154000.0,505900.0,39420.0,Secondary / secondary special,Married,Sales staff,-24339,-188,6,2,115300.0,True,0,0.0,0,False,0
903573,0,Cash loans,M,1,187600.0,840300.0,30091.0,Secondary / secondary special,Married,Laborers,-12491,-838,11,2,37200.0,True,3,0.772,0,True,0
903574,0,Cash loans,F,0,113500.0,221900.0,13382.5,Secondary / secondary special,Widow,Core staff,-20837,-1135,1,0,90800.0,True,4,0.91,1,True,0
903575,0,Cash loans,M,0,46100.0,145100.0,4182.6,Secondary / secondary special,Married,,-16573,-1644,4,1,860400.0,True,2,0.785,1,True,1
903576,1,Cash loans,M,0,159100.0,949200.0,36434.1,Secondary / secondary special,Separated,Sales staff,-13070,-545,4,1,106900.0,True,0,0.0,0,False,3
903577,0,Cash loans,M,0,129200.0,589800.0,14796.4,Secondary / secondary special,Married,Sales staff,-25028,-7356,3,0,26000.0,True,0,0.0,0,False,0
903578,0,Cash loans,M,0,226600.0,1358800.0,63020.3,Secondary / secondary special,Single / not married,,-8487,-1904,2,0,209000.0,True,3,0.917,0,True,0
903579,0,Cash loans,M,0,215400.0,400100.0,17718.6,Higher education,Married,Sales staff,-17862,-3219,2,1,642700.0,True,5,0.516,1,True,3
903580,0,Cash loans,F,0,82300.0,273400.0,15117.6,Secondary / secondary special,Widow,Laborers,-15750,-7079,6,0,19200.0,True,5,0.74,1,True,2
903581,0,Cash loans,F,0,450900.0,1143500.0,61546.1,Secondary / secondary special,Married,Core staff,-9005,-548,4,2,34000.0,True,5,0.627,1,True,0
903582,0,Cash loans,F,0,170000.0,975300.0,40098.0,Higher education,Married,Sales staff,-11415,-1834,2,1,159500.0,True,2,0.577,0,True,0
903583,0,Cash loans,F,0,73700.0,410800.0,34416.5,Secondary / secondary special,Separated,Laborers,-19828,-823,6,3,40200.0,True,3,0.89,1,True,1
903584,0,Cash loans,M,0,79000.0,320800.0,9165.1,Secondary / secondary special,Married,Drivers,-9562,-2093,3,1,124800.0,True,2,0.825,0,True,1
903585,0,Cash loans,M,2,47100.0,135700.0,10471.3,Secondary / secondary special,Separated,Laborers,-21698,-92,0,0,0.0,False,6,0.817,0,True,0
903586,0,Cash loans,M,1,205100.0,810500.0,21789.5,Secondary / secondary special,Married,Laborers,-18616,-47,7,3,99000.0,True,2,0.838,0,True,1
903587,0,Cash loans,M,0,107600.0,583200.0,26543.5,Secondary / secondary special,Married,Laborers,-9432,-1305,7,3,248200.0,True,3,0.793,0,True,1
903588,0,Cash loans,F,1,92000.0,375600.0,15784.4,Higher education,Married,Laborers,-12689,-501,3,1,268500.0,True,0,0.0,0,False,0
903589,0,Cash loans,F,0,101500.0,501800.0,12891.5,Secondary / secondary special,Single / not married,Drivers,-10068,-702,3,0,62700.0,True,2,0.781,0,True,0
903590,0,Revolving loans,F,0,120500.0,553700.0,17211.5,Higher education,Civil marriage,Managers,-21638,-72,4,2,47000.0,True,1,0.959,0,True,0
903591,0,Cash loans,F,0,186700.0,362000.0,19711.2,Higher education,Married,,-17002,-2877,2,2,448100.0,True,2,0.352,0,True,0
903592,0,Cash loans,M,1,61500.0,302000.0,15755.6,Secondary / secondary special,Married,Sales staff,-7714,-1144,2,1,158300.0,True,0,0.0,0,False,1
903593,0,Cash loans,F,0,82000.0,200000.0,13798.4,Higher education,Married,,-17176,-1601,6,2,188800.0,True,2,0.867,0,True,0
903594,0,Cash loans,F,0,176600.0,956700.0,32803.9,Secondary / secondary special,Married,Managers,-16123,-2137,5,1,144300.0,True,1,0.895,0,True,1
903595,0,Revolving loans,F,2,104000.0,300900.0,10088.5,Lower secondary,Married,Low-skill Laborers,-18931,-1252,3,0,130300.0,True,4,0.719,3,True,0
903596,0,Cash loans,F,0,187300.0,756500.0,20625.2,Higher education,Married,Core staff,-8275,-1218,0,0,0.0,False,5,0.966,2,True,0
903597,0,Cash loans,M,0,109200.0,304200.0,16421.8,Secondary / secondary special,Married,Laborers,-8285,-1305,0,0,0.0,False,4,0.774,1,True,0
903598,0,Cash loans,M,0,307700.0,473400.0,39387.2,Secondary / secondary special,Married,,-13785,-531,0,0,0.0,False,3,0.684,0,True,1
903599,0,Cash loans,F,1,155400.0,778600.0,46904.4,Secondary / secondary special,Married,Laborers,-19728,-1135,0,0,0.0,False,3,0.74,1,True,0
903600,0,Cash loans,M,1,258500.0,1219300.0,31349.8,Higher education,Married,Sales staff,-19343,-767,3,2,1937600.0,True,2,0.864,0,True,0
903601,0,Cash loans,F,2,181400.0,1026100.0,25881.4,Secondary / secondary special,Separated,Medicine staff,-12540,-3052,5,1,294200.0,True,0,0.0,0,False,1
903602,0,Cash loans,F,1,186900.0,761900.0,36981.9,Higher education,Civil marriage,Sales staff,-11450,-2175,3,2,204600.0,True,0,0.0,0,False,0
903603,0,Cash loans,F,0,96100.0,225500.0,9130.6,Secondary / secondary special,Single / not married,Low-skill Laborers,-19633,-1443,3,3,46500.0,True,1,0.906,0,True,0
903604,0,Revolving loans,M,0,251000.0,569500.0,16092.8,Incomplete higher,Civil marriage,Laborers,-8140,-352,5,2,505300.0,True,1,0.206,0,True,0
903605,0,Cash loans,M,0,155900.0,507000.0,20836.3,Secondary / secondary special,Married,,-17419,-1622,0,0,0.0,False,1,0.773,0,True,0
903606,0,Cash loans,F,0,86900.0,259700.0,6698.6,Secondary / secondary special,Widow,Core staff,-15095,-33,2,1,291800.0,True,0,0.0,0,False,1
903607,0,Cash loans,M,1,48700.0,162500.0,4625.8,Secondary / secondary special,Married,,-11853,-1554,5,1,71900.0,True,2,0.465,1,True,0
903608,0,Cash loans,M,0,150100.0,377100.0,11695.4,Higher education,Married,,-16780,-591,5,2,18300.0,True,2,0.774,0,True,0
903609,0,Cash loans,M,0,297500.0,1769800.0,61331.9,Higher education,Civil marriage,,-11469,-501,6,1,817400.0,True,4,0.788,1,True,0
903610,1,Cash loans,F,0,88900.0,167600.0,10350.9,Secondary / secondary special,Civil marriage,Sales staff,-17551,-802,5,2,283600.0,True,4,0.786,0,True,1
903611,0,Cash loans,F,1,87500.0,422300.0,27269.8,Higher education,Married,,-10275,-501,4,1,97500.0,True,7,0.7,1,True,0
903612,0,Cash loans,F,2,119500.0,484500.0,13459.4,Secondary / secondary special,Civil marriage,Low-skill Laborers,-14772,-701,2,1,1304400.0,True,3,0.876,0,True,1
903613,0,Cash loans,M,1,242800.0,971300.0,56385.9,Secondary / secondary special,Married,High skill tech staff,-16607,-763,5,0,147000.0,True,4,0.669,0,True,0
903614,0,Cash loans,F,1,55900.0,238100.0,13757.6,Secondary / secondary special,Married,Managers,-8220,-1650,0,0,0.0,False,6,0.721,0,True,1
903615,0,Cash loans,F,1,101100.0,562900.0,15909.3,Secondary / secondary special,Separated,Laborers,-18364,-447,2,1,24900.0,True,1,0.635,1,True,0
903616,0,Cash loans,M,0,84700.0,384400.0,33749.2,Secondary / secondary special,Married,,-20810,-1982,5,1,104600.0,True,3,0.624,0,True,0
903617,0,Revolving loans,F,1,185400.0,504100.0,15986.2,Secondary / secondary special,Civil marriage,Core staff,-24415,-3634,2,1,108800.0,True,3,0.69,0,True,0
903618,0,Cash loans,F,2,130400.0,353600.0,12417.2,Secondary / secondary special,Civil marriage,,-11223,-2466,4,1,50700.0,True,1,0.742,0,True,0
903619,0,Cash loans,M,0,117700.0,615200.0,55233.9,Secondary / secondary special,Married,Laborers,-11321,-4751,6,3,56700.0,True,1,0.739,0,True,0
903620,0,Revolving loans,F,1,127900.0,467000.0,30253.7,Secondary / secondary special,Civil marriage,,-13005,-1648,0,0,0.0,False,3,0.605,0,True,1
903621,0,Cash loans,F,0,207300.0,968500.0,50979.8,Secondary / secondary special,Married,Sales staff,-23271,-10156,3,0,123800.0,True,2,0.751,0,True,0
903622,0,Revolving loans,F,0,245300.0,782900.0,46564.9,Secondary / secondary special,Civil marriage,Sales staff,-14793,-730,4,2,120900.0,True,3,0.5,0,True,0
903623,0,Cash loans,F,0,233700.0,1126900.0,74744.8,Secondary / secondary special,Single / not married,Sales staff,-12952,-1352,7,2,85500.0,True,2,0.735,0,True,1
903624,0,Cash loans,F,1,186700.0,636400.0,17869.6,Secondary / secondary special,Single / not married,Managers,-20650,-5779,7,3,460900.0,True,4,0.972,1,True,0
903625,0,Cash loans,F,0,279700.0,1040300.0,27559.5,Secondary / secondary special,Separated,,-8330,-79,4,1,38100.0,True,3,0.585,0,True,1
903626,0,Cash loans,F,1,87900.0,499100.0,32722.1,Higher education,Married,,-17280,-313,2,1,159100.0,True,4,0.721,0,True,2
903627,0,Cash loans,F,1,169900.0,633200.0,23152.6,Secondary / secondary special,Married,Laborers,-15552,-65,0,0,0.0,False,0,0.0,0,False,0
903628,0,Cash loans,M,0,453000.0,1137800.0,49478.1,Secondary / secondary special,Married,Managers,-18612,-7265,4,0,83700.0,True,0,0.0,0,False,0
903629,0,Cash loans,F,1,55900.0,217500.0,10215.7,Incomplete higher,Single / not married,,-20473,-1984,3,2,13700.0,True,1,0.659,0,True,0
903630,0,Cash loans,M,0,107200.0,164900.0,4272.8,Higher education,Married,Medicine staff,-13358,-29,3,1,143500.0,True,6,0.799,1,True,0
903631,0,Cash loans,M,0,83400.0,229800.0,20204.3,Secondary / secondary special,Married,,-18815,-136,2,1,76400.0,True,6,0.708,2,True,0
903632,0,Cash loans,M,0,161700.0,682200.0,17385.0,Higher education,Married,,-16851,-1090,0,0,0.0,False,2,0.847,0,True,1
903633,0,Cash loans,F,0,287300.0,522700.0,26765.3,Secondary / secondary special,Separated,Core staff,-10012,-2001,1,0,4407600.0,True,1,0.935,0,True,0
903634,0,Cash loans,F,0,183200.0,650200.0,24005.5,Secondary / secondary special,Married,,-23112,-813,2,1,181300.0,True,2,0.918,1,True,1
903635,0,Cash loans,F,0,125600.0,526900.0,13887.8,Secondary / secondary special,Separated,Laborers,-20885,-1829,5,4,250200.0,True,1,0.689,0,True,1
903636,0,Cash loans,F,1,183900.0,463300.0,15783.0,Secondary / secondary special,Married,,-23812,-1920,2,2,63400.0,True,2,0.62,0,True,1
903637,0,Cash loans,F,0,121100.0,300400.0,9099.5,Higher education,Separated,Laborers,-20286,-3701,3,2,181600.0,True,4,0.75,1,True,1
903638,0,Cash loans,M,1,154300.0,695800.0,53919.1,Secondary / secondary special,Civil marriage,,-11954,-1330,7,2,132500.0,True,0,0.0,0,False,0
903639,0,Cash loans,F,1,190700.0,1122100.0,41414.1,Secondary / secondary special,Married,,-15207,-109,7,2,60400.0,True,3,0.795,1,True,1
903640,0,Revolving loans,F,2,336300.0,969600.0,50189.5,Secondary / secondary special,Married,Laborers,-14442,-286,7,2,55100.0,True,4,0.482,0,True,0
903641,0,Cash loans,M,0,175300.0,426800.0,18898.8,Secondary / secondary special,Widow,Drivers,-8292,-881,3,2,252700.0,True,2,0.737,1,True,0
903642,1,Cash loans,M,0,156100.0,925400.0,54044.0,Secondary / secondary special,Widow,Drivers,-14857,-1662,3,1,71500.0,True,0,0.0,0,False,0
903643,0,Cash loans,M,0,387400.0,2036200.0,71520.8,Secondary / secondary special,Married,Laborers,-13719,-2262,3,1,53200.0,True,2,0.788,1,True,2
903644,0,Cash loans,F,0,52600.0,300400.0,11519.6,Higher education,Civil marriage,Low-skill Laborers,-7733,-1163,3,1,639600.0,True,3,0.697,0,True,0
903645,0,Cash loans,F,0,133700.0,228300.0,16485.8,Secondary / secondary special,Separated,,-22506,-3351,3,1,806600.0,True,1,0.949,0,True,0
903646,0,Cash loans,F,0,96600.0,550700.0,17273.6,Secondary / secondary special,Married,Accountants,-10185,-610,3,1,54000.0,True,2,0.501,1,True,0
903647,0,Cash loans,F,1,124300.0,655400.0,35366.5,Secondary / secondary special,Married,Low-skill Laborers,-16441,-4966,5,3,479900.0,True,1,0.884,0,True,1
903648,0,Cash loans,M,2,189400.0,539500.0,19548.0,Secondary / secondary special,Single / not married,Sales staff,-21412,-5647,2,1,24700.0,True,2,0.846,0,True,0
903649,0,Cash loans,M,0,228600.0,985000.0,27322.8,Secondary / secondary special,Married,,-18255,-223,3,1,52600.0,True,4,0.9,0,True,0
903650,0,Cash loans,F,1,107900.0,245400.0,11190.2,Secondary / secondary special,Civil marriage,Security staff,-10632,-2899,0,0,0.0,False,2,0.806,0,True,0
903651,0,Cash loans,M,0,195600.0,661100.0,22648.5,Secondary / secondary special,Married,Laborers,-18496,-378,3,2,86400.0,True,5,0.614,0,True,0
903652,0,Cash loans,F,0,89400.0,376500.0,10497.2,Secondary / secondary special,Married,,-20938,-5200,4,1,149700.0,True,3,0.911,1,True,0
903653,0,Cash loans,F,0,73800.0,147300.0,5137.9,Higher education,Married,Medicine staff,-22640,-1175,5,2,37600.0,True,5,0.362,1,True,0
903654,0,Cash loans,M,1,145000.0,848100.0,21475.9,Secondary / secondary special,Single / not married,Laborers,-13247,-963,7,3,92700.0,True,1,0.385,0,True,0
903655,0,Cash loans,F,0,125500.0,713000.0,57316.7,Secondary / secondary special,Married,Sales staff,-8259,-549,3,1,52900.0,True,2,0.574,0,True,0
903656,0,Cash loans,F,1,295000.0,1593900.0,76327.3,Secondary / secondary special,Married,Sales staff,-18316,-1603,9,6,193600.0,True,2,0.66,0,True,0
903657,0,Cash loans,F,1,405800.0,843500.0,27141.6,Incomplete higher,Married,Medicine staff,-11620,-1206,3,0,170500.0,True,2,0.754,0,True,0
903658,0,Cash loans,F,0,103300.0,466000.0,18904.8,Higher education,Married,Sales staff,-21346,-1388,2,1,689900.0,True,2,0.859,1,True,0
903659,0,Cash loans,F,2,56600.0,311700.0,17556.5,Secondary / secondary special,Civil marriage,Medicine staff,-19576,-3776,0,0,0.0,False,3,0.529,1,True,0
903660,0,Cash loans,M,1,70700.0,149800.0,7474.8,Higher education,Married,,-21211,-316,3,1,520000.0,True,4,0.794,0,True,0
903661,0,Cash loans,F,0,92200.0,406900.0,12825.2,Secondary / secondary special,Married,Core staff,-24616,-703,4,3,522500.0,True,3,0.68,2,True,0
903662,0,Revolving loans,M,0,155300.0,375600.0,11181.0,Secondary / secondary special,Married,Sales staff,-17906,-1295,0,0,0.0,False,0,0.0,0,False,0
903663,0,Cash loans,M,0,122900.0,565900.0,19485.8,Secondary / secondary special,Married,Laborers,-23508,-1535,0,0,0.0,False,2,0.686,1,True,1
903664,0,Revolving loans,M,0,74600.0,329300.0,8982.0,Secondary / secondary special,Married,,-18910,-557,1,0,214600.0,True,0,0.0,0,False,1
903665,0,Cash loans,M,0,342000.0,1854400.0,72297.4,Secondary / secondary special,Married,,-10849,-1098,6,1,452500.0,True,4,0.814,0,True,1
903666,0,Cash loans,M,1,195000.0,718700.0,20705.6,Secondary / secondary special,Single / not married,,-21668,-2958,4,2,15600.0,True,2,0.846,0,True,1
903667,0,Cash loans,F,1,337400.0,1658300.0,125455.3,Higher education,Married,Managers,-19818,-13248,3,3,89900.0,True,1,0.549,0,True,0
903668,0,Cash loans,M,0,56900.0,134500.0,3399.0,Higher education,Married,,-24798,-31,6,1,241300.0,True,3,0.794,0,True,0
903669,0,Cash loans,F,1,264500.0,1161600.0,32055.2,Higher education,Married,Managers,-11929,-5359,2,2,161300.0,True,3,0.754,0,True,0
903670,0,Cash loans,F,0,129900.0,707400.0,19220.9,Secondary / secondary special,Civil marriage,Accountants,-13501,-704,5,2,153700.0,True,4,0.746,1,True,0
903671,0,Cash loans,F,1,115100.0,547100.0,15026.5,Secondary / secondary special,Married,Managers,-22057,-1382,3,2,24900.0,True,0,0.0,0,False,1
903672,0,Cash loans,F,0,141700.0,772800.0,21912.0,Secondary / secondary special,Single / not married,Drivers,-8766,-2196,5,3,86400.0,True,5,0.828,0,True,1
903673,0,Cash loans,F,0,98700.0,427800.0,34074.4,Secondary / secondary special,Widow,Sales staff,-18758,-3195,3,0,97300.0,True,0,0.0,0,False,1
903674,0,Cash loans,M,0,130300.0,518800.0,13904.9,Higher education,Married,Cooking staff,-17046,-10476,4,1,56200.0,True,3,0.864,0,True,1
903675,1,Cash loans,M,1,224700.0,1262300.0,83794.1,Secondary / secondary special,Married,Drivers,-10622,-4052,5,2,507400.0,True,3,0.864,1,True,0
903676,0,Cash loans,F,0,52500.0,155200.0,4307.0,Higher education,Single / not married,Laborers,-10557,-331,0,0,0.0,False,5,0.658,0,True,0
903677,0,Cash loans,F,0,296000.0,1440800.0,53850.8,Secondary / secondary special,Separated,Managers,-21859,-386,1,1,58400.0,True,1,0.537,0,True,0
903678,0,Cash loans,F,0,170300.0,786600.0,42549.2,Secondary / secondary special,Married,Core staff,-7935,-1365,3,1,1293400.0,True,0,0.0,0,False,0
903679,0,Cash loans,F,0,132500.0,684300.0,35191.6,Secondary / secondary special,Single / not married,Drivers,-20749,-455,5,4,245200.0,True,0,0.0,0,False,0
903680,0,Cash loans,F,2,223500.0,835700.0,46190.7,Higher education,Single / not married,Laborers,-20501,-2988,2,0,178800.0,True,0,0.0,0,False,1
903681,0,Cash loans,M,2,167900.0,624800.0,19672.5,Secondary / secondary special,Married,Sales staff,-19047,-6909,7,3,129700.0,True,0,0.0,0,False,0
903682,0,Cash loans,F,0,110100.0,182100.0,5678.4,Secondary / secondary special,Single / not married,Medicine staff,-14839,-475,2,1,71400.0,True,4,0.91,0,True,0
903683,0,Cash loans,F,0,95100.0,541200.0,23707.4,Secondary / secondary special,Married,Low-skill Laborers,-8161,-317,3,1,59600.0,True,6,0.791,1,True,1
903684,0,Cash loans,F,0,296300.0,960900.0,42104.9,Secondary / secondary special,Separated,Laborers,-21712,-991,5,0,41300.0,True,2,0.508,0,True,0
903685,0,Cash loans,F,0,66800.0,266100.0,16225.9,Secondary / secondary special,Married,Laborers,-9867,-2431,5,2,103700.0,True,3,0.713,1,True,0
903686,0,Cash loans,F,0,126900.0,303500.0,13830.2,Academic degree,Married,Laborers,-12584,-6014,2,0,28300.0,True,7,0.851,2,True,0
903687,0,Cash loans,F,1,69200.0,295700.0,9896.0,Secondary / secondary special,Single / not married,Managers,-24252,-534,4,2,403700.0,True,1,0.686,0,True,0
903688,0,Cash loans,F,0,178700.0,546400.0,19000.3,Secondary / secondary special,Married,,-12953,-1556,0,0,0.0,False,4,0.722,0,True,0
903689,0,Cash loans,F,1,133400.0,551300.0,39676.6,Secondary / secondary special,Married,Cleaning staff,-12135,-4522,3,1,384800.0,True,1,0.914,0,True,0
903690,0,Cash loans,F,0,75000.0,360700.0,11291.8,Secondary / secondary special,Married,Sales staff,-24718,-2417,4,3,59800.0,True,3,0.896,0,True,0
903691,0,Cash loans,F,0,90700.0,385000.0,9699.4,Higher education,Married,,-9170,-2600,1,0,229400.0,True,3,0.723,0,True,1
903692,0,Cash loans,F,1,143100.0,234400.0,6828.4,Secondary / secondary special,Married,,-10480,-2003,4,1,32000.0,True,4,0.505,2,True,0
903693,0,Cash loans,F,0,161400.0,827600.0,80838.2,Incomplete higher,Civil marriage,Sales staff,-15344,-257,2,2,74200.0,True,2,0.856,0,True,0
903694,0,Cash loans,M,1,53100.0,213700.0,6165.0,Secondary / secondary special,Civil marriage,Sales staff,-21465,-2353,4,2,84500.0,True,4,0.896,1,True,0
903695,0,Cash loans,F,1,98400.0,253200.0,23229.8,Higher education,Married,Managers,-23158,-444,6,1,197300.0,True,2,0.728,0,True,0
903696,0,Cash loans,M,1,151700.0,448500.0,31971.8,Secondary / secondary special,Single / not married,Sales staff,-20903,-6359,7,4,37600.0,True,2,0.636,1,True,0
903697,0,Cash loans,F,0,256400.0,1320400.0,76431.7,Higher education,Married,Sales staff,-24767,-1784,4,1,739100.0,True,3,0.737,0,True,0
903698,0,Cash loans,F,0,213000.0,1216900.0,49143.9,Secondary / secondary special,Married,,-7960,-416,2,1,146100.0,True,2,0.352,0,True,2
903699,0,Cash loans,F,0,111500.0,575400.0,16282.5,Secondary / secondary special,Married,,-18518,-3132,4,2,139500.0,True,4,0.829,1,True,0
903700,0,Cash loans,M,0,230700.0,1266100.0,36782.5,Secondary / secondary special,Married,,-9703,-3133,6,1,30300.0,True,4,0.68,0,True,0
903701,0,Cash loans,F,0,119600.0,443100.0,20927.6,Secondary / secondary special,Civil marriage,Laborers,-23614,-3197,0,0,0.0,False,2,0.643,0,True,0
903702,0,Cash loans,M,0,29400.0,99200.0,4096.0,Higher education,Widow,Drivers,-24051,-2378,7,3,500000.0,True,2,0.833,1,True,0
903703,0,Cash loans,M,0,287700.0,1491600.0,98706.9,Secondary / secondary special,Married,,-12974,-3309,3,2,53700.0,True,2,0.941,0,True,0
903704,0,Cash loans,F,0,176000.0,576500.0,14951.9,Higher education,Married,Core staff,-22166,-3828,5,2,77100.0,True,1,0.57,0,True,0
903705,0,Cash loans,F,1,153800.0,719200.0,39527.4,Secondary / secondary special,Married,,-18707,-3367,8,4,112200.0,True,5,0.926,2,True,0
903706,0,Cash loans,F,1,140600.0,598800.0,37080.0,Secondary / secondary special,Married,,-9425,-2855,6,2,105100.0,True,2,0.424,0,True,0
903707,0,Cash loans,M,0,162900.0,356400.0,8994.3,Secondary / secondary special,Civil marriage,,-18225,-166,4,1,52400.0,True,2,0.667,0,True,0
903708,0,Cash loans,F,2,140500.0,405900.0,24825.3,Secondary / secondary special,Married,Laborers,-24765,-222,4,1,231800.0,True,4,0.492,2,True,0
903709,0,Revolving loans,M,1,121200.0,297700.0,19268.7,Secondary / secondary special,Civil marriage,,-13062,-5017,2,0,543900.0,True,3,0.772,0,True,0
903710,0,Cash loans,F,2,101000.0,208500.0,5280.3,Higher education,Married,Medicine staff,-7684,-1114,3,1,138300.0,True,4,0.546,1,True,2
903711,0,Cash loans,M,1,145500.0,493400.0,40123.4,Secondary / secondary special,Married,,-24778,-3154,0,0,0.0,False,2,0.451,0,True,1
903712,1,Cash loans,F,0,90100.0,215600.0,19609.4,Secondary / secondary special,Single / not married,Laborers,-14917,-1279,3,1,43800.0,True,6,0.782,2,True,3
903713,1,Cash loans,F,0,79100.0,144100.0,6086.1,Secondary / secondary special,Married,Low-skill Laborers,-15214,-314,0,0,0.0,False,4,0.653,1,True,0
903714,0,Cash loans,F,0,160200.0,389500.0,20608.7,Secondary / secondary special,Single / not married,,-20149,-4417,4,3,92300.0,True,3,0.938,0,True,0
903715,0,Cash loans,M,0,228500.0,979100.0,27121.2,Higher education,Civil marriage,Core staff,-18253,-2854,5,1,260400.0,True,5,0.798,0,True,1
903716,0,Cash loans,F,0,94000.0,483000.0,15070.7,Higher education,Married,Managers,-12955,-4300,2,2,24000.0,True,3,0.579,1,True,1
903717,0,Cash loans,M,1,102600.0,367600.0,14020.2,Secondary / secondary special,Married,,-9416,-2846,6,2,65200.0,True,2,0.6,0,True,0
903718,0,Cash loans,F,0,60000.0,254500.0,24704.5,Secondary / secondary special,Married,,-22160,-1139,5,2,490000.0,True,3,0.767,0,True,1
903719,0,Revolving loans,F,0,72500.0,321000.0,17866.8,Secondary / secondary special,Widow,Drivers,-16133,-7717,0,0,0.0,False,3,0.874,0,True,1
903720,0,Cash loans,F,0,73900.0,327500.0,8920.0,Secondary / secondary special,Widow,,-19446,-709,3,1,60300.0,True,2,0.968,1,True,0
903721,0,Revolving loans,M,0,227900.0,1353900.0,77589.2,Secondary / secondary special,Married,Laborers,-22741,-1152,2,2,222100.0,True,5,0.793,3,True,1
903722,0,Cash loans,F,0,58800.0,249300.0,23017.8,Higher education,Single / not married,Laborers,-7975,-1405,3,0,72500.0,True,4,0.478,2,True,0
903723,0,Cash loans,M,0,176100.0,697000.0,41167.4,Secondary / secondary special,Civil marriage,,-22721,-2320,3,1,272300.0,True,2,0.476,1,True,1
903724,0,Cash loans,M,0,122600.0,662100.0,20248.9,Higher education,Civil marriage,Accountants,-20836,-379,2,2,72300.0,True,5,0.647,0,True,3
903725,1,Cash loans,M,0,189500.0,813800.0,22737.1,Secondary / secondary special,Married,Accountants,-24253,-337,6,2,133800.0,True,5,0.663,1,True,1
903726,1,Cash loans,M,0,250800.0,893300.0,48135.9,Higher education,Widow,Accountants,-11757,-3269,4,1,305900.0,True,1,0.537,0,True,2
903727,0,Cash loans,F,0,137900.0,667600.0,39347.3,Higher education,Civil marriage,,-13313,-1266,0,0,0.0,False,3,0.885,0,True,0
903728,0,Cash loans,F,1,246800.0,619200.0,17629.1,Higher education,Married,Low-skill Laborers,-19254,-1624,4,1,37600.0,True,4,0.748,0,True,2
903729,0,Cash loans,F,1,303900.0,1375600.0,86587.3,Secondary / secondary special,Married,Core staff,-23884,-193,5,1,92600.0,True,3,0.803,0,True,0
903730,0,Revolving loans,F,0,274500.0,1359500.0,65049.7,Secondary / secondary special,Married,Core staff,-25056,-6672,2,0,50200.0,True,3,0.793,0,True,0
903731,0,Cash loans,M,0,100000.0,437400.0,20421.7,Secondary / secondary special,Married,Managers,-14966,-166,0,0,0.0,False,2,0.761,0,True,0
903732,0,Cash loans,F,0,52300.0,122600.0,5603.2,Secondary / secondary special,Civil marriage,Drivers,-17112,-411,0,0,0.0,False,3,0.745,0,True,0
903733,0,Cash loans,F,0,131500.0,502000.0,40977.8,Secondary / secondary special,Single / not married,Laborers,-10653,-205,5,1,150700.0,True,2,0.552,1,True,0
903734,0,Cash loans,F,0,153100.0,787700.0,22305.5,Incomplete higher,Separated,Sales staff,-19823,-412,3,1,405100.0,True,4,0.768,3,True,0
903735,0,Cash loans,M,0,52700.0,174600.0,10613.3,Secondary / secondary special,Married,Sales staff,-22335,-292,3,0,63300.0,True,4,0.629,1,True,0
903736,0,Cash loans,F,0,144300.0,818900.0,38980.8,Secondary / secondary special,Separated,,-21657,-507,0,0,0.0,False,3,0.593,0,True,0
903737,0,Cash loans,M,0,38700.0,66400.0,2280.3,Secondary / secondary special,Separated,,-13724,-2246,6,3,674700.0,True,3,0.67,1,True,1
903738,0,Cash loans,F,0,303200.0,1362200.0,39937.2,Secondary / secondary special,Married,Laborers,-24541,-792,4,2,214200.0,True,3,0.938,2,True,0
903739,0,Cash loans,F,1,177700.0,452800.0,16398.5,Secondary / secondary special,Married,Sales staff,-9773,-987,4,2,423500.0,True,2,0.73,0,True,0
903740,0,Cash loans,M,0,93000.0,411000.0,19712.6,Secondary / secondary special,Civil marriage,Managers,-16319,-91,6,1,140900.0,True,2,0.819,0,True,1
903741,0,Cash loans,F,0,149200.0,861200.0,84774.2,Secondary / secondary special,Single / not married,Drivers,-17381,-2259,8,4,362900.0,True,3,0.582,0,True,2
903742,0,Cash loans,F,0,158700.0,648700.0,26101.8,Higher education,Married,Sales staff,-17064,-5318,6,4,122400.0,True,3,0.874,0,True,0
903743,0,Cash loans,M,0,178200.0,617700.0,22990.8,Secondary / secondary special,Single / not married,,-20943,-3105,1,1,31800.0,True,5,0.522,1,True,1
903744,0,Cash loans,F,0,144900.0,777200.0,37392.6,Higher education,Married,Core staff,-18345,-711,5,3,305000.0,True,0,0.0,0,False,0
903745,0,Cash loans,F,0,224600.0,805500.0,27886.4,Secondary / secondary special,Married,,-9016,-1983,3,0,224800.0,True,3,0.734,1,True,0
903746,0,Cash loans,M,0,74300.0,300100.0,8922.2,Secondary / secondary special,Separated,High skill tech staff,-10816,-3002,6,4,156500.0,True,2,0.601,0,True,1
903747,0,Cash loans,F,1,131200.0,378100.0,34166.0,Higher education,Married,Laborers,-16989,-2749,3,1,52900.0,True,1,0.869,0,True,1
903748,0,Cash loans,M,0,342100.0,1358800.0,39565.5,Higher education,Married,Medicine staff,-19833,-3619,0,0,0.0,False,2,0.833,0,True,0
903749,0,Cash loans,M,0,117400.0,554300.0,20000.4,Secondary / secondary special,Single / not married,,-16673,-141,6,0,359300.0,True,3,0.661,1,True,1
903750,0,Cash loans,F,1,158000.0,599100.0,30309.1,Secondary / secondary special,Single / not married,Managers,-13893,-3599,4,1,74600.0,True,5,0.534,1,True,1
903751,0,Cash loans,F,1,85100.0,208400.0,6762.7,Secondary / secondary special,Married,Laborers,-8560,-1395,4,1,716500.0,True,4,0.886,0,True,1
903752,0,Cash loans,F,1,411600.0,653800.0,21011.9,Secondary / secondary special,Married,,-21433,-535,1,1,675400.0,True,5,0.645,0,True,1
903753,0,Cash loans,F,0,161500.0,400700.0,12239.7,Secondary / secondary special,Married,Sales staff,-16375,-3248,4,4,120000.0,True,0,0.0,0,False,0
903754,0,Cash loans,F,1,74600.0,397300.0,17752.3,Secondary / secondary special,Civil marriage,,-17104,-2085,3,2,58500.0,True,3,0.579,1,True,1
903755,0,Cash loans,M,0,241500.0,1404700.0,51466.3,Secondary / secondary special,Single / not married,,-15881,-9311,1,1,251800.0,True,2,0.792,0,True,0
903756,0,Revolving loans,M,2,81900.0,330100.0,13589.0,Incomplete higher,Married,Laborers,-12313,-1408,5,1,121000.0,True,0,0.0,0,False,0
903757,0,Cash loans,M,0,197100.0,1031000.0,49287.6,Higher education,Married,Laborers,-12507,-5937,2,1,2898400.0,True,1,0.64,0,True,0
903758,0,Cash loans,M,0,234300.0,401000.0,28895.7,Higher education,Married,Laborers,-8777,-921,4,1,48200.0,True,3,0.911,1,True,0
903759,0,Cash loans,F,1,385700.0,2060100.0,54832.2,Secondary / secondary special,Married,Laborers,-20062,-141,0,0,0.0,False,2,0.68,0,True,1
903760,0,Cash loans,F,0,156600.0,437300.0,31638.0,Secondary / secondary special,Married,,-12428,-4774,3,1,95800.0,True,1,0.882,0,True,1
903761,0,Cash loans,F,0,143500.0,328600.0,11153.9,Secondary / secondary special,Civil marriage,Laborers,-12895,-3658,0,0,0.0,False,3,0.456,0,True,0
903762,0,Cash loans,F,0,50800.0,139500.0,6341.5,Secondary / secondary special,Civil marriage,Laborers,-25071,-6697,5,2,59400.0,True,0,0.0,0,False,0
903763,1,Cash loans,M,0,111400.0,416800.0,12031.4,Higher education,Married,Core staff,-14424,-1647,3,2,170900.0,True,4,0.908,2,True,1
903764,0,Cash loans,M,0,98000.0,406100.0,16822.1,Secondary / secondary special,Civil marriage,Laborers,-16612,-2631,4,1,57400.0,True,4,0.855,1,True,0
903765,0,Cash loans,M,0,127900.0,195900.0,12562.6,Secondary / secondary special,Married,,-14436,-104,4,3,116200.0,True,4,0.694,2,True,1
903766,1,Cash loans,F,0,107900.0,328400.0,22616.7,Higher education,Single / not married,Sales staff,-12749,-6179,2,1,37400.0,True,2,0.237,0,True,2
903767,0,Cash loans,F,0,207400.0,968600.0,44541.2,Secondary / secondary special,Civil marriage,,-7767,-163,2,0,16700.0,True,3,0.187,1,True,0
903768,0,Cash loans,F,0,105800.0,515900.0,19806.6,Higher education,Married,Laborers,-22642,-2594,3,2,116700.0,True,2,0.686,1,True,1
903769,1,Cash loans,F,0,177600.0,453700.0,15708.5,Higher education,Single / not married,Core staff,-15954,-263,5,2,628600.0,True,0,0.0,0,False,2
903770,0,Cash loans,F,1,132100.0,344700.0,9719.4,Secondary / secondary special,Married,Core staff,-20277,-8154,5,4,196200.0,True,2,0.601,0,True,0
903771,0,Cash loans,M,0,102500.0,467200.0,22007.1,Secondary / secondary special,Separated,,-24460,-6227,0,0,0.0,False,2,0.666,2,True,1
903772,0,Cash loans,F,0,98000.0,415800.0,12435.6,Secondary / secondary special,Married,Laborers,-7714,-276,0,0,0.0,False,3,0.498,0,True,0
903773,0,Cash loans,M,1,157300.0,587900.0,35110.6,Secondary / secondary special,Married,Laborers,-19491,-301,2,0,11600.0,True,4,0.682,1,True,1
903774,0,Cash loans,M,1,277800.0,1099900.0,30260.5,Higher education,Married,Laborers,-9743,-603,4,0,203100.0,True,0,0.0,0,False,2
903775,0,Cash loans,F,0,97100.0,363900.0,28166.6,Secondary / secondary special,Married,Managers,-15688,-5864,7,3,56600.0,True,4,0.752,1,True,0
903776,1,Cash loans,F,0,143400.0,477900.0,14008.9,Higher education,Married,Managers,-22500,-605,4,1,156100.0,True,4,0.777,1,True,2
903777,1,Cash loans,M,0,178300.0,899600.0,49861.0,Lower secondary,Single / not married,,-8917,-1963,5,2,62700.0,True,2,0.91,0,True,2
903778,0,Cash loans,M,1,138600.0,762100.0,25658.4,Secondary / secondary special,Married,Managers,-25003,-2081,5,2,70900.0,True,2,0.792,0,True,1
903779,0,Cash loans,F,2,58100.0,254400.0,9666.4,Secondary / secondary special,Married,Accountants,-17841,-42,5,2,200700.0,True,3,0.819,0,True,2
903780,0,Cash loans,M,0,177900.0,482800.0,17656.8,Secondary / secondary special,Married,Security staff,-14585,-393,0,0,0.0,False,2,0.624,0,True,0
903781,1,Cash loans,F,1,65900.0,387800.0,9839.4,Secondary / secondary special,Married,,-8006,-1436,2,2,66500.0,True,2,0.568,1,True,1
903782,0,Revolving loans,F,0,66400.0,126000.0,4507.3,Secondary / secondary special,Married,Medicine staff,-17946,-611,7,2,33900.0,True,5,0.787,1,True,0
903783,0,Cash loans,F,0,72900.0,421700.0,25627.5,Secondary / secondary special,Married,,-16335,-540,0,0,0.0,False,5,0.874,2,True,1
903784,0,Cash loans,F,2,129100.0,516700.0,23153.9,Secondary / secondary special,Married,Laborers,-11437,-88,5,1,114300.0,True,3,0.838,0,True,0
903785,0,Cash loans,F,1,86500.0,406200.0,31486.7,Secondary / secondary special,Widow,Laborers,-16257,-716,4,1,38300.0,True,2,0.663,1,True,1
903786,1,Cash loans,M,1,68300.0,232600.0,11593.5,Secondary / secondary special,Married,,-7889,-972,0,0,0.0,False,0,0.0,0,False,0
903787,0,Cash loans,F,0,169300.0,526000.0,27995.6,Secondary / secondary special,Married,,-25175,-81,0,0,0.0,False,1,0.671,0,True,0
903788,0,Cash loans,F,0,138100.0,345900.0,11801.3,Secondary / secondary special,Civil marriage,,-13483,-1837,7,3,105200.0,True,2,0.828,1,True,0
903789,0,Revolving loans,M,2,204500.0,410000.0,10958.0,Secondary / secondary special,Married,Core staff,-16078,-1304,5,2,178400.0,True,5,0.894,1,True,0
903790,0,Cash loans,F,0,97200.0,282600.0,15323.6,Secondary / secondary special,Civil marriage,Sales staff,-21414,-313,6,3,2411700.0,True,1,0.846,0,True,1
903791,0,Cash loans,F,0,135600.0,358700.0,10124.9,Secondary / secondary special,Married,Core staff,-20152,-2241,7,1,360300.0,True,7,0.848,2,True,1
903792,0,Cash loans,F,1,208900.0,815100.0,22465.6,Secondary / secondary special,Married,Sales staff,-23232,-3327,5,4,142600.0,True,5,0.868,2,True,0
903793,0,Cash loans,F,0,72600.0,389000.0,13423.5,Secondary / secondary special,Widow,,-24157,-1623,8,1,23300.0,True,1,0.791,0,True,1
903794,0,Revolving loans,F,0,100600.0,188700.0,6093.9,Secondary / secondary special,Married,Sales staff,-10979,-448,3,1,888400.0,True,5,0.871,0,True,0
903795,0,Cash loans,M,0,230000.0,1118100.0,32936.7,Secondary / secondary special,Civil marriage,Core staff,-14504,-2241,5,2,161300.0,True,1,0.812,0,True,0
903796,0,Cash loans,F,1,141400.0,382300.0,18062.7,Secondary / secondary special,Married,,-19698,-2294,8,2,2190000.0,True,3,0.796,2,True,0
903797,0,Cash loans,F,0,129800.0,569200.0,14375.9,Secondary / secondary special,Married,Low-skill Laborers,-8453,-229,3,1,60800.0,True,5,0.685,1,True,0
903798,0,Cash loans,F,0,137300.0,593500.0,27664.1,Higher education,Married,Sales staff,-20225,-381,2,1,36000.0,True,5,0.768,1,True,0
903799,0,Cash loans,M,0,258100.0,1243700.0,99132.8,Secondary / secondary special,Married,Core staff,-7750,-38,3,0,722300.0,True,6,0.906,1,True,0
903800,0,Cash loans,F,0,138300.0,216900.0,6781.2,Secondary / secondary special,Civil marriage,Sales staff,-23679,-313,4,1,195900.0,True,9,0.792,0,True,0
903801,0,Cash loans,F,0,143200.0,215700.0,10758.3,Higher education,Married,Managers,-20247,-474,2,1,586800.0,True,1,0.888,0,True,0
903802,0,Cash loans,F,1,138800.0,313600.0,28951.0,Higher education,Married,Core staff,-17572,-1192,7,3,38900.0,True,5,0.839,1,True,0
903803,0,Cash loans,M,0,62400.0,368900.0,23998.1,Secondary / secondary special,Married,Drivers,-15179,-6947,7,3,38300.0,True,4,0.589,0,True,0
903804,0,Cash loans,M,0,180000.0,546800.0,25939.0,Secondary / secondary special,Married,,-24975,-546,6,5,48300.0,True,3,0.888,2,True,0
903805,0,Cash loans,F,0,92900.0,400700.0,24458.4,Secondary / secondary special,Married,,-20568,-1649,2,2,7000.0,True,1,0.624,0,True,0
903806,0,Cash loans,F,0,74500.0,215000.0,15257.0,Secondary / secondary special,Married,,-21808,-3349,3,2,84400.0,True,2,0.751,1,True,0
903807,0,Cash loans,M,1,58500.0,216200.0,14532.4,Secondary / secondary special,Married,Cleaning staff,-22125,-7,4,4,19100.0,True,5,0.435,1,True,0
903808,0,Cash loans,F,1,64900.0,225200.0,7820.8,Lower secondary,Single / not married,Laborers,-8048,-1478,2,0,162900.0,True,2,0.825,1,True,1
903809,0,Cash loans,F,0,45000.0,105600.0,7623.8,Incomplete higher,Separated,Laborers,-8623,-721,0,0,0.0,False,0,0.0,0,False,0
903810,0,Cash loans,M,0,83900.0,261100.0,7794.1,Secondary / secondary special,Married,,-11140,-1853,4,1,56000.0,True,3,0.433,0,True,0
903811,0,Cash loans,F,1,112700.0,265700.0,7537.1,Incomplete higher,Married,Laborers,-19144,-4601,6,2,262900.0,True,2,0.747,0,True,1
903812,0,Cash loans,F,1,238000.0,656500.0,20706.8,Higher education,Married,Medicine staff,-18596,-421,1,1,178600.0,True,2,0.439,0,True,0
903813,0,Cash loans,M,0,144300.0,487400.0,28085.8,Secondary / secondary special,Married,Core staff,-13361,-911,4,2,647100.0,True,4,0.597,2,True,0
903814,0,Cash loans,M,0,158900.0,807200.0,29575.6,Higher education,Married,,-24711,-149,8,4,1144300.0,True,1,0.337,1,True,0
903815,0,Revolving loans,F,0,265400.0,632700.0,53475.9,Secondary / secondary special,Married,High skill tech staff,-9296,-2293,4,1,173600.0,True,3,0.719,1,True,0
903816,0,Cash loans,F,0,33700.0,80200.0,2095.0,Secondary / secondary special,Married,Cooking staff,-21273,-1597,4,1,241300.0,True,4,0.627,1,True,0
903817,0,Cash loans,F,0,170300.0,445000.0,43537.3,Higher education,Married,Managers,-16089,-1609,2,0,285100.0,True,2,0.812,0,True,0
903818,0,Cash loans,F,0,163900.0,828000.0,49743.9,Secondary / secondary special,Married,Core staff,-15002,-1343,4,1,1249000.0,True,3,0.814,1,True,0
903819,1,Cash loans,F,0,211300.0,552100.0,44204.2,Secondary / secondary special,Civil marriage,Core staff,-8112,-327,5,2,31800.0,True,0,0.0,0,False,2
903820,0,Cash loans,F,1,57000.0,295700.0,7421.9,Higher education,Civil marriage,Managers,-20416,-455,3,2,80200.0,True,2,0.786,0,True,0
903821,0,Cash loans,F,0,105100.0,310300.0,27653.4,Higher education,Married,Accountants,-21183,-3598,5,2,32900.0,True,4,0.493,2,True,0
903822,0,Cash loans,F,0,87900.0,251700.0,25040.7,Secondary / secondary special,Married,Core staff,-13253,-1646,4,1,75100.0,True,7,0.385,0,True,0
903823,0,Cash loans,F,0,73500.0,235400.0,18080.9,Secondary / secondary special,Married,Sales staff,-16722,-4002,5,3,98000.0,True,6,0.501,1,True,0
903824,0,Cash loans,F,0,445000.0,1564900.0,42947.5,Secondary / secondary special,Married,,-18289,-993,5,2,57200.0,True,2,0.557,0,True,0
903825,0,Cash loans,F,0,105500.0,357500.0,16233.7,Higher education,Single / not married,Laborers,-14106,-5109,4,0,237400.0,True,0,0.0,0,False,0
903826,0,Cash loans,M,0,222600.0,728900.0,19010.6,Secondary / secondary special,Civil marriage,,-18449,-1534,3,2,260700.0,True,3,0.444,2,True,0
903827,0,Cash loans,F,0,199200.0,1193200.0,30764.7,Secondary / secondary special,Married,Managers,-15270,-1032,3,2,148700.0,True,2,0.97,1,True,0
903828,0,Cash loans,M,0,68100.0,314600.0,9898.3,Higher education,Married,Low-skill Laborers,-23048,-936,3,2,213900.0,True,3,0.882,0,True,0
903829,0,Cash loans,F,0,107700.0,588800.0,39081.2,Secondary / secondary special,Married,,-20253,-2303,0,0,0.0,False,4,0.455,0,True,0
903830,0,Cash loans,M,0,144300.0,796700.0,20359.1,Secondary / secondary special,Single / not married,Laborers,-9600,-46,6,1,222800.0,True,2,0.779,0,True,0
903831,0,Cash loans,F,0,170600.0,583700.0,25218.4,Secondary / secondary special,Married,Managers,-21674,-2313,3,1,34600.0,True,0,0.0,0,False,1
903832,0,Revolving loans,M,0,165200.0,824100.0,34430.1,Secondary / secondary special,Single / not married,,-13578,-159,2,1,62700.0,True,1,0.784,0,True,0
903833,0,Cash loans,M,1,336400.0,1217200.0,41821.3,Higher education,Single / not married,Laborers,-24056,-2760,5,0,57600.0,True,4,0.491,0,True,0
903834,0,Cash loans,F,0,220700.0,921700.0,29275.9,Higher education,Married,Drivers,-18236,-6723,3,3,711600.0,True,5,0.731,1,True,2
903835,0,Cash loans,M,1,194400.0,934100.0,24028.5,Secondary / secondary special,Civil marriage,,-8148,-821,7,1,86100.0,True,3,0.871,0,True,1
903836,0,Cash loans,M,0,227200.0,935600.0,23911.5,Secondary / secondary special,Civil marriage,Core staff,-20531,-1462,1,0,48300.0,True,1,0.707,0,True,0
903837,0,Cash loans,M,1,275300.0,1041300.0,46469.4,Secondary / secondary special,Married,Core staff,-9955,-3385,3,1,42700.0,True,3,0.718,1,True,1
903838,0,Cash loans,F,2,102500.0,159200.0,11161.2,Secondary / secondary special,Married,Managers,-23034,-356,1,0,79700.0,True,3,0.437,0,True,0
903839,0,Cash loans,F,0,63600.0,372900.0,9952.6,Higher education,Married,,-24279,-8405,3,1,76200.0,True,2,0.955,1,True,0
903840,1,Cash loans,M,0,103400.0,172800.0,12735.0,Secondary / secondary special,Married,,-19845,-4605,2,1,64700.0,True,4,0.809,1,True,0
903841,0,Cash loans,F,0,70400.0,143700.0,5406.3,Secondary / secondary special,Married,,-17000,-823,5,3,392500.0,True,4,0.613,0,True,0
903842,0,Cash loans,F,0,85600.0,144800.0,9662.5,Secondary / secondary special,Married,Laborers,-18213,-1652,3,3,108700.0,True,5,0.906,0,True,2
903843,0,Cash loans,F,1,147200.0,635600.0,30634.4,Secondary / secondary special,Civil marriage,,-15178,-1541,4,2,137200.0,True,1,0.899,1,True,0
903844,0,Cash loans,F,1,106200.0,303900.0,11737.2,Higher education,Married,Core staff,-9129,-2559,5,2,341300.0,True,4,0.942,1,True,0
903845,0,Cash loans,M,0,193600.0,1069100.0,34321.1,Secondary / secondary special,Married,Sales staff,-23938,-1219,0,0,0.0,False,4,0.852,0,True,0
903846,0,Cash loans,M,1,163000.0,679200.0,17301.6,Secondary / secondary special,Separated,High skill tech staff,-13432,-2065,5,2,76500.0,True,6,0.865,0,True,0
903847,0,Cash loans,M,0,168000.0,842800.0,22440.0,Secondary / secondary special,Married,Drivers,-13146,-298,4,2,564900.0,True,5,0.729,0,True,0
903848,0,Cash loans,M,0,74400.0,160200.0,6254.5,Secondary / secondary special,Married,Laborers,-11017,-2574,2,1,146200.0,True,2,0.41,1,True,0
903849,0,Cash loans,M,0,90300.0,302300.0,15604.5,Higher education,Widow,,-25051,-700,4,2,78300.0,True,6,0.665,0,True,0
903850,1,Cash loans,M,0,53900.0,232300.0,8897.5,Secondary / secondary special,Married,,-24178,-1460,5,0,408700.0,True,4,0.687,2,True,1
903851,0,Cash loans,F,0,186000.0,436200.0,20771.4,Secondary / secondary special,Married,Drivers,-13787,-1761,2,1,230900.0,True,2,0.872,0,True,1
903852,0,Cash loans,F,1,366000.0,1178200.0,49536.1,Secondary / secondary special,Married,Sales staff,-12220,-62,4,1,207200.0,True,3,0.567,0,True,1
903853,0,Cash loans,M,2,153100.0,749400.0,20021.0,Secondary / secondary special,Single / not married,Laborers,-21775,-636,7,3,100700.0,True,3,0.594,0,True,0
903854,0,Revolving loans,M,1,160100.0,731600.0,28772.0,Higher education,Single / not married,Managers,-15069,-4808,6,3,149700.0,True,2,0.808,0,True,1
903855,0,Cash loans,M,0,107300.0,596400.0,53015.4,Secondary / secondary special,Married,,-24620,-1112,7,5,67100.0,True,2,0.856,0,True,1
903856,0,Cash loans,F,0,125600.0,503900.0,16509.6,Higher education,Married,Laborers,-23454,-1788,6,0,118800.0,True,2,0.694,2,True,0
903857,0,Revolving loans,F,3,264800.0,643700.0,34928.1,Secondary / secondary special,Separated,Laborers,-20970,-183,5,1,94400.0,True,1,0.8,1,True,0
903858,0,Cash loans,F,1,146500.0,799100.0,48679.3,Secondary / secondary special,Married,,-9240,-2670,3,0,196100.0,True,4,0.42,0,True,0
903859,0,Cash loans,M,1,192700.0,1123300.0,34044.4,Secondary / secondary special,Civil marriage,Drivers,-19966,-6403,3,2,814400.0,True,4,0.568,1,True,1
903860,0,Cash loans,F,2,268300.0,988700.0,66060.7,Secondary / secondary special,Married,Managers,-24961,-1504,3,0,123600.0,True,3,0.688,0,True,0
903861,0,Cash loans,F,2,242700.0,456300.0,16136.0,Secondary / secondary special,Married,Sales staff,-14205,-63,3,0,355800.0,True,2,0.771,0,True,0
903862,0,Cash loans,F,0,142300.0,375400.0,10876.5,Higher education,Separated,Managers,-23110,-3866,2,0,173700.0,True,2,0.84,0,True,0
903863,0,Cash loans,F,1,147600.0,721000.0,37914.4,Secondary / secondary special,Single / not married,,-14815,-1090,6,3,530000.0,True,1,0.836,0,True,0
903864,0,Cash loans,F,0,115400.0,173200.0,7166.8,Secondary / secondary special,Married,Laborers,-24682,-640,6,1,976500.0,True,1,0.617,0,True,0
903865,0,Cash loans,F,0,179700.0,507900.0,18584.5,Secondary / secondary special,Single / not married,Core staff,-19115,-1554,0,0,0.0,False,4,0.54,0,True,0
903866,0,Cash loans,F,0,113900.0,360000.0,12314.8,Secondary / secondary special,Married,Laborers,-9355,-2785,2,1,22900.0,True,1,0.297,1,True,0
903867,0,Cash loans,F,0,166800.0,842000.0,21502.7,Secondary / secondary special,Married,Managers,-16057,-899,4,1,38100.0,True,2,0.769,0,True,2
903868,0,Cash loans,M,1,235300.0,815700.0,22247.6,Secondary / secondary special,Married,Sales staff,-8536,-459,7,3,443400.0,True,2,0.549,1,True,1
903869,0,Cash loans,F,0,60300.0,233100.0,14326.3,Secondary / secondary special,Married,Laborers,-14586,-4502,3,0,212900.0,True,4,0.828,0,True,0
903870,0,Cash loans,M,0,55300.0,250100.0,9483.1,Higher education,Married,Laborers,-23702,-1490,4,1,51200.0,True,4,0.593,2,True,2
903871,1,Cash loans,F,1,136900.0,688900.0,46751.8,Secondary / secondary special,Married,Managers,-11733,-986,4,3,874200.0,True,2,0.656,0,True,0
903872,0,Cash loans,F,1,195600.0,591000.0,50083.4,Secondary / secondary special,Single / not married,,-24318,-1485,8,0,105700.0,True,3,0.798,0,True,0
903873,0,Cash loans,F,1,161600.0,367400.0,17459.3,Secondary / secondary special,Married,High skill tech staff,-9415,-885,4,0,101100.0,True,4,0.657,0,True,0
903874,1,Cash loans,F,0,76400.0,177200.0,9043.5,Higher education,Married,,-19312,-1327,4,2,108700.0,True,4,0.548,1,True,1
903875,0,Cash loans,F,0,219500.0,487400.0,17976.0,Higher education,Married,,-24583,-3012,0,0,0.0,False,2,0.811,0,True,1
903876,0,Cash loans,F,0,363500.0,732500.0,25053.4,Secondary / secondary special,Widow,High skill tech staff,-19125,-459,2,0,64600.0,True,1,0.885,0,True,0
903877,0,Cash loans,F,0,90700.0,316000.0,14651.4,Secondary / secondary special,Civil marriage,Laborers,-23415,-887,1,0,613700.0,True,3,0.758,1,True,1
903878,1,Cash loans,M,0,97400.0,226400.0,6285.9,Incomplete higher,Separated,Laborers,-25027,-3073,0,0,0.0,False,4,0.584,1,True,1
903879,1,Cash loans,F,0,141800.0,712000.0,20197.2,Secondary / secondary special,Civil marriage,Laborers,-18910,-1020,4,0,673700.0,True,0,0.0,0,False,0
903880,0,Cash loans,F,0,131500.0,197300.0,6236.8,Secondary / secondary special,Single / not married,,-21370,-2931,3,1,348200.0,True,0,0.0,0,False,0
903881,0,Cash loans,M,0,255500.0,1479600.0,72097.1,Higher education,Married,Core staff,-8225,-281,3,1,220900.0,True,3,0.98,0,True,0
903882,0,Revolving loans,F,0,161300.0,251500.0,14566.6,Secondary / secondary special,Civil marriage,Managers,-15151,-1523,0,0,0.0,False,4,0.541,1,True,0
903883,0,Cash loans,F,0,121000.0,358600.0,26598.7,Secondary / secondary special,Single / not married,,-12715,-139,3,2,166300.0,True,3,0.828,0,True,1
903884,0,Cash loans,F,0,104300.0,510400.0,29142.7,Higher education,Married,Drivers,-22104,-1625,5,1,69100.0,True,2,0.807,0,True,0
903885,0,Cash loans,M,0,65200.0,353700.0,9122.3,Incomplete higher,Married,,-19536,-156,0,0,0.0,False,4,0.331,0,True,0
903886,0,Cash loans,F,0,277700.0,525500.0,23324.6,Secondary / secondary special,Married,Drivers,-18429,-1102,4,4,138600.0,True,5,0.517,1,True,0
903887,0,Cash loans,M,1,191600.0,978100.0,43526.9,Secondary / secondary special,Married,Managers,-23985,-2385,0,0,0.0,False,3,0.676,0,True,0
903888,0,Cash loans,F,0,133800.0,653200.0,27080.2,Secondary / secondary special,Widow,Security staff,-9221,-1546,6,1,578800.0,True,8,0.897,0,True,1
903889,0,Cash loans,F,0,147800.0,527600.0,17921.2,Higher education,Married,High skill tech staff,-24376,-2270,0,0,0.0,False,5,0.68,2,True,0
903890,1,Cash loans,M,1,132700.0,573400.0,15250.0,Higher education,Married,High skill tech staff,-9430,-1236,6,1,446500.0,True,3,0.709,0,True,2
903891,0,Cash loans,F,0,57900.0,182500.0,13595.0,Higher education,Married,Cleaning staff,-13744,-140,7,1,258000.0,True,1,0.887,0,True,0
903892,0,Cash loans,M,0,68800.0,199700.0,5770.3,Secondary / secondary special,Married,High skill tech staff,-18707,-5906,2,1,260600.0,True,0,0.0,0,False,1
903893,0,Cash loans,M,0,126400.0,208400.0,8880.1,Secondary / secondary special,Single / not married,Drivers,-13647,-104,4,1,74800.0,True,2,0.297,0,True,0
903894,0,Cash loans,F,1,125300.0,191800.0,10514.4,Secondary / secondary special,Married,,-19623,-1508,5,0,198300.0,True,3,0.522,2,True,1
903895,1,Cash loans,F,1,139200.0,538400.0,20459.3,Secondary / secondary special,Married,Drivers,-21250,-3568,0,0,0.0,False,2,0.753,0,True,2
903896,0,Cash loans,F,2,327100.0,507700.0,19369.3,Secondary / secondary special,Separated,Core staff,-22180,-370,3,1,224800.0,True,1,0.714,0,True,1
903897,0,Revolving loans,F,1,121300.0,249000.0,17783.9,Secondary / secondary special,Married,Cleaning staff,-10807,-4237,3,1,202500.0,True,4,0.724,1,True,0
903898,0,Cash loans,F,1,95600.0,184900.0,14322.2,Secondary / secondary special,Married,Managers,-10854,-669,4,2,189200.0,True,1,0.709,1,True,1
903899,0,Cash loans,F,0,143800.0,625400.0,21710.5,Secondary / secondary special,Married,,-8581,-120,3,1,1480500.0,True,0,0.0,0,False,0
903900,0,Cash loans,M,1,69600.0,313900.0,9790.6,Higher education,Married,,-16264,-15,2,0,174200.0,True,5,0.912,1,True,0
903901,0,Cash loans,M,1,151300.0,740500.0,26032.9,Secondary / secondary special,Married,,-10074,-295,5,3,339800.0,True,3,0.934,0,True,1
903902,0,Cash loans,M,0,97400.0,572600.0,27813.2,Higher education,Married,Laborers,-13246,-3351,4,1,155300.0,True,2,0.859,0,True,2
903903,0,Revolving loans,F,1,156700.0,926000.0,34713.3,Secondary / secondary special,Married,Core staff,-22389,-1326,4,0,218400.0,True,0,0.0,0,False,0
903904,0,Cash loans,F,0,127900.0,311300.0,8370.4,Secondary / secondary special,Civil marriage,,-24285,-1557,2,1,59300.0,True,3,0.497,0,True,0
903905,0,Cash loans,F,0,130400.0,402000.0,10658.5,Secondary / secondary special,Married,,-22067,-1265,4,3,80200.0,True,0,0.0,0,False,0
903906,0,Cash loans,F,0,191500.0,771100.0,45442.6,Higher education,Married,,-7676,-1106,5,2,89200.0,True,2,0.607,0,True,0
903907,0,Cash loans,F,0,202100.0,343300.0,26711.1,Secondary / secondary special,Single / not married,Drivers,-17616,-322,4,3,32900.0,True,4,0.862,2,True,0
903908,0,Cash loans,F,0,386900.0,915400.0,30928.1,Higher education,Married,Laborers,-10584,-454,0,0,0.0,False,1,0.433,0,True,0
903909,0,Cash loans,F,0,198100.0,1058100.0,69465.8,Secondary / secondary special,Widow,,-14248,-3631,5,0,57400.0,True,2,0.911,0,True,0
903910,0,Revolving loans,F,0,123900.0,413400.0,12147.4,Secondary / secondary special,Married,Sales staff,-15162,-552,5,1,47000.0,True,4,0.741,1,True,0
903911,0,Cash loans,F,0,102000.0,375400.0,20374.7,Higher education,Married,,-24185,-378,7,3,1639900.0,True,0,0.0,0,False,1
903912,0,Cash loans,F,2,166500.0,801600.0,55228.2,Secondary / secondary special,Widow,Core staff,-18768,-3424,6,3,547600.0,True,3,0.906,1,True,0
903913,0,Cash loans,F,1,290700.0,1494000.0,43326.1,Secondary / secondary special,Married,High skill tech staff,-12354,-2686,0,0,0.0,False,6,0.891,3,True,1
903914,0,Cash loans,M,0,214800.0,1158200.0,71250.8,Secondary / secondary special,Single / not married,,-18926,-3366,2,0,144600.0,True,3,0.382,1,True,0
903915,0,Cash loans,F,0,98100.0,542200.0,52819.4,Secondary / secondary special,Married,High skill tech staff,-24341,-170,4,2,112500.0,True,0,0.0,0,False,0
903916,0,Cash loans,F,1,175600.0,496100.0,14316.3,Higher education,Married,Core staff,-8701,-254,3,2,243900.0,True,0,0.0,0,False,1
903917,0,Cash loans,M,0,156400.0,691400.0,53954.5,Academic degree,Widow,,-21961,-1912,4,0,241200.0,True,4,0.693,0,True,0
903918,0,Cash loans,F,2,236600.0,473300.0,20949.8,Higher education,Widow,,-11465,-1410,6,1,109400.0,True,1,0.706,0,True,0
903919,0,Cash loans,F,1,162800.0,954000.0,43612.8,Higher education,Widow,,-10347,-956,5,2,69300.0,True,0,0.0,0,False,0
903920,0,Cash loans,F,0,159800.0,432200.0,30245.6,Secondary / secondary special,Civil marriage,,-23413,-2266,2,1,308100.0,True,1,0.713,0,True,1
903921,0,Cash loans,F,1,77600.0,252700.0,22857.6,Higher education,Married,Laborers,-7697,-1127,5,2,28100.0,True,4,0.916,1,True,1
903922,0,Cash loans,F,0,208000.0,1183100.0,94340.9,Secondary / secondary special,Married,Medicine staff,-20648,-2281,0,0,0.0,False,1,0.875,0,True,0
903923,0,Cash loans,F,1,69800.0,302600.0,13257.1,Secondary / secondary special,Married,,-9193,-2623,2,2,115300.0,True,4,0.72,2,True,0
903924,0,Revolving loans,M,0,146400.0,409500.0,10577.9,Secondary / secondary special,Civil marriage,Security staff,-18492,-618,0,0,0.0,False,3,0.519,0,True,0
903925,0,Cash loans,F,0,106300.0,200700.0,6321.6,Secondary / secondary special,Single / not married,Sales staff,-18543,-462,5,0,522100.0,True,2,0.623,0,True,0
903926,0,Cash loans,F,2,103200.0,381800.0,12142.3,Secondary / secondary special,Single / not married,Sales staff,-22780,-335,4,2,301200.0,True,4,0.862,1,True,0
903927,0,Revolving loans,M,0,187300.0,778800.0,25881.2,Incomplete higher,Married,Core staff,-22077,-3223,6,3,44400.0,True,3,0.643,0,True,0
903928,0,Cash loans,F,1,139800.0,630200.0,19054.5,Higher education,Married,Drivers,-19669,-4907,6,2,30600.0,True,4,0.796,0,True,1
903929,0,Cash loans,M,0,42300.0,94800.0,3662.6,Higher education,Civil marriage,Cleaning staff,-14332,-2300,4,2,28100.0,True,2,0.907,0,True,1
903930,0,Cash loans,M,0,126800.0,593000.0,14986.8,Higher education,Widow,,-10580,-129,0,0,0.0,False,1,0.677,0,True,0
903931,0,Cash loans,M,0,115300.0,361100.0,12790.5,Higher education,Married,Laborers,-18802,-535,3,1,31000.0,True,6,0.609,1,True,2
903932,0,Cash loans,F,0,262500.0,1508900.0,52163.9,Secondary / secondary special,Married,,-16371,-53,4,1,147400.0,True,2,0.523,0,True,0
903933,0,Cash loans,F,1,75200.0,333900.0,31396.0,Secondary / secondary special,Separated,,-9030,-2460,5,2,57700.0,True,3,0.712,2,True,2
903934,0,Revolving loans,M,1,365100.0,2056000.0,62991.1,Higher education,Single / not married,,-24406,-864,3,0,82100.0,True,5,0.606,1,True,0
903935,0,Cash loans,F,0,214900.0,351500.0,17000.1,Secondary / secondary special,Single / not married,Managers,-13173,-220,4,2,151900.0,True,4,0.765,0,True,0
903936,0,Cash loans,F,1,121800.0,677800.0,20407.5,Higher education,Separated,,-7702,-1132,5,0,235100.0,True,6,0.905,1,True,0
903937,0,Cash loans,F,0,113500.0,618600.0,17462.7,Secondary / secondary special,Single / not married,High skill tech staff,-23462,-556,6,2,63300.0,True,4,0.844,2,True,0
903938,0,Cash loans,F,0,101700.0,386300.0,36208.7,Secondary / secondary special,Married,Drivers,-17774,-6155,8,3,95000.0,True,3,0.615,0,True,0
903939,0,Cash loans,M,1,164200.0,967800.0,44924.9,Secondary / secondary special,Single / not married,Laborers,-20508,-2123,5,2,224000.0,True,6,0.805,2,True,0
903940,0,Revolving loans,M,0,94400.0,459900.0,12380.1,Secondary / secondary special,Married,Laborers,-10339,-2379,6,2,132400.0,True,4,0.738,0,True,0
903941,0,Cash loans,F,1,132000.0,789100.0,57022.6,Higher education,Married,Core staff,-14753,-1660,4,2,128100.0,True,2,0.725,0,True,0
903942,0,Cash loans,F,0,81300.0,398700.0,12332.5,Secondary / secondary special,Married,,-18966,-337,3,2,320800.0,True,2,0.747,0,True,1
903943,0,Cash loans,F,0,199900.0,1123100.0,57020.0,Secondary / secondary special,Single / not married,Laborers,-12061,-171,2,1,56400.0,True,4,0.196,0,True,0
903944,0,Cash loans,F,1,152400.0,363800.0,14390.4,Higher education,Married,,-19955,-1086,5,2,376400.0,True,1,0.849,0,True,0
903945,0,Cash loans,F,0,110800.0,264400.0,7125.0,Secondary / secondary special,Separated,,-11757,-5187,7,1,1863800.0,True,5,0.611,0,True,0
903946,0,Cash loans,M,1,124100.0,469700.0,16202.9,Higher education,Married,Sales staff,-11328,-22,0,0,0.0,False,3,0.882,0,True,1
903947,0,Cash loans,F,0,99000.0,473400.0,20573.0,Higher education,Married,,-7868,-1298,3,2,92200.0,True,0,0.0,0,False,0
903948,0,Cash loans,M,0,163700.0,440800.0,14259.5,Higher education,Married,Laborers,-12604,-1944,4,1,30700.0,True,1,0.883,0,True,0
903949,0,Cash loans,F,0,74700.0,252200.0,15113.8,Secondary / secondary special,Married,Managers,-11987,-592,0,0,0.0,False,5,0.511,1,True,2
903950,0,Cash loans,F,0,219800.0,500200.0,48241.6,Higher education,Married,Core staff,-21056,-2493,3,1,224400.0,True,0,0.0,0,False,0
903951,0,Cash loans,M,0,152700.0,865000.0,30288.9,Incomplete higher,Single / not married,Laborers,-17646,-685,5,4,132300.0,True,6,0.808,2,True,0
903952,0,Revolving loans,F,1,111900.0,542700.0,15145.0,Secondary / secondary special,Married,,-10780,-208,0,0,0.0,False,3,0.326,2,True,0
903953,1,Revolving loans,F,1,187800.0,314100.0,10136.4,Higher education,Married,,-17618,-1042,0,0,0.0,False,2,0.786,1,True,0
903954,0,Cash loans,F,0,170000.0,272200.0,10640.1,Secondary / secondary special,Civil marriage,Laborers,-11614,-584,4,2,87000.0,True,3,0.934,0,True,2
903955,0,Cash loans,F,0,83000.0,495700.0,34664.9,Academic degree,Single / not married,Laborers,-15119,-6333,3,1,141000.0,True,5,0.78,2,True,0
903956,0,Cash loans,F,0,269200.0,883600.0,70418.6,Secondary / secondary special,Single / not married,Drivers,-23226,-661,4,1,61700.0,True,2,0.914,1,True,0
903957,0,Cash loans,M,0,40200.0,169300.0,9202.9,Secondary / secondary special,Single / not married,,-20266,-696,0,0,0.0,False,2,0.469,1,True,0
903958,0,Cash loans,F,0,241400.0,1391700.0,35779.2,Secondary / secondary special,Single / not married,High skill tech staff,-19072,-821,0,0,0.0,False,5,0.84,0,True,1
903959,0,Cash loans,F,1,129000.0,748300.0,31365.6,Incomplete higher,Married,,-12596,-2111,1,0,698200.0,True,4,0.739,1,True,1
903960,0,Cash loans,F,0,229700.0,443700.0,12996.3,Secondary / secondary special,Married,Laborers,-9847,-1843,6,3,64400.0,True,0,0.0,0,False,0
903961,0,Cash loans,M,1,287700.0,1254200.0,120738.1,Secondary / secondary special,Married,Accountants,-20856,-4754,5,2,336200.0,True,2,0.94,0,True,1
903962,0,Cash loans,F,1,113100.0,674900.0,27915.4,Secondary / secondary special,Married,High skill tech staff,-17614,-2643,2,1,380900.0,True,2,0.876,0,True,3
903963,0,Cash loans,M,0,115700.0,267100.0,15345.2,Higher education,Married,Sales staff,-18575,-178,3,1,113900.0,True,3,0.514,1,True,0
903964,0,Cash loans,F,0,163900.0,734700.0,19042.4,Secondary / secondary special,Separated,,-24748,-5566,5,3,72000.0,True,1,0.935,0,True,0
903965,0,Cash loans,M,0,79400.0,395700.0,24792.9,Secondary / secondary special,Married,Core staff,-13767,-155,2,0,652400.0,True,3,0.691,0,True,0
903966,0,Cash loans,M,1,118600.0,218200.0,18988.0,Secondary / secondary special,Married,Drivers,-21694,-341,4,1,35900.0,True,3,0.599,0,True,1
903967,0,Cash loans,M,1,113700.0,368600.0,24804.1,Higher education,Civil marriage,,-17457,-322,3,0,61300.0,True,2,0.842,0,True,0
903968,0,Cash loans,M,1,77400.0,187600.0,15775.2,Secondary / secondary special,Married,,-11786,-4051,1,1,46100.0,True,1,0.837,0,True,2
903969,0,Cash loans,F,1,110700.0,194300.0,9983.8,Higher education,Married,Sales staff,-8591,-2021,5,1,71300.0,True,4,0.9,0,True,0
903970,0,Cash loans,F,0,204000.0,397200.0,9962.0,Secondary / secondary special,Married,Managers,-18457,-3078,2,1,115700.0,True,4,0.45,0,True,0
903971,0,Cash loans,F,0,196800.0,597900.0,15769.0,Secondary / secondary special,Civil marriage,Sales staff,-12879,-6309,0,0,0.0,False,3,0.85,0,True,0
903972,0,Cash loans,F,0,128100.0,526000.0,19367.8,Secondary / secondary special,Married,,-19849,-286,3,2,94400.0,True,2,0.911,1,True,1
903973,0,Revolving loans,F,1,144400.0,836300.0,23941.6,Secondary / secondary special,Married,Accountants,-19941,-27,4,2,1516800.0,True,1,0.708,0,True,0
903974,0,Cash loans,M,0,120200.0,686400.0,31203.6,Secondary / secondary special,Single / not married,Accountants,-15644,-191,4,2,403900.0,True,4,0.887,0,True,0
903975,0,Cash loans,F,2,58000.0,314700.0,8567.8,Secondary / secondary special,Married,Core staff,-17062,-532,4,3,86200.0,True,1,0.864,0,True,0
903976,0,Cash loans,M,0,84200.0,418600.0,25675.3,Higher education,Married,,-18642,-2169,4,4,87200.0,True,2,0.955,0,True,0
903977,1,Cash loans,M,0,226100.0,380600.0,17225.5,Higher education,Married,,-15874,-2418,3,0,186100.0,True,2,0.671,0,True,1
903978,0,Revolving loans,F,2,254700.0,847000.0,62195.5,Secondary / secondary special,Married,Core staff,-23036,-35,4,2,163100.0,True,0,0.0,0,False,1
903979,0,Cash loans,F,1,91100.0,456100.0,11971.8,Secondary / secondary special,Married,Drivers,-8995,-2425,5,2,41700.0,True,0,0.0,0,False,1
903980,0,Cash loans,F,1,245000.0,1434200.0,71192.6,Higher education,Married,Laborers,-24831,-2814,3,0,67200.0,True,5,0.698,1,True,0
903981,0,Cash loans,F,1,76800.0,275000.0,15823.1,Incomplete higher,Married,,-8251,-613,5,2,27400.0,True,6,0.854,3,True,0
903982,0,Cash loans,F,0,108100.0,503300.0,30219.1,Secondary / secondary special,Civil marriage,Medicine staff,-11310,-4740,4,2,1038000.0,True,2,0.485,0,True,0
903983,0,Cash loans,F,0,131900.0,788600.0,32562.2,Secondary / secondary special,Married,Laborers,-20074,-3377,1,1,174900.0,True,0,0.0,0,False,0
903984,0,Cash loans,M,2,122100.0,525500.0,20917.8,Secondary / secondary special,Married,Security staff,-9153,-698,5,3,106500.0,True,0,0.0,0,False,0
903985,0,Cash loans,F,1,99000.0,495400.0,16413.1,Secondary / secondary special,Married,Sales staff,-12258,-147,7,0,71800.0,True,4,0.635,1,True,0
903986,0,Cash loans,F,0,149200.0,872600.0,25459.0,Secondary / secondary special,Single / not married,Core staff,-10362,-1155,2,1,81200.0,True,6,0.618,0,True,0
903987,0,Cash loans,F,1,206400.0,969100.0,31180.3,Secondary / secondary special,Married,,-20341,-1694,4,3,29900.0,True,0,0.0,0,False,0
903988,0,Cash loans,F,2,67700.0,141700.0,5719.0,Secondary / secondary special,Civil marriage,,-17807,-269,6,3,179500.0,True,0,0.0,0,False,2
903989,0,Cash loans,F,0,149100.0,880600.0,33777.6,Higher education,Married,Low-skill Laborers,-8794,-1077,0,0,0.0,False,4,0.657,1,True,0
903990,0,Cash loans,M,1,226800.0,1160700.0,29563.6,Secondary / secondary special,Married,Managers,-15726,-3826,0,0,0.0,False,4,0.558,2,True,1
903991,0,Cash loans,F,0,113900.0,306500.0,13091.3,Secondary / secondary special,Married,Laborers,-11317,-1546,0,0,0.0,False,2,0.89,0,True,0
903992,0,Cash loans,F,0,106500.0,632900.0,32217.2,Secondary / secondary special,Separated,Sales staff,-24619,-3618,1,1,341700.0,True,0,0.0,0,False,0
903993,0,Revolving loans,M,0,91500.0,170000.0,5788.4,Secondary / secondary special,Married,,-9555,-802,3,1,541000.0,True,2,0.304,0,True,0
903994,0,Cash loans,F,0,380600.0,2180600.0,72244.5,Secondary / secondary special,Married,Drivers,-18142,-3901,3,1,126400.0,True,2,0.714,0,True,1
903995,0,Revolving loans,F,0,295400.0,1561200.0,40952.9,Lower secondary,Married,,-16106,-797,5,2,34300.0,True,4,0.904,0,True,2
903996,0,Cash loans,M,1,120800.0,330700.0,16080.1,Secondary / secondary special,Married,Laborers,-17793,-3730,5,3,353000.0,True,4,0.574,0,True,1
903997,1,Revolving loans,M,0,252600.0,1356900.0,53652.7,Secondary / secondary special,Married,Laborers,-24422,-1856,4,1,68400.0,True,2,0.827,0,True,0
903998,0,Cash loans,F,0,107600.0,190700.0,6637.8,Secondary / secondary special,Married,Core staff,-13644,-217,7,3,135900.0,True,2,0.886,0,True,0
903999,0,Cash loans,F,1,129500.0,749200.0,23964.3,Secondary / secondary special,Single / not married,Laborers,-20783,-939,4,2,49300.0,True,3,0.805,1,True,0
904000,0,Cash loans,M,0,82400.0,347900.0,31058.0,Secondary / secondary special,Separated,Cleaning staff,-15504,-3254,6,2,533500.0,True,0,0.0,0,False,0
